"Nombre restaurante","Rating","Cantidad reviews","Dirección","Teléfono","Sitio web","Categoría","Google Maps URL","Latitud","Longitud","Comuna","Región","País","Fuente","Fecha extracción","Calidad dato","Es restaurante válido","Instagram URL","Instagram Usuario","Facebook URL","TikTok URL","Tiene Redes","Calidad Redes","Está en Uber Eats","URL Uber Eats","Confianza Uber Eats","Está en PedidosYa","URL PedidosYa","Confianza PedidosYa","Está en Rappi","URL Rappi","Confianza Rappi","Observaciones","Nombre normalizado","Posible cadena/franquicia","Grupo cadena/franquicia","Posible duplicado entre comunas","Grupo duplicado","Tipo negocio","Score comercial","Nivel comercial"
"LA NOSTRA CASA","4.8","256","Av. Las Condes 6901, 7560846 Las Condes, Región Metropolitana","","https://www.instagram.com/lanostracasa.trattoria","Restaurante italiano","https://www.google.com/maps/place/LA+NOSTRA+CASA/data=!4m7!3m6!1s0x9662cf262070b505:0x8ccb48b41941f271!8m2!3d-33.4062332!4d-70.5595921!16s%2Fg%2F11yp4kxwld!19sChIJBbVwICbPYpYRcfJBGbRIy4w?authuser=0&hl=es-419&rclk=1","-33.4062332","-70.5595921","Las Condes","Metropolitana","Chile","Google Maps web scraping con Playwright","2026-05-22","Sin teléfono","Sí","","","","","","","","","","","","","","","","Sin teléfono visible","la nostra casa","No","","No","","Restaurante","67","Medio potencial"
"Diablo Vino y Fuego Restaurante","4.7","69","Mercado Urbano Tobalaba (MUT - Av. Apoquindo 2730, 5to Piso, 7550179 Las Condes, Región Metropolitana","9 5006 3696","https://diablorestaurant.com/","Restaurante","https://www.google.com/maps/place/Diablo+Vino+y+Fuego+Restaurante/@-33.4176518,-70.6013263,17z/data=!3m1!4b1!4m6!3m5!1s0x9662cf000e465ddb:0x6db641c2529150bd!8m2!3d-33.4176518!4d-70.6013263!16s%2Fg%2F11ybgm1n6y?authuser=0&hl=es-419&entry=ttu&g_ep=EgoyMDI2MDUyMC4wIKXMDSoASAFQAw%3D%3D","-33.4176518","-70.6013263","Las Condes","Metropolitana","Chile","Google Maps web scraping con Playwright","2026-05-22","Completo","Sí","","","","","","","","","","","","","","","","","diablo vino y fuego","No","","No","","Restaurante","79","Alto potencial"
"La Cabrera Chile Isidora","4.7","90","Isidora Goyenechea 3275, 7550129 Las Condes, Región Metropolitana","9 3452 4440","https://lacabrerachile.cl/","Restaurante","https://www.google.com/maps/place/La+Cabrera+Chile+Isidora/@-33.4146907,-70.5966256,17z/data=!3m1!4b1!4m6!3m5!1s0x9662cf1a85a95ee5:0x1afc90f8f5200406!8m2!3d-33.4146907!4d-70.5966256!16s%2Fg%2F11pzx6mqls?authuser=0&hl=es-419&entry=ttu&g_ep=EgoyMDI2MDUyMC4wIKXMDSoASAFQAw%3D%3D","-33.4146907","-70.5966256","Las Condes","Metropolitana","Chile","Google Maps web scraping con Playwright","2026-05-22","Completo","Sí","","","","","","","","","","","","","","","","","la cabrera isidora","Sí","la cabrera","No","","Restaurante","80","Alto potencial"
"Kató Tasty Caos","4.8","696","Isidora Goyenechea 3275, local 2, 7550129 Las Condes, Región Metropolitana","9 7663 1330","https://katotastycaos.cl/","Restaurante de cocina panasiática","https://www.google.com/maps/place/Kat%C3%B3+Tasty+Caos/data=!4m7!3m6!1s0x9662cf43fd970a8b:0xc8f06bea80827d12!8m2!3d-33.4146907!4d-70.5966256!16s%2Fg%2F11mkhstszp!19sChIJiwqX_UPPYpYREn2CgOpr8Mg?authuser=0&hl=es-419&rclk=1","-33.4146907","-70.5966256","Las Condes","Metropolitana","Chile","Google Maps web scraping con Playwright","2026-05-22","Completo","Sí","","","","","","","","","","","","","","","","","kato tasty caos","No","","No","","Restaurante","88","Alto potencial"
"Hijo del Sol Las condes","4.6","309","Isidora Goyenechea 3215, 7550083 Las Condes, Región Metropolitana","9 9770 2222","https://www.instagram.com/hijodelsol.santiago/","Restaurante peruano","https://www.google.com/maps/place/Hijo+del+Sol+Las+condes/data=!4m7!3m6!1s0x9662cf00105e07af:0x8803bd86a3a14b42!8m2!3d-33.4146584!4d-70.5968579!16s%2Fg%2F11vxm2gzdv!19sChIJrwdeEADPYpYRQkuho4a9A4g?authuser=0&hl=es-419&rclk=1","-33.4146584","-70.5968579","Las Condes","Metropolitana","Chile","Google Maps web scraping con Playwright","2026-05-22","Completo","Sí","","","","","","","","","","","","","","","","","hijo del sol","No","","No","","Restaurante","84","Alto potencial"
"Raffaella Cucina Napoletana","4.8","939","Ntra. Sra. del Rosario 21, 7560763 Las Condes, Región Metropolitana","9 4018 6723","http://www.raffaellacucina.cl/","Restaurante italiano","https://www.google.com/maps/place/Raffaella+Cucina+Napoletana/@-33.4063143,-70.5612246,17z/data=!3m1!4b1!4m6!3m5!1s0x9662cff574ae6adb:0x32b078a303f2f8ec!8m2!3d-33.4063143!4d-70.5612246!16s%2Fg%2F11s1v1pqdl?authuser=0&hl=es-419&entry=ttu&g_ep=EgoyMDI2MDUyMC4wIKXMDSoASAFQAw%3D%3D","-33.4063143","-70.5612246","Las Condes","Metropolitana","Chile","Google Maps web scraping con Playwright","2026-05-22","Completo","Sí","","","","","","","","","","","","","","","","","raffaella cucina napoletana","No","","No","","Restaurante","90","Alto potencial"
"Lumiére Bistró Restaurante","4.6","78","Puerta del Sol 19, 7580067 Las Condes, Región Metropolitana","9 5451 7148","http://lumierebistro.cl/","Restaurante","https://www.google.com/maps/place/Lumi%C3%A9re+Bistr%C3%B3+Restaurante/data=!4m7!3m6!1s0x9662cf95117ec80d:0xc51680b1d08a9f02!8m2!3d-33.4124303!4d-70.5787114!16s%2Fg%2F11x318xkp_!19sChIJDch-EZXPYpYRAp-K0LGAFsU?authuser=0&hl=es-419&rclk=1","-33.4124303","-70.5787114","Las Condes","Metropolitana","Chile","Google Maps web scraping con Playwright","2026-05-22","Completo","Sí","","","","","","","","","","","","","","","","","lumiere bistro","No","","No","","Restaurante","79","Alto potencial"
"Restoran Pinpilinpausha","4.6","80","Isidora Goyenechea 2900, 7550033 Las Condes, Región Metropolitana","(2) 3275 4303","http://www.pinpilinpausha.cl/","Restaurante de cocina española","https://www.google.com/maps/place/Restoran+Pinpilinpausha/data=!4m7!3m6!1s0x9662cf41a61d994b:0xf33a25474c22bc39!8m2!3d-33.4137939!4d-70.6017388!16s%2Fg%2F1tg7t6hy!19sChIJS5kdpkHPYpYRObwiTEclOvM?authuser=0&hl=es-419&rclk=1","-33.4137939","-70.6017388","Las Condes","Metropolitana","Chile","Google Maps web scraping con Playwright","2026-05-22","Completo","Sí","","","","","","","","","","","","","","","","","pinpilinpausha","No","","No","","Restaurante","79","Alto potencial"
"UDON Alto Las Condes","4.8","253","Av. Pdte. Kennedy 9001, 7591567 Las Condes, Región Metropolitana","","https://www.udon.cl/restaurante/alto-las-condes/","Restaurante asiático","https://www.google.com/maps/place/UDON+Alto+Las+Condes/data=!4m7!3m6!1s0x9662cf001f20f919:0x1f51acb385c12dc0!8m2!3d-33.3908304!4d-70.5472432!16s%2Fg%2F11myt8k__d!19sChIJGfkgHwDPYpYRwC3BhbOsUR8?authuser=0&hl=es-419&rclk=1","-33.3908304","-70.5472432","Las Condes","Metropolitana","Chile","Google Maps web scraping con Playwright","2026-05-22","Sin teléfono","Sí","","","","","","","","","","","","","","","","Sin teléfono visible","udon alto","No","","No","","Restaurante","67","Medio potencial"
"Chilmex","4.8","54","Gral. Carol Urzúa 7065, 7560796 Las Condes, Región Metropolitana","(2) 2886 0775","http://chilmex.cl/","Restaurante","https://www.google.com/maps/place/Chilmex/data=!4m7!3m6!1s0x9662cf8fc31ea7a5:0x64a78c382180dc11!8m2!3d-33.4054821!4d-70.5572147!16s%2Fg%2F11fkblc7fj!19sChIJpacew4_PYpYREdyAITiMp2Q?authuser=0&hl=es-419&rclk=1","-33.4054821","-70.5572147","Las Condes","Metropolitana","Chile","Google Maps web scraping con Playwright","2026-05-22","Completo","Sí","","","","","","","","","","","","","","","","","chilmex","No","","No","","Restaurante","79","Alto potencial"
"La Fattoria","4.2","161","Av. Apoquindo 5680, 7560943 Las Condes, Región Metropolitana","(2) 2377 6000","https://fattoriarestaurant.simplybook.me/","Restaurante","https://www.google.com/maps/place/La+Fattoria/data=!4m7!3m6!1s0x9662cede5273ffff:0x97ad4366a3600d8d!8m2!3d-33.409551!4d-70.571085!16s%2Fg%2F11hdy27qz2!19sChIJ__9zUt7OYpYRjQ1go2ZDrZc?authuser=0&hl=es-419&rclk=1","-33.409551","-70.571085","Las Condes","Metropolitana","Chile","Google Maps web scraping con Playwright","2026-05-22","Completo","Sí","","","","","","","","","","","","","","","","","la fattoria","No","","No","","Restaurante","79","Alto potencial"
"Piano Gourmet Restaurante y Café","4.8","143","Av. Padre Hurtado Nte 77, 7591575 Las Condes, Región Metropolitana","9 9128 7273","http://www.pianogourmet.cl/","Cafetería","https://www.google.com/maps/place/Piano+Gourmet+Restaurante+y+Caf%C3%A9/@-33.393639,-70.545679,17z/data=!3m1!4b1!4m6!3m5!1s0x9662cfc9db72f817:0x449f3256a68a0e89!8m2!3d-33.393639!4d-70.545679!16s%2Fg%2F11whmx2ln1?authuser=0&hl=es-419&entry=ttu&g_ep=EgoyMDI2MDUyMC4wIKXMDSoASAFQAw%3D%3D","-33.393639","-70.545679","Las Condes","Metropolitana","Chile","Google Maps web scraping con Playwright","2026-05-22","Completo","No","","","","","","","","","","","","","","","","Revisar: parece cafeteria; Revisar: parece cafe","piano gourmet y cafe","No","","No","","Cafetería","78","Bajo potencial"
"Toni Lautaro","4.6","67","Avenida Apoquindo 2730, MUT 4to piso, Las Condes, Región Metropolitana","9 7963 7286","","Restaurante","https://www.google.com/maps/place/Toni+Lautaro/data=!4m7!3m6!1s0x9662cf59110ee7d5:0xd5f5da5ab1f5418f!8m2!3d-33.4176518!4d-70.6013263!16s%2Fg%2F11w3b3g_7j!19sChIJ1ecOEVnPYpYRj0H1sVra9dU?authuser=0&hl=es-419&rclk=1","-33.4176518","-70.6013263","Las Condes","Metropolitana","Chile","Google Maps web scraping con Playwright","2026-05-22","Parcial","Sí","","","","","","","","","","","","","","","","","toni lautaro","No","","No","","Restaurante","64","Medio potencial"
"Bali Hai Chile","4.3","14","Av. Cristóbal Colón 5146, 7580214 Las Condes, Región Metropolitana","(2) 3375 9696","https://www.balihai.cl/","Restaurante polinesio","https://www.google.com/maps/place/Bali+Hai+Chile/data=!4m7!3m6!1s0x9662cee3b7afead9:0x5b5b5dfaec2585db!8m2!3d-33.4184462!4d-70.5716536!16s%2Fg%2F1hjgt49yn!19sChIJ2eqvt-POYpYR24Ul7PpdW1s?authuser=0&hl=es-419&rclk=1","-33.4184462","-70.5716536","Las Condes","Metropolitana","Chile","Google Maps web scraping con Playwright","2026-05-22","Completo","Sí","","","","","","","","","","","","","","","","","bali hai","No","","No","","Restaurante","70","Medio potencial"
"Almuerzo las condes","4.8","84","García Pica 6784, 7560260 Las Condes, Región Metropolitana","9 6231 8141","","Restaurante","https://www.google.com/maps/place/Almuerzo+las+condes/data=!4m7!3m6!1s0x9662cfcfd3976653:0x8e38586ff678a61e!8m2!3d-33.3995587!4d-70.5622255!16s%2Fg%2F11h01flnvq!19sChIJU2aX08_PYpYRHqZ49m9YOI4?authuser=0&hl=es-419&rclk=1","-33.3995587","-70.5622255","Las Condes","Metropolitana","Chile","Google Maps web scraping con Playwright","2026-05-22","Parcial","Sí","","","","","","","","","","","","","","","","","almuerzo","No","","No","","Restaurante","66","Medio potencial"
"Trattoria Rita Parque Arauco","4.6","27","Av. Pdte. Kennedy 5413, Local 369, 7550000 Las Condes, Región Metropolitana","(2) 2656 7014","http://www.rita.cl/","Restaurante italiano","https://www.google.com/maps/place/Trattoria+Rita+Parque+Arauco/data=!4m7!3m6!1s0x9662cf385855f3b5:0x725ed6a2b990a40a!8m2!3d-33.4020735!4d-70.5786617!16s%2Fg%2F11mhj__345!19sChIJtfNVWDjPYpYRCqSQuaLWXnI?authuser=0&hl=es-419&rclk=1","-33.4020735","-70.5786617","Las Condes","Metropolitana","Chile","Google Maps web scraping con Playwright","2026-05-22","Completo","Sí","","","","","","","","","","","","","","","","","trattoria rita parque arauco","No","","No","","Restaurante","75","Medio potencial"
"Restorant el Castillo","4.5","509","Av. Apoquindo 7092, 7571726 Las Condes, Región Metropolitana","9 5036 3284","https://instagram.com/el.castillo.restaurante?igshid=YWJhMjlhZTc=","Restaurante","https://www.google.com/maps/place/Restorant+el+Castillo/data=!4m7!3m6!1s0x9662cec1f1885d91:0xa5a6f52ad52d8dab!8m2!3d-33.407713!4d-70.5556445!16s%2Fg%2F1tv25bnz!19sChIJkV2I8cHOYpYRq40t1Sr1pqU?authuser=0&hl=es-419&rclk=1","-33.407713","-70.5556445","Las Condes","Metropolitana","Chile","Google Maps web scraping con Playwright","2026-05-22","Completo","Sí","","","","","","","","","","","","","","","","","el castillo","No","","No","","Restaurante","85","Alto potencial"
"Koychi Korean Street Food","4.8","46","Av. Pdte. Kennedy 5413, 7550000 Las Condes, Región Metropolitana","9 9393 3419","https://www.koychi.cl/","Restaurante coreano","https://www.google.com/maps/place/Koychi+Korean+Street+Food/data=!4m7!3m6!1s0x9662cfaa23f923f3:0xaaf956e9dce8757a!8m2!3d-33.402211!4d-70.5769511!16s%2Fg%2F11vkggpt__!19sChIJ8yP5I6rPYpYRenXo3OlW-ao?authuser=0&hl=es-419&rclk=1","-33.402211","-70.5769511","Las Condes","Metropolitana","Chile","Google Maps web scraping con Playwright","2026-05-22","Completo","Sí","","","","","","","","","","","","","","","","","koychi korean street food","No","","No","","Restaurante","78","Alto potencial"
"Don Carlos","4.5","68","Isidora Goyenechea 2895, 7550101 Las Condes, Región Metropolitana","9 4850 0864","https://www.doncarloscarneyvino.cl/","Restaurante","https://www.google.com/maps/place/Don+Carlos/data=!4m7!3m6!1s0x9662cf41a61379ad:0xeb84305be2c0d72e!8m2!3d-33.414149!4d-70.601774!16s%2Fg%2F1tdw027v!19sChIJrXkTpkHPYpYRLtfA4lswhOs?authuser=0&hl=es-419&rclk=1","-33.414149","-70.601774","Las Condes","Metropolitana","Chile","Google Maps web scraping con Playwright","2026-05-22","Completo","Sí","","","","","","","","","","","","","","","","","don carlos","No","","No","","Restaurante","78","Alto potencial"
"Chilenazo Las Condes","4.1","88","Av. Apoquindo 6226, 7561215 Las Condes, Región Metropolitana","(2) 2201 7162","https://www.chilenazorestaurant.cl/Locales/las-condes/","Restaurante","https://www.google.com/maps/place/Chilenazo+Las+Condes/@-33.4082051,-70.5663157,17z/data=!3m1!4b1!4m6!3m5!1s0x9662ceddb1a2b61f:0x2405a15bc5dbaf28!8m2!3d-33.4082051!4d-70.5663157!16s%2Fg%2F1td4frpk?authuser=0&hl=es-419&entry=ttu&g_ep=EgoyMDI2MDUyMC4wIKXMDSoASAFQAw%3D%3D","-33.4082051","-70.5663157","Las Condes","Metropolitana","Chile","Google Maps web scraping con Playwright","2026-05-22","Completo","Sí","","","","","","","","","","","","","","","","","chilenazo","No","","No","","Restaurante","76","Medio potencial"
"La Yunta Las Condes","4.7","164","El Bosque Central 18, 7550248 Las Condes, Región Metropolitana","9 5348 6633","http://www.layunta.cl/","Bar restaurante","https://www.google.com/maps/place/La+Yunta+Las+Condes/@-33.4178848,-70.5996971,17z/data=!3m1!4b1!4m6!3m5!1s0x9662cf9294c1dccb:0x4088349636f2b5a3!8m2!3d-33.4178848!4d-70.5996971!16s%2Fg%2F11tp9mlww2?authuser=0&hl=es-419&entry=ttu&g_ep=EgoyMDI2MDUyMC4wIKXMDSoASAFQAw%3D%3D","-33.4178848","-70.5996971","Las Condes","Metropolitana","Chile","Google Maps web scraping con Playwright","2026-05-22","Completo","Sí","","","","","","","","","","","","","","","","","la yunta","Sí","la yunta","Sí","DUP-001","Bar/Pub","82","Alto potencial"
"Aligot restaurant","4.5","25","Isidora Goyenechea 2890, 7550033 Las Condes, Región Metropolitana","(41) 324 8475","https://toto.menu/aligot?s=googlemaps","Restaurante","https://www.google.com/maps/place/Aligot+restaurant/@-33.413808,-70.6019947,17z/data=!3m1!4b1!4m6!3m5!1s0x9662cfac435bdaad:0x7ed19e2ff27dfbdf!8m2!3d-33.413808!4d-70.6019947!16s%2Fg%2F11h3swvrz_?authuser=0&hl=es-419&entry=ttu&g_ep=EgoyMDI2MDUyMC4wIKXMDSoASAFQAw%3D%3D","-33.413808","-70.6019947","Las Condes","Metropolitana","Chile","Google Maps web scraping con Playwright","2026-05-22","Completo","Sí","","","","","","","","","","","","","","","","","aligot","No","","No","","Restaurante","74","Medio potencial"
"Route 66","4.5","19","Isidora Goyenechea 2960, 7550059 Las Condes, Región Metropolitana","(2) 3266 9954","http://www.route66.cl/","Restaurante","https://www.google.com/maps/place/Route+66/data=!4m7!3m6!1s0x9662cf405ad73ffb:0xee029d663f1a73e7!8m2!3d-33.4139825!4d-70.5999351!16s%2Fg%2F11dymmkn9y!19sChIJ-z_XWkDPYpYR53MaP2adAu4?authuser=0&hl=es-419&rclk=1","-33.4139825","-70.5999351","Las Condes","Metropolitana","Chile","Google Maps web scraping con Playwright","2026-05-22","Completo","Sí","","","","","","","","","","","","","","","","","route 66","No","","No","","Restaurante","73","Medio potencial"
"Estró Santiago","4.6","528","El Alcalde 15, 7550655 Las Condes, Región Metropolitana","(2) 2470 8585","http://www.instagram.com/estrosantiago","Restaurante","https://www.google.com/maps/place/Estr%C3%B3+Santiago/@-33.4158983,-70.5952355,17z/data=!3m1!4b1!4m6!3m5!1s0x9662cf157bee637f:0x73257e215251e871!8m2!3d-33.4158983!4d-70.5952355!16s%2Fg%2F11c542nyfq?authuser=0&hl=es-419&entry=ttu&g_ep=EgoyMDI2MDUyMC4wIKXMDSoASAFQAw%3D%3D","-33.4158983","-70.5952355","Las Condes","Metropolitana","Chile","Google Maps web scraping con Playwright","2026-05-22","Completo","Sí","","","","","","","","","","","","","","","","","estro santiago","No","","No","","Restaurante","86","Alto potencial"
"La Flaca, Cocinería Chilena","4.5","19","Av. Apoquindo 2730, Las Condes, Región Metropolitana","(2) 2437 6668","https://laflaca.cl/","Restaurante","https://www.google.com/maps/place/La+Flaca,+Cociner%C3%ADa+Chilena/data=!4m7!3m6!1s0x9662c53939e3eebb:0xdc2e7676299d3b56!8m2!3d-33.4177122!4d-70.6013629!16s%2Fg%2F11c3tj92p4!19sChIJu-7jOTnFYpYRVjudKXZ2Ltw?authuser=0&hl=es-419&rclk=1","-33.4177122","-70.6013629","Las Condes","Metropolitana","Chile","Google Maps web scraping con Playwright","2026-05-22","Completo","Sí","","","","","","","","","","","","","","","","","la flaca cocineria chilena","No","","No","","Restaurante","73","Medio potencial"
"Casa Sanz","4.7","215","Av Vitacura 4873, 7630000 Vitacura, Región Metropolitana","9 9165 1370","https://hotelbidasoa.cl/","Restaurante","https://www.google.com/maps/place/Casa+Sanz/data=!4m7!3m6!1s0x9662cfaa42f67979:0x78939ae5f730c248!8m2!3d-33.3982681!4d-70.5851944!16s%2Fg%2F11sjxnlkxg!19sChIJeXn2QqrPYpYRSMIw9-Wak3g?authuser=0&hl=es-419&rclk=1","-33.3982681","-70.5851944","Vitacura","Metropolitana","Chile","Google Maps web scraping con Playwright","2026-05-22","Completo","Sí","","","","","","","","","","","","","","","","","casa sanz","No","","No","","Restaurante","83","Alto potencial"
"El Toro Vitacura","4.6","29","Alonso de Córdova 3788, piso -1, 7630000 Vitacura, Región Metropolitana","9 3201 9661","http://www.eltoro.cl/","Restaurante","https://www.google.com/maps/place/El+Toro+Vitacura/@-33.4018737,-70.5929112,17z/data=!3m1!4b1!4m6!3m5!1s0x9662cf89a33b0f49:0x1b187e22a345a7e0!8m2!3d-33.4018737!4d-70.5929112!16s%2Fg%2F11sw_ws1rr?authuser=0&hl=es-419&entry=ttu&g_ep=EgoyMDI2MDUxNy4wIKXMDSoASAFQAw%3D%3D","-33.4018737","-70.5929112","Vitacura","Metropolitana","Chile","Google Maps web scraping con Playwright","2026-05-22","Completo","Sí","","","","","","","","","","","","","","","","","el toro","No","","No","","Restaurante","75","Medio potencial"
"Ofelia Gastrobar","4.7","95","Av Vitacura 3201, 7630578 Vitacura, Región Metropolitana","(2) 2944 7800","https://www.ofeliagastrobar.com/","Restaurante","https://www.google.com/maps/place/Ofelia+Gastrobar/@-33.4074623,-70.5985484,17z/data=!3m1!4b1!4m6!3m5!1s0x9662cf94400bd1d1:0xab1af5b17f27cd4e!8m2!3d-33.4074623!4d-70.5985484!16s%2Fg%2F11ryt4r0yc?authuser=0&hl=es-419&entry=ttu&g_ep=EgoyMDI2MDUxNy4wIKXMDSoASAFQAw%3D%3D","-33.4074623","-70.5985484","Vitacura","Metropolitana","Chile","Google Maps web scraping con Playwright","2026-05-22","Completo","Sí","","","","","","","","","","","","","","","","","ofelia gastrobar","No","","No","","Bar/Pub","80","Alto potencial"
"Demencia","4.1","54","Av Vitacura 3520, 7630523 Vitacura, Región Metropolitana","9 3861 1684","https://www.instagram.com/demenciastgo/","Restaurante","https://www.google.com/maps/place/Demencia/data=!4m7!3m6!1s0x9662cfb61d16452b:0x6108ad9a3153fe62!8m2!3d-33.4039236!4d-70.5964995!16s%2Fg%2F11rcscbqmr!19sChIJK0UWHbbPYpYRYv5TMZqtCGE?authuser=0&hl=es-419&rclk=1","-33.4039236","-70.5964995","Vitacura","Metropolitana","Chile","Google Maps web scraping con Playwright","2026-05-22","Completo","Sí","","","","","","","","","","","","","","","","","demencia","No","","No","","Restaurante","74","Medio potencial"
"Bar Santiago Vitacura","4.6","864","Av Vitacura 7120, 7640560 Vitacura, Región Metropolitana","9 7996 4119","https://barsantiago.cl/","Bar restaurante","https://www.google.com/maps/place/Bar+Santiago+Vitacura/data=!4m7!3m6!1s0x9662c9465439ed5d:0x1ee5cf0006f07af3!8m2!3d-33.3867402!4d-70.5649557!16s%2Fg%2F11tjf5xr59!19sChIJXe05VEbJYpYR83rwBgDP5R4?authuser=0&hl=es-419&rclk=1","-33.3867402","-70.5649557","Vitacura","Metropolitana","Chile","Google Maps web scraping con Playwright","2026-05-22","Completo","Sí","","","","","","","","","","","","","","","","","bar santiago","No","","No","","Bar/Pub","88","Alto potencial"
"APPA Restaurante","4.8","174","Av Vitacura 7501, 7650296 Vitacura, Región Metropolitana","9 7430 8508","https://toteat.app/r/cl/APPA---VITACURA/9255","Restaurante","https://www.google.com/maps/place/APPA+Restaurante/data=!4m7!3m6!1s0x9662c9004da0f611:0x507e760a4ead2bf0!8m2!3d-33.386285!4d-70.5618881!16s%2Fg%2F11w1k7qgxk!19sChIJEfagTQDJYpYR8CutTgp2flA?authuser=0&hl=es-419&rclk=1","-33.386285","-70.5618881","Vitacura","Metropolitana","Chile","Google Maps web scraping con Playwright","2026-05-22","Completo","Sí","","","","","","","","","","","","","","","","","appa","No","","No","","Restaurante","83","Alto potencial"
"CAOBA BAR","4.6","834","Alonso de Córdova 4156, 7630448 Vitacura, Región Metropolitana","9 5855 6596","https://caobabar.cl/","Bar restaurante","https://www.google.com/maps/place/CAOBA+BAR/data=!4m7!3m6!1s0x9662cfec8b5a7381:0x776af53046b0faf0!8m2!3d-33.4026497!4d-70.5901323!16s%2Fg%2F11tcwmj81r!19sChIJgXNai-zPYpYR8PqwRjD1anc?authuser=0&hl=es-419&rclk=1","-33.4026497","-70.5901323","Vitacura","Metropolitana","Chile","Google Maps web scraping con Playwright","2026-05-22","Completo","Sí","","","","","","","","","","","","","","","","","caoba bar","No","","No","","Bar/Pub","88","Alto potencial"
"Tanaka Vitacura","4.5","45","Alonso de Córdova 4248, 7630504 Santiago, Vitacura, Región Metropolitana","9 7443 4824","http://www.tanaka.cl/vitacura","Restaurante","https://www.google.com/maps/place/Tanaka+Vitacura/data=!4m7!3m6!1s0x9662cf3719587b89:0x472600fb6eb00235!8m2!3d-33.4030473!4d-70.5886892!16s%2Fg%2F11ckw294gm!19sChIJiXtYGTfPYpYRNQKwbvsAJkc?authuser=0&hl=es-419&rclk=1","-33.4030473","-70.5886892","Vitacura","Metropolitana","Chile","Google Maps web scraping con Playwright","2026-05-22","Completo","Sí","","","","","","","","","","","","","","","","","tanaka","No","","No","","Restaurante","76","Medio potencial"
"Piegari Chile","4.7","61","Av. Nueva Costanera 4092, 7630191 Vitacura, Región Metropolitana","9 3453 7621","http://www.piegari.cl/","Restaurante italiano","https://www.google.com/maps/place/Piegari+Chile/@-33.3954005,-70.5975267,17z/data=!3m1!4b1!4m6!3m5!1s0x9662cfe62edf92cf:0xe56813440fe5a463!8m2!3d-33.3954005!4d-70.5975267!16s%2Fg%2F11dyrb51w7?authuser=0&hl=es-419&entry=ttu&g_ep=EgoyMDI2MDUxNy4wIKXMDSoASAFQAw%3D%3D","-33.3954005","-70.5975267","Vitacura","Metropolitana","Chile","Google Maps web scraping con Playwright","2026-05-22","Completo","Sí","","","","","","","","","","","","","","","","","piegari","No","","No","","Restaurante","79","Alto potencial"
"Centro Gastronómico BordeRío","4.6","36","Costanera Sur S.J.E. de Balaguer 6400, 7640859 Vitacura, Región Metropolitana","(2) 2941 5000","http://www.borderio.cl/","Zona de restauración","https://www.google.com/maps/place/Centro+Gastron%C3%B3mico+BordeR%C3%ADo/@-33.3815722,-70.5792292,17z/data=!3m1!4b1!4m6!3m5!1s0x9662c8d747930ddd:0x1e7e60f0563c582e!8m2!3d-33.3815722!4d-70.5792292!16s%2Fg%2F1tgm41dl?authuser=0&hl=es-419&entry=ttu&g_ep=EgoyMDI2MDUxNy4wIKXMDSoASAFQAw%3D%3D","-33.3815722","-70.5792292","Vitacura","Metropolitana","Chile","Google Maps web scraping con Playwright","2026-05-22","Completo","No","","","","","","","","","","","","","","","","","centro gastronomico borderio","No","","No","","Otro","72","Bajo potencial"
"Barceloneta","4.2","321","Av Vitacura 3391, 7630564 Vitacura, Región Metropolitana","","https://barcelonetasantiago.com/","Restaurante","https://www.google.com/maps/place/Barceloneta/data=!4m7!3m6!1s0x9662cfa76461b4fd:0x58bb79a751db2280!8m2!3d-33.4053922!4d-70.5972991!16s%2Fg%2F11l6mbcws2!19sChIJ_bRhZKfPYpYRgCLbUad5u1g?authuser=0&hl=es-419&rclk=1","-33.4053922","-70.5972991","Vitacura","Metropolitana","Chile","Google Maps web scraping con Playwright","2026-05-22","Sin teléfono","Sí","","","","","","","","","","","","","","","","Sin teléfono visible","barceloneta","No","","No","","Bar/Pub","63","Medio potencial"
"Mestizo","4.4","77","Av. Bicentenario 4050, Santiago, Vitacura, Región Metropolitana","","https://mestizorestaurant.cl/","Restaurante de alta cocina","https://www.google.com/maps/place/Mestizo/@-33.3942718,-70.5999298,17z/data=!3m1!4b1!4m6!3m5!1s0x9662cf4bb499917f:0xfd06a131a5f08a6d!8m2!3d-33.3942718!4d-70.5999298!16s%2Fg%2F1tmqm_0s?authuser=0&hl=es-419&entry=ttu&g_ep=EgoyMDI2MDUxNy4wIKXMDSoASAFQAw%3D%3D","-33.3942718","-70.5999298","Vitacura","Metropolitana","Chile","Google Maps web scraping con Playwright","2026-05-22","Sin teléfono","Sí","","","","","","","","","","","","","","","","Sin teléfono visible","mestizo","No","","No","","Restaurante","59","Medio potencial"
"Arca Bar","4.7","09","Av. Nueva Costanera 3986, 7630000 Vitacura, Región Metropolitana","9 6839 9315","https://www.grupoarca.cl/","Bar","https://www.google.com/maps/place/Arca+Bar/@-33.3972025,-70.597931,17z/data=!3m1!4b1!4m6!3m5!1s0x9662cfe6bdc049f1:0xae691c9d8f796c3d!8m2!3d-33.3972025!4d-70.597931!16s%2Fg%2F11q1n_nb_5?authuser=0&hl=es-419&entry=ttu&g_ep=EgoyMDI2MDUxNy4wIKXMDSoASAFQAw%3D%3D","-33.3972025","-70.597931","Vitacura","Metropolitana","Chile","Google Maps web scraping con Playwright","2026-05-22","Completo","No","","","","","","","","","","","","","","","","","arca bar","No","","No","","Bar/Pub","68","Bajo potencial"
"Capogrossi","4.5","18","Alonso de Córdova 4225, 7630524 Vitacura, Región Metropolitana","9 4469 3223","https://capogrossi.cl/","Restaurante italiano","https://www.google.com/maps/place/Capogrossi/data=!4m7!3m6!1s0x9662cfac4ffe31d1:0x7000c380cbd5efe5!8m2!3d-33.4034028!4d-70.5893016!16s%2Fg%2F11s51d17m6!19sChIJ0TH-T6zPYpYR5e_Vy4DDAHA?authuser=0&hl=es-419&rclk=1","-33.4034028","-70.5893016","Vitacura","Metropolitana","Chile","Google Maps web scraping con Playwright","2026-05-22","Completo","Sí","","","","","","","","","","","","","","","","","capogrossi","No","","No","","Restaurante","73","Medio potencial"
"La Mar by Gaston Acurio","4.6","17","Av. Nueva Costanera 4076, 7630191 Vitacura, Región Metropolitana","(2) 2617 0848","https://www.lamarcebicheria.com/santiago-de-chile/","Restaurante","https://www.google.com/maps/place/La+Mar+by+Gaston+Acurio/data=!4m7!3m6!1s0x9662cf3561295821:0x184796e8fe9b36c0!8m2!3d-33.395535!4d-70.59766!16s%2Fg%2F11bw3d5xb0!19sChIJIVgpYTXPYpYRwDab_uiWRxg?authuser=0&hl=es-419&rclk=1","-33.395535","-70.59766","Vitacura","Metropolitana","Chile","Google Maps web scraping con Playwright","2026-05-22","Completo","Sí","","","","","","","","","","","","","","","","","la mar by gaston acurio","No","","No","","Restaurante","73","Medio potencial"
"Rubaiyat Chile","4.5","93","Av. Nueva Costanera 4031, 7630244 Vitacura, Región Metropolitana","(2) 2617 9800","https://gruporubaiyat.com/es/","Restaurante","https://www.google.com/maps/place/Rubaiyat+Chile/data=!4m7!3m6!1s0x9662cf357c0dc795:0xdfa8171effe5e3bd!8m2!3d-33.3963918!4d-70.5970912!16s%2Fg%2F11cm0584gn!19sChIJlccNfDXPYpYRvePl_x4XqN8?authuser=0&hl=es-419&rclk=1","-33.3963918","-70.5970912","Vitacura","Metropolitana","Chile","Google Maps web scraping con Playwright","2026-05-22","Completo","Sí","","","","","","","","","","","","","","","","","rubaiyat","No","","No","","Restaurante","79","Alto potencial"
"Restaurant Miraolas","4.5","60","Av Vitacura 4171, 7630358 Santiago, Vitacura, Región Metropolitana","9 8385 0206","http://www.miraolas.cl/","Restaurante","https://www.google.com/maps/place/Restaurant+Miraolas/data=!4m7!3m6!1s0x9662cf316d7aaf55:0xfb7f125473d331be!8m2!3d-33.3999035!4d-70.5900577!16s%2Fg%2F1tfcdcry!19sChIJVa96bTHPYpYRvjHTc1QSf_s?authuser=0&hl=es-419&rclk=1","-33.3999035","-70.5900577","Vitacura","Metropolitana","Chile","Google Maps web scraping con Playwright","2026-05-22","Completo","Sí","","","","","","","","","","","","","","","","","miraolas","No","","No","","Restaurante","77","Medio potencial"
"Kechua Vitacura","4.7","492","Costanera Sur S.J.E. de Balaguer 6400, LUG 2-A, 7630000 Vitacura, Región Metropolitana","(2) 2427 9686","https://kechuarestaurantes.cl/borderio/","Restaurante peruano","https://www.google.com/maps/place/Kechua+Vitacura/@-33.3817562,-70.57943,17z/data=!3m1!4b1!4m6!3m5!1s0x9662c91a55258adf:0x8b4d8fd1119ebaae!8m2!3d-33.3817562!4d-70.57943!16s%2Fg%2F11sj5dh_jm?authuser=0&hl=es-419&entry=ttu&g_ep=EgoyMDI2MDUxNy4wIKXMDSoASAFQAw%3D%3D","-33.3817562","-70.57943","Vitacura","Metropolitana","Chile","Google Maps web scraping con Playwright","2026-05-22","Completo","Sí","","","","","","","","","","","","","","","","","kechua","Sí","kechua","Sí","DUP-002","Restaurante","86","Alto potencial"
"Rishtedar Vitacura","4.6","98","Av Vitacura 5461, 7630598 Vitacura, Región Metropolitana","9 8888 3581","http://www.rishtedar.cl/","Restaurante indio","https://www.google.com/maps/place/Rishtedar+Vitacura/data=!4m7!3m6!1s0x9662cf2b93ed4dff:0x907266614eb68b68!8m2!3d-33.3950354!4d-70.5790121!16s%2Fg%2F11cmsvbxwj!19sChIJ_03tkyvPYpYRaIu2TmFmcpA?authuser=0&hl=es-419&rclk=1","-33.3950354","-70.5790121","Vitacura","Metropolitana","Chile","Google Maps web scraping con Playwright","2026-05-22","Completo","Sí","","","","","","","","","","","","","","","","","rishtedar","Sí","rishtedar","Sí","DUP-003","Restaurante","80","Alto potencial"
"Panchita","4.5","68","Av. Nueva Costanera 3979, 7630268 Vitacura, Región Metropolitana","9 9609 4839","","Restaurante peruano","https://www.google.com/maps/place/Panchita/data=!4m7!3m6!1s0x9662cfe8f6df9f3d:0x3697a17c33501e74!8m2!3d-33.397429!4d-70.59735!16s%2Fg%2F11h7cwv3y7!19sChIJPZ_f9ujPYpYRdB5QM3yhlzY?authuser=0&hl=es-419&rclk=1","-33.397429","-70.59735","Vitacura","Metropolitana","Chile","Google Maps web scraping con Playwright","2026-05-22","Parcial","Sí","","","","","","","","","","","","","","","","","panchita","No","","No","","Restaurante","64","Medio potencial"
"Morera Casa Bar","4.6","53","Alonso de Córdova 4017, 7630507 Vitacura, Región Metropolitana","9 6656 6626","","Bar restaurante","https://www.google.com/maps/place/Morera+Casa+Bar/data=!4m7!3m6!1s0x9662cf3ba1703933:0x86c4505fef9fecfc!8m2!3d-33.4029117!4d-70.5911691!16s%2Fg%2F11hy99gmfk!19sChIJMzlwoTvPYpYR_Oyf719QxIY?authuser=0&hl=es-419&rclk=1","-33.4029117","-70.5911691","Vitacura","Metropolitana","Chile","Google Maps web scraping con Playwright","2026-05-22","Parcial","Sí","","","","","","","","","","","","","","","","","morera casa bar","No","","No","","Bar/Pub","63","Medio potencial"
"Club Gordos Vitacura","4.5","686","Av Vitacura 4607, LOCAL 12A, 7630290 Santiago, Vitacura, Región Metropolitana","9 3718 1722","","Bar restaurante","https://www.google.com/maps/place/Club+Gordos+Vitacura/data=!4m7!3m6!1s0x9662cfdfc2bc2ef1:0xa1dabc2f069dea77!8m2!3d-33.3989482!4d-70.5860436!16s%2Fg%2F11vssvynp7!19sChIJ8S68wt_PYpYRd-qdBi-82qE?authuser=0&hl=es-419&rclk=1","-33.3989482","-70.5860436","Vitacura","Metropolitana","Chile","Google Maps web scraping con Playwright","2026-05-22","Parcial","Sí","","","","","","","","","","","","","","","","","club gordos","No","","No","","Bar/Pub","72","Medio potencial"
"La Bottega Gandolini","4.6","535","Alonso de Córdova 2335, 7560873 Vitacura, Región Metropolitana","9 9748 7298","http://labottegagandolini.cl/","Restaurante italiano","https://www.google.com/maps/place/La+Bottega+Gandolini/@-33.4015235,-70.5941925,17z/data=!3m1!4b1!4m6!3m5!1s0x9662cf4dfed4eaa3:0x89afe16d74a64537!8m2!3d-33.4015235!4d-70.5941925!16s%2Fg%2F11s75sxv60?authuser=0&hl=es-419&entry=ttu&g_ep=EgoyMDI2MDUxNy4wIKXMDSoASAFQAw%3D%3D","-33.4015235","-70.5941925","Vitacura","Metropolitana","Chile","Google Maps web scraping con Playwright","2026-05-22","Completo","Sí","","","","","","","","","","","","","","","","","la bottega gandolini","No","","No","","Restaurante","86","Alto potencial"
"El Zocalo Cocina Mexicana - Vitacura","4.1","647","Alonso de Córdova 4073, 7560801 Vitacura, Región Metropolitana","9 4558 0735","http://www.elzocalo.cl/","Restaurante mexicano","https://www.google.com/maps/place/El+Zocalo+Cocina+Mexicana+-+Vitacura/data=!4m7!3m6!1s0x9662cf2bae8a80ef:0xa093a6e2a726b23e!8m2!3d-33.4030374!4d-70.59089!16s%2Fg%2F11qqr1vytc!19sChIJ74CKrivPYpYRPrImp-Kmk6A?authuser=0&hl=es-419&rclk=1","-33.4030374","-70.59089","Vitacura","Metropolitana","Chile","Google Maps web scraping con Playwright","2026-05-22","Completo","Sí","","","","","","","","","","","","","","","","","el zocalo cocina mexicana","Sí","el zocalo","Sí","DUP-004","Restaurante","83","Alto potencial"
"Beasty Butchers","4.7","67","Av Vitacura 3456, Local 8, 7630550 Vitacura, Región Metropolitana","9 9324 3462","http://www.beasty.cl/","Restaurante","https://www.google.com/maps/place/Beasty+Butchers/@-33.40444,-70.5972107,17z/data=!3m1!4b1!4m6!3m5!1s0x9662cf66393061e5:0x3f3b099309823545!8m2!3d-33.40444!4d-70.5972107!16s%2Fg%2F11pd1vzyqz?authuser=0&hl=es-419&entry=ttu&g_ep=EgoyMDI2MDUxNy4wIKXMDSoASAFQAw%3D%3D","-33.40444","-70.5972107","Vitacura","Metropolitana","Chile","Google Maps web scraping con Playwright","2026-05-22","Completo","Sí","","","","","","","","","","","","","","","","","beasty butchers","No","","No","","Restaurante","79","Alto potencial"
"El Mesón de la Patagonia","4.3","72","Lo Barnechea 1223, 7690241 Lo Barnechea, Región Metropolitana","9 8527 8105","http://www.meson.cl/","Restaurante","https://www.google.com/maps/place/El+Mes%C3%B3n+de+la+Patagonia/@-33.3574868,-70.506569,17z/data=!3m1!4b1!4m6!3m5!1s0x9662cbeb09419aab:0x4447846d929df05b!8m2!3d-33.3574868!4d-70.506569!16s%2Fg%2F1tgf4dy7?authuser=0&hl=es-419&entry=ttu&g_ep=EgoyMDI2MDUxNy4wIKXMDSoASAFQAw%3D%3D","-33.3574868","-70.506569","Lo Barnechea","Metropolitana","Chile","Google Maps web scraping con Playwright","2026-05-22","Completo","Sí","","","","","","","","","","","","","","","","","el meson de la patagonia","No","","No","","Restaurante","76","Medio potencial"
"Tanaka La Dehesa","4.5","548","El Rodeo 13032, 7690771 Santiago, Lo Barnechea, Región Metropolitana","9 3207 7338","https://tanaka.cl/la-dehesa/","Restaurante","https://www.google.com/maps/place/Tanaka+La+Dehesa/data=!4m7!3m6!1s0x9662cbec0d115fa7:0xf24a8d6cb42a156c!8m2!3d-33.3522299!4d-70.517146!16s%2Fg%2F11gy7ylyxb!19sChIJp18RDezLYpYRbBUqtGyNSvI?authuser=0&hl=es-419&rclk=1","-33.3522299","-70.517146","Lo Barnechea","Metropolitana","Chile","Google Maps web scraping con Playwright","2026-05-22","Completo","Sí","","","","","","","","","","","","","","","","","tanaka la dehesa","No","","No","","Restaurante","85","Alto potencial"
"UDON Portal La Dehesa","4.8","389","Av. La Dehesa 1445, Local 1106, 7690130 Lo Barnechea, Región Metropolitana","","https://www.udon.cl/restaurante/portal-dehesa/","Restaurante asiático","https://www.google.com/maps/place/UDON+Portal+La+Dehesa/data=!4m7!3m6!1s0x9662cb5ba46928af:0x14c5dc5b672f2604!8m2!3d-33.3573513!4d-70.5151516!16s%2Fg%2F11yqb6qxky!19sChIJryhppFvLYpYRBCYvZ1vcxRQ?authuser=0&hl=es-419&rclk=1","-33.3573513","-70.5151516","Lo Barnechea","Metropolitana","Chile","Google Maps web scraping con Playwright","2026-05-22","Sin teléfono","Sí","","","","","","","","","","","","","","","","Sin teléfono visible","udon portal la dehesa","No","","No","","Restaurante","68","Medio potencial"
"Kiara Nikkei","4.3","386","El Rodeo 13332, 7690908 Lo Barnechea, Región Metropolitana","(2) 3210 4200","https://kiaranikkei.cl/","Restaurante","https://www.google.com/maps/place/Kiara+Nikkei/@-33.3513773,-70.5124452,17z/data=!3m1!4b1!4m6!3m5!1s0x9662cb8b33dbf8af:0x7de2d4768a1e5777!8m2!3d-33.3513773!4d-70.5124452!16s%2Fg%2F11s4tggl8_?authuser=0&hl=es-419&entry=ttu&g_ep=EgoyMDI2MDUxNy4wIKXMDSoASAFQAw%3D%3D","-33.3513773","-70.5124452","Lo Barnechea","Metropolitana","Chile","Google Maps web scraping con Playwright","2026-05-22","Completo","Sí","","","","","","","","","","","","","","","","","kiara nikkei","No","","No","","Restaurante","83","Alto potencial"
"Delfina Bistro","4.8","102","Av. La Dehesa 1201, 7690277 Lo Barnechea, Región Metropolitana","9 7807 1773","https://www.instagram.com/delfina_bistro","Taberna","https://www.google.com/maps/place/Delfina+Bistro/@-33.36034,-70.5148406,17z/data=!3m1!4b1!4m6!3m5!1s0x9662cb0044df1c5d:0xcb72375c0611c704!8m2!3d-33.36034!4d-70.5148406!16s%2Fg%2F11xp4kcj0w?authuser=0&hl=es-419&entry=ttu&g_ep=EgoyMDI2MDUxNy4wIKXMDSoASAFQAw%3D%3D","-33.36034","-70.5148406","Lo Barnechea","Metropolitana","Chile","Google Maps web scraping con Playwright","2026-05-22","Completo","Sí","","","","","","","","","","","","","","","","","delfina bistro","No","","No","","Bar/Pub","81","Alto potencial"
"La Fabbrica - La Dehesa","4.2","206","El Rodeo 12850, local 76, 7700401 Lo Barnechea, Región Metropolitana","9 2872 4809","http://la-fabbrica.cl/","Restaurante italiano","https://www.google.com/maps/place/La+Fabbrica+-+La+Dehesa/data=!4m7!3m6!1s0x9662cb28fc851d5d:0x75c5011bd73c3896!8m2!3d-33.3521845!4d-70.5200252!16s%2Fg%2F11kc0_lbb1!19sChIJXR2F_CjLYpYRljg81xsBxXU?authuser=0&hl=es-419&rclk=1","-33.3521845","-70.5200252","Lo Barnechea","Metropolitana","Chile","Google Maps web scraping con Playwright","2026-05-22","Completo","Sí","","","","","","","","","","","","","","","","","la fabbrica la dehesa","No","","No","","Restaurante","80","Alto potencial"
"Barrica 94","4.5","835","Av. José Alcalde Délano 10533, local 1508, Lo Barnechea, Región Metropolitana","(2) 3210 2200","http://www.barrica94.cl/","Restaurante","https://www.google.com/maps/place/Barrica+94/data=!4m7!3m6!1s0x9662c59ac22dc56b:0x1403cd9464826478!8m2!3d-33.3567819!4d-70.5400355!16s%2Fg%2F11bwh9wr9_!19sChIJa8UtwprFYpYReGSCZJTNAxQ?authuser=0&hl=es-419&rclk=1","-33.3567819","-70.5400355","Lo Barnechea","Metropolitana","Chile","Google Maps web scraping con Playwright","2026-05-22","Completo","Sí","","","","","","","","","","","","","","","","","barrica 94","No","","No","","Bar/Pub","87","Alto potencial"
"alBosque - CraftBeers & Food","4.1","299","Cam. Los Trapenses 3200, 7700334 Lo Barnechea, Región Metropolitana","","https://fiweex.com/reservas_portal_bienvenida/aYF6hA%3D%3D?fbclid=PAQ0xDSwLac_hleHRuA2FlbQIxMQABp_QkBhlpK2_HIjbcz4csm2C7ocjJpYWLib1A2-NH1VYU063iyZ4QjRxoGxq1_aem_QZNMjppiOC69cYSkU9JLYw","Restaurante","https://www.google.com/maps/place/alBosque+-+CraftBeers+%26+Food/@-33.346813,-70.5433961,17z/data=!3m1!4b1!4m6!3m5!1s0x9662c95390865deb:0x1a0bf66d75eb5554!8m2!3d-33.346813!4d-70.5433961!16s%2Fg%2F11r_v5k08f?authuser=0&hl=es-419&entry=ttu&g_ep=EgoyMDI2MDUxNy4wIKXMDSoASAFQAw%3D%3D","-33.346813","-70.5433961","Lo Barnechea","Metropolitana","Chile","Google Maps web scraping con Playwright","2026-05-22","Sin teléfono","Sí","","","","","","","","","","","","","","","","Sin teléfono visible","albosque craftbeers food","No","","No","","Restaurante","62","Medio potencial"
"Pizzería Capri Resto Bar","4.6","704","El Rodeo 13052, 7690771 Lo Barnechea, Región Metropolitana","9 4009 8980","http://www.pizzeriacapri.cl/","Pizzería","https://www.google.com/maps/place/Pizzer%C3%ADa+Capri+Resto+Bar/data=!4m7!3m6!1s0x9662cfdef2438a6d:0xa2cab89e9900dadb!8m2!3d-33.3522356!4d-70.5167338!16s%2Fg%2F11ngtnhh7w!19sChIJbYpD8t7PYpYR29oAmZ64yqI?authuser=0&hl=es-419&rclk=1","-33.3522356","-70.5167338","Lo Barnechea","Metropolitana","Chile","Google Maps web scraping con Playwright","2026-05-22","Completo","Sí","","","","","","","","","","","","","","","","","pizzeria capri resto bar","No","","No","","Bar/Pub","87","Alto potencial"
"La Divina Comida","4.3","418","Los Patos 13735, 7690708 Lo Barnechea, Región Metropolitana","(2) 3221 1823","https://www.ladivinacomida.cl/","Restaurante italiano","https://www.google.com/maps/place/La+Divina+Comida/data=!4m7!3m6!1s0x9662cf05717c5b7b:0x4d119a3b0367fb!8m2!3d-33.3593793!4d-70.5072727!16s%2Fg%2F12lv_2r91!19sChIJe1t8cQXPYpYR-2cDO5oRTQA?authuser=0&hl=es-419&rclk=1","-33.3593793","-70.5072727","Lo Barnechea","Metropolitana","Chile","Google Maps web scraping con Playwright","2026-05-22","Completo","Sí","","","","","","","","","","","","","","","","","la divina comida","No","","No","","Restaurante","83","Alto potencial"
"Tio Tomate La Dehesa","4.4","331","San Lucas 230, 7690493 Santiago, Lo Barnechea, Región Metropolitana","9 7661 9011","http://tiotomate.cl/","Restaurante","https://www.google.com/maps/place/Tio+Tomate+La+Dehesa/data=!4m7!3m6!1s0x9662cb099a3ff2a1:0xe32031824b1bf9be!8m2!3d-33.3628895!4d-70.512014!16s%2Fg%2F11k9s_w3ny!19sChIJofI_mgnLYpYRvvkbS4IxIOM?authuser=0&hl=es-419&rclk=1","-33.3628895","-70.512014","Lo Barnechea","Metropolitana","Chile","Google Maps web scraping con Playwright","2026-05-22","Completo","Sí","","","","","","","","","","","","","","","","","tio tomate la dehesa","No","","No","","Restaurante","83","Alto potencial"
"Doña Tina","4.4","04","Cam. los Refugios del Arrayan 15125, Lo Barnechea, Región Metropolitana","(2) 2321 6546","http://www.donatina.cl/","Restaurante","https://www.google.com/maps/place/Do%C3%B1a+Tina/data=!4m7!3m6!1s0x9662cb90b5ce7e15:0xd77184d3077867ff!8m2!3d-33.3610734!4d-70.4920546!16s%2Fg%2F1hjgq14dc!19sChIJFX7OtZDLYpYR_2d4B9OEcdc?authuser=0&hl=es-419&rclk=1","-33.3610734","-70.4920546","Lo Barnechea","Metropolitana","Chile","Google Maps web scraping con Playwright","2026-05-22","Completo","Sí","","","","","","","","","","","","","","","","","dona tina","No","","No","","Restaurante","67","Medio potencial"
"Aleman Experto La Dehesa","4.4","06","Av. La Dehesa 1670, 7690253 Lo Barnechea, Región Metropolitana","(2) 3267 1637","http://www.alemanexperto.cl/","Restaurante","https://www.google.com/maps/place/Aleman+Experto+La+Dehesa/@-33.3573537,-70.5176429,17z/data=!3m1!4b1!4m6!3m5!1s0x9662cbdd07f40b67:0x915b5dbe49b78295!8m2!3d-33.3573537!4d-70.5176429!16s%2Fg%2F11g8ygtnln?authuser=0&hl=es-419&entry=ttu&g_ep=EgoyMDI2MDUxNy4wIKXMDSoASAFQAw%3D%3D","-33.3573537","-70.5176429","Lo Barnechea","Metropolitana","Chile","Google Maps web scraping con Playwright","2026-05-22","Completo","Sí","","","","","","","","","","","","","","","","","aleman experto la dehesa","Sí","aleman experto","No","","Restaurante","68","Medio potencial"
"Margo la Dehesa","4.4","879","Manquehue Ote. 2030, Lo Barnechea, Región Metropolitana","(2) 2244 5902","http://www.margo.cl/","Restaurante","https://www.google.com/maps/place/Margo+la+Dehesa/@-33.3614438,-70.5450202,17z/data=!3m1!4b1!4m6!3m5!1s0x9662c96a2dfd1409:0x725f7a3109c9c0e1!8m2!3d-33.3614438!4d-70.5450202!16s%2Fg%2F11bvvyh5n_?authuser=0&hl=es-419&entry=ttu&g_ep=EgoyMDI2MDUxNy4wIKXMDSoASAFQAw%3D%3D","-33.3614438","-70.5450202","Lo Barnechea","Metropolitana","Chile","Google Maps web scraping con Playwright","2026-05-22","Completo","Sí","","","","","","","","","","","","","","","","","margo la dehesa","No","","No","","Restaurante","87","Alto potencial"
"Nelí Portal La Dehesa","4.5","102","Av. La Dehesa 1445, local 1108, 7690130 Lo Barnechea, Región Metropolitana","9 7949 2016","https://www.neli.cl/","Restaurante","https://www.google.com/maps/place/Nel%C3%AD+Portal+La+Dehesa/data=!4m7!3m6!1s0x9662cb76dd6c75a1:0xef4c811b5d84772f!8m2!3d-33.3573513!4d-70.5151516!16s%2Fg%2F11ww0wwdnp!19sChIJoXVs3XbLYpYRL3eEXRuBTO8?authuser=0&hl=es-419&rclk=1","-33.3573513","-70.5151516","Lo Barnechea","Metropolitana","Chile","Google Maps web scraping con Playwright","2026-05-22","Completo","Sí","","","","","","","","","","","","","","","","","neli portal la dehesa","No","","No","","Restaurante","79","Alto potencial"
"ZÍA Bistró & Café","4.6","142","El Rodeo 13453, 7690098 Lo Barnechea, Región Metropolitana","9 3647 8658","http://www.ziabistro.cl/","Restaurante","https://www.google.com/maps/place/Z%C3%8DA+Bistr%C3%B3+%26+Caf%C3%A9/data=!4m7!3m6!1s0x9662cb0bb59653bf:0x621cf567cf02bc40!8m2!3d-33.3519791!4d-70.5121117!16s%2Fg%2F11lv74fdpq!19sChIJv1OWtQvLYpYRQLwCz2f1HGI?authuser=0&hl=es-419&rclk=1","-33.3519791","-70.5121117","Lo Barnechea","Metropolitana","Chile","Google Maps web scraping con Playwright","2026-05-22","Completo","No","","","","","","","","","","","","","","","","Revisar: parece cafe","zia bistro cafe","No","","No","","Cafetería","77","Bajo potencial"
"Hocha Restaurante de Comida Típica Taiwanesa - Patio La Dehesa","4.7","85","Av. José Alcalde Délano 10425, Local 21, 7690324 Lo Barnechea, Región Metropolitana","(2) 2954 7934","http://www.hocha.cl/","Restaurante asiático","https://www.google.com/maps/place/Hocha+Restaurante+de+Comida+T%C3%ADpica+Taiwanesa+-+Patio+La+Dehesa/@-33.3594746,-70.5433854,17z/data=!3m1!4b1!4m6!3m5!1s0x9662c97611858c27:0x9c7c6196c38ccd8!8m2!3d-33.3594746!4d-70.5433854!16s%2Fg%2F11sd_8p15m?authuser=0&hl=es-419&entry=ttu&g_ep=EgoyMDI2MDUxNy4wIKXMDSoASAFQAw%3D%3D","-33.3594746","-70.5433854","Lo Barnechea","Metropolitana","Chile","Google Maps web scraping con Playwright","2026-05-22","Completo","Sí","","","","","","","","","","","","","","","","","hocha de comida tipica taiwanesa patio la dehesa","No","","No","","Restaurante","80","Alto potencial"
"Rishtedar La Dehesa","4.9","51","El Rodeo 12850, Local 74 y 75, Lo Barnechea, Región Metropolitana","(2) 3345 4142","https://rishtedar.cl/","Restaurante indio","https://www.google.com/maps/place/Rishtedar+La+Dehesa/data=!4m7!3m6!1s0x9662cbe6c5693217:0x1785539e3974932c!8m2!3d-33.3524375!4d-70.5196951!16s%2Fg%2F11xtxwszz2!19sChIJFzJpxebLYpYRLJN0OZ5ThRc?authuser=0&hl=es-419&rclk=1","-33.3524375","-70.5196951","Lo Barnechea","Metropolitana","Chile","Google Maps web scraping con Playwright","2026-05-22","Completo","Sí","","","","","","","","","","","","","","","","","rishtedar la dehesa","No","","No","","Restaurante","79","Alto potencial"
"Fiamma","4.6","343","Av. La Dehesa 1445, local 6224, 7690130 Lo Barnechea, Región Metropolitana","","https://fiammaristorante.cl/","Restaurante italiano","https://www.google.com/maps/place/Fiamma/@-33.3585606,-70.5158902,17z/data=!3m1!4b1!4m6!3m5!1s0x9662cb0026674221:0xadb31afc1247a4da!8m2!3d-33.3585606!4d-70.5158902!16s%2Fg%2F11yczhp7tn?authuser=0&hl=es-419&entry=ttu&g_ep=EgoyMDI2MDUxNy4wIKXMDSoASAFQAw%3D%3D","-33.3585606","-70.5158902","Lo Barnechea","Metropolitana","Chile","Google Maps web scraping con Playwright","2026-05-22","Sin teléfono","Sí","","","","","","","","","","","","","","","","Sin teléfono visible","fiamma","No","","No","","Restaurante","66","Medio potencial"
"El Japonés - Portal La Dehesa","4.8","724","Av. La Dehesa 1445, local 6224, 7690130 Lo Barnechea, Región Metropolitana","","https://eljaponeschile.com/","Restaurante japonés","https://www.google.com/maps/place/El+Japon%C3%A9s+-+Portal+La+Dehesa/@-33.3587407,-70.5158683,17z/data=!3m1!4b1!4m6!3m5!1s0x9662cb005123129b:0x55f574911866195d!8m2!3d-33.3587407!4d-70.5158683!16s%2Fg%2F11x0mhfd8d?authuser=0&hl=es-419&entry=ttu&g_ep=EgoyMDI2MDUxNy4wIKXMDSoASAFQAw%3D%3D","-33.3587407","-70.5158683","Lo Barnechea","Metropolitana","Chile","Google Maps web scraping con Playwright","2026-05-22","Sin teléfono","Sí","","","","","","","","","","","","","","","","Sin teléfono visible","el japones portal la dehesa","Sí","el japones","No","","Restaurante","71","Medio potencial"
"Alemán Experto Los Trapenses","4.6","100","Cam. Los Trapenses 3515, Lo Barnechea, Región Metropolitana","9 9845 0513","http://www.alemanexperto.cl/","Restaurante","https://www.google.com/maps/place/Alem%C3%A1n+Experto+Los+Trapenses/data=!4m7!3m6!1s0x9662c90076f353a1:0x56ca1ab25f5a3687!8m2!3d-33.343684!4d-70.5445141!16s%2Fg%2F11x73w3tj6!19sChIJoVPzdgDJYpYRhzZaX7IaylY?authuser=0&hl=es-419&rclk=1","-33.343684","-70.5445141","Lo Barnechea","Metropolitana","Chile","Google Maps web scraping con Playwright","2026-05-22","Completo","Sí","","","","","","","","","","","","","","","","","aleman experto los trapenses","Sí","aleman experto","No","","Restaurante","80","Alto potencial"
"La Campiña Cocina Francesa","4.4","28","El Rodeo 13165, El Rodeo, Lo Barnechea, Región Metropolitana","9 4099 5970","http://lacampinafrancesa.cl/","Restaurante francés","https://www.google.com/maps/place/La+Campi%C3%B1a+Cocina+Francesa/data=!4m7!3m6!1s0x9662cb0008d7afdb:0x985d06d8abd5f9ab!8m2!3d-33.3525665!4d-70.515556!16s%2Fg%2F11yq2t7_xz!19sChIJ26_XCADLYpYRq_nVq9gGXZg?authuser=0&hl=es-419&rclk=1","-33.3525665","-70.515556","Lo Barnechea","Metropolitana","Chile","Google Maps web scraping con Playwright","2026-05-22","Completo","Sí","","","","","","","","","","","","","","","","","la campina cocina francesa","No","","No","","Restaurante","74","Medio potencial"
"Sabor y Aroma","4.3","41","Av. Raúl Labbé 12559, 7690554 Lo Barnechea, Región Metropolitana","(2) 3264 3715","https://saboryaroma.cl/","Restaurante peruano","https://www.google.com/maps/place/Sabor+y+Aroma/data=!4m7!3m6!1s0x9662cbe5e86c4a7f:0xd5d5180f7b0dcda7!8m2!3d-33.3653921!4d-70.5156354!16s%2Fg%2F11c22w2c91!19sChIJf0ps6OXLYpYRp80New8Y1dU?authuser=0&hl=es-419&rclk=1","-33.3653921","-70.5156354","Lo Barnechea","Metropolitana","Chile","Google Maps web scraping con Playwright","2026-05-22","Completo","Sí","","","","","","","","","","","","","","","","","sabor y aroma","No","","No","","Restaurante","74","Medio potencial"
"Bambinolli Restaurante","4.5","629","El Rodeo 13350, 5006070 Lo Barnechea, Región Metropolitana","9 3239 2425","https://www.instagram.com/bambinollirestaurante/","Restaurante","https://www.google.com/maps/place/Bambinolli+Restaurante/@-33.3514323,-70.5120598,17z/data=!3m1!4b1!4m6!3m5!1s0x9662cbaf9cb86af5:0x4288af43e3d517c5!8m2!3d-33.3514323!4d-70.5120598!16s%2Fg%2F11xw87swbc?authuser=0&hl=es-419&entry=ttu&g_ep=EgoyMDI2MDUxNy4wIKXMDSoASAFQAw%3D%3D","-33.3514323","-70.5120598","Lo Barnechea","Metropolitana","Chile","Google Maps web scraping con Playwright","2026-05-22","Completo","Sí","","","","","","","","","","","","","","","","","bambinolli","No","","No","","Restaurante","86","Alto potencial"
"Santa Brasa Trapenses","4.3","328","Av. José Alcalde Délano 10494, 7691232 Lo Barnechea, Región Metropolitana","9 5012 5729","http://www.santabrasa.cl/","Restaurante","https://www.google.com/maps/place/Santa+Brasa+Trapenses/data=!4m7!3m6!1s0x9662c9f2202cde1b:0x87c84f302c81099b!8m2!3d-33.3566233!4d-70.5394682!16s%2Fg%2F11j002_66l!19sChIJG94sIPLJYpYRmwmBLDBPyIc?authuser=0&hl=es-419&rclk=1","-33.3566233","-70.5394682","Lo Barnechea","Metropolitana","Chile","Google Maps web scraping con Playwright","2026-05-22","Completo","Sí","","","","","","","","","","","","","","","","","santa brasa trapenses","No","","No","","Restaurante","82","Alto potencial"
"Ostras Chiloé - Los Trapenses","4.9","40","Del Monje 10548, 7700333 Lo Barnechea, Región Metropolitana","(2) 2981 6668","","Marisquería","https://www.google.com/maps/place/Ostras+Chilo%C3%A9+-+Los+Trapenses/@-33.3468895,-70.5423957,17z/data=!3m1!4b1!4m6!3m5!1s0x9662c9bf05f7a90f:0x6f76b7265e34a41b!8m2!3d-33.3468895!4d-70.5423957!16s%2Fg%2F11h53xdw_d?authuser=0&hl=es-419&entry=ttu&g_ep=EgoyMDI2MDUxNy4wIKXMDSoASAFQAw%3D%3D","-33.3468895","-70.5423957","Lo Barnechea","Metropolitana","Chile","Google Maps web scraping con Playwright","2026-05-22","Parcial","No","","","","","","","","","","","","","","","","","ostras chiloe los trapenses","No","","No","","Otro","60","Bajo potencial"
"Pata Negra Chile","5.0","6","Av. La Dehesa 1500, 7690253 Santiago, Lo Barnechea, Región Metropolitana","","https://www.instagram.com/patanegra.chile/","Restaurante mediterráneo","https://www.google.com/maps/place/Pata+Negra+Chile/data=!4m7!3m6!1s0x9662cb003d17c26f:0x7ce026e5f01ed125!8m2!3d-33.3581708!4d-70.5186954!16s%2Fg%2F11wqqw9zrt!19sChIJb8IXPQDLYpYRJdEe8OUm4Hw?authuser=0&hl=es-419&rclk=1","-33.3581708","-70.5186954","Lo Barnechea","Metropolitana","Chile","Google Maps web scraping con Playwright","2026-05-22","Sin teléfono","Sí","","","","","","","","","","","","","","","","Sin teléfono visible","pata negra","No","","No","","Restaurante","54","Bajo potencial"
"TACU TACU Restaurante - Providencia","4.8","04","Av. Andrés Bello 2233, Local 2217, 7510056 Providencia, Región Metropolitana","9 7523 8600","https://instagram.com/tacutacuprovidencia?igshid=OGQ2MjdiOTE=","Restaurante peruano","https://www.google.com/maps/place/TACU+TACU+Restaurante+-+Providencia/@-33.4203473,-70.6104797,17z/data=!3m1!4b1!4m6!3m5!1s0x9662cf4b70822fe9:0xf81994fdb40ea03c!8m2!3d-33.4203473!4d-70.6104797!16s%2Fg%2F11tfz6cvsk?authuser=0&hl=es-419&entry=ttu&g_ep=EgoyMDI2MDUxNy4wIKXMDSoASAFQAw%3D%3D","-33.4203473","-70.6104797","Providencia","Metropolitana","Chile","Google Maps web scraping con Playwright","2026-05-22","Completo","Sí","","","","","","","","","","","","","","","","","tacu tacu","No","","No","","Restaurante","70","Medio potencial"
"Hambrientos & Sedientos Providencia","4.9","857","Tomás Andrews 67, 7500000 Providencia, Región Metropolitana","9 6796 6840","https://www.hambrientoschile.cl/pedir","Pub restaurante","https://www.google.com/maps/place/Hambrientos+%26+Sedientos+Providencia/data=!4m7!3m6!1s0x9662c54e18342111:0x42730626ff48fd4e!8m2!3d-33.4417148!4d-70.6325479!16s%2Fg%2F11m9zcrvgy!19sChIJESE0GE7FYpYRTv1I_yYGc0I?authuser=0&hl=es-419&rclk=1","-33.4417148","-70.6325479","Providencia","Metropolitana","Chile","Google Maps web scraping con Playwright","2026-05-22","Completo","Sí","","","","","","","","","","","","","","","","","hambrientos sedientos","No","","No","","Bar/Pub","90","Alto potencial"
"Bertazzo Trattoria","4.9","71","Emilio Vaisse 402, 7501430 Providencia, Región Metropolitana","9 4746 2886","https://linktr.ee/bertazzo","Restaurante argentino","https://www.google.com/maps/place/Bertazzo+Trattoria/data=!4m7!3m6!1s0x9662c50068aaf8fb:0x819f7672d9d163f5!8m2!3d-33.4459438!4d-70.6274188!16s%2Fg%2F11vxswfqfx!19sChIJ-_iqaADFYpYR9WPR2XJ2n4E?authuser=0&hl=es-419&rclk=1","-33.4459438","-70.6274188","Providencia","Metropolitana","Chile","Google Maps web scraping con Playwright","2026-05-22","Completo","Sí","","","","","","","","","","","","","","","","","bertazzo trattoria","No","","No","","Restaurante","81","Alto potencial"
"Kilú - Casa de Carnes","4.8","417","José Manuel Infante 28, 7500641 Providencia, Región Metropolitana","9 9916 9146","https://www.kilucasadecarnes.cl/","Restaurante especializado en filetes","https://www.google.com/maps/place/Kil%C3%BA+-+Casa+de+Carnes/data=!4m7!3m6!1s0x9662c5d9547e1577:0xfc5330f70249a13c!8m2!3d-33.431898!4d-70.623884!16s%2Fg%2F11wj0k0h23!19sChIJdxV-VNnFYpYRPKFJAvcwU_w?authuser=0&hl=es-419&rclk=1","-33.431898","-70.623884","Providencia","Metropolitana","Chile","Google Maps web scraping con Playwright","2026-05-22","Completo","Sí","","","","","","","","","","","","","","","","","kilu casa de carnes","No","","No","","Restaurante","87","Alto potencial"
"La Yunta Providencia","4.6","37","Manuel Montt 748, 7500977 Providencia, Región Metropolitana","(2) 3270 0556","http://www.layunta.cl/","Restaurante","https://www.google.com/maps/place/La+Yunta+Providencia/@-33.4349707,-70.6163277,17z/data=!3m1!4b1!4m6!3m5!1s0x9662cf7c1d4926e9:0x86997b36f37f3a27!8m2!3d-33.4349707!4d-70.6163277!16s%2Fg%2F11cpppmpkp?authuser=0&hl=es-419&entry=ttu&g_ep=EgoyMDI2MDUxNy4wIKXMDSoASAFQAw%3D%3D","-33.4349707","-70.6163277","Providencia","Metropolitana","Chile","Google Maps web scraping con Playwright","2026-05-22","Completo","Sí","","","","","","","","","","","","","","","","","la yunta","Sí","la yunta","Sí","DUP-001","Restaurante","76","Medio potencial"
"Restaurant Viva La Vida","4.8","29","Constitución 166, 7520367 Providencia, Región Metropolitana","9 8438 2683","https://www.restaurantvivalavida.cl/","Restaurante chileno","https://www.google.com/maps/place/Restaurant+Viva+La+Vida/@-33.4323847,-70.6350521,17z/data=!3m1!4b1!4m6!3m5!1s0x9662c5900af9e0f1:0x7a3457df8c8e8df0!8m2!3d-33.4323847!4d-70.6350521!16s%2Fg%2F11bbrm9xzn?authuser=0&hl=es-419&entry=ttu&g_ep=EgoyMDI2MDUxNy4wIKXMDSoASAFQAw%3D%3D","-33.4323847","-70.6350521","Providencia","Metropolitana","Chile","Google Maps web scraping con Playwright","2026-05-22","Completo","Sí","","","","","","","","","","","","","","","","","viva la vida","No","","No","","Restaurante","77","Medio potencial"
"La Hacienda Gaucha","4.4","17","Providencia Región Metropolitana CL, Av. Pedro de Valdivia 1719, 7511282 Santiago, Providencia, Región Metropolitana","9 5396 4302","https://www.instagram.com/lahaciendagaucha","Restaurante especializado en filetes","https://www.google.com/maps/place/La+Hacienda+Gaucha/data=!4m7!3m6!1s0x9662cf77d05d9733:0x50a5c2a41484f2f5!8m2!3d-33.4387109!4d-70.6083537!16s%2Fg%2F11b7q82hfy!19sChIJM5dd0HfPYpYR9fKEFKTCpVA?authuser=0&hl=es-419&rclk=1","-33.4387109","-70.6083537","Providencia","Metropolitana","Chile","Google Maps web scraping con Playwright","2026-05-22","Completo","Sí","","","","","","","","","","","","","","","","","la hacienda gaucha","No","","No","","Restaurante","72","Medio potencial"
"El Ancla Providencia","4.4","15","Sta. Beatriz 191, Providencia, Región Metropolitana","9 6122 0801","http://www.elancla.cl/","Restaurante","https://www.google.com/maps/place/El+Ancla+Providencia/data=!4m7!3m6!1s0x9662cf624adfc5c7:0x1baee6a121460f2c!8m2!3d-33.4260057!4d-70.6186499!16s%2Fg%2F11bycjg_bd!19sChIJx8XfSmLPYpYRLA9GIaHmrhs?authuser=0&hl=es-419&rclk=1","-33.4260057","-70.6186499","Providencia","Metropolitana","Chile","Google Maps web scraping con Playwright","2026-05-22","Completo","Sí","","","","","","","","","","","","","","","","","el ancla","No","","No","","Restaurante","71","Medio potencial"
"Le Bistrot de Gaetan","4.7","88","Sta. Magdalena 80, Local 7, 7510054 Providencia, Región Metropolitana","(2) 2232 1054","http://www.lebistrot.cl/","Restaurante francés","https://www.google.com/maps/place/Le+Bistrot+de+Gaetan/@-33.4208641,-70.6100723,17z/data=!3m1!4b1!4m6!3m5!1s0x9662cf6627dc8ad1:0xe6d73bc9a7a6887!8m2!3d-33.4208641!4d-70.6100723!16s%2Fg%2F1wl4rt9r?authuser=0&hl=es-419&entry=ttu&g_ep=EgoyMDI2MDUxNy4wIKXMDSoASAFQAw%3D%3D","-33.4208641","-70.6100723","Providencia","Metropolitana","Chile","Google Maps web scraping con Playwright","2026-05-22","Completo","Sí","","","","","","","","","","","","","","","","","le bistrot de gaetan","No","","No","","Restaurante","80","Alto potencial"
"Ay Mi Madre Restobar Providencia","4.4","477","Gral Flores 218, 7750000 Providencia, Región Metropolitana","9 4497 8597","https://linktr.ee/Aymimadrecl","Pub restaurante","https://www.google.com/maps/place/Ay+Mi+Madre+Restobar+Providencia/data=!4m7!3m6!1s0x9662cf31549a0e2f:0xe91ba3c5bee359c3!8m2!3d-33.426514!4d-70.6200915!16s%2Fg%2F11n08wt6lj!19sChIJLw6aVDHPYpYRw1njvsWjG-k?authuser=0&hl=es-419&rclk=1","-33.426514","-70.6200915","Providencia","Metropolitana","Chile","Google Maps web scraping con Playwright","2026-05-22","Completo","Sí","","","","","","","","","","","","","","","","","ay mi madre","Sí","ay mi","Sí","DUP-005","Bar/Pub","84","Alto potencial"
"Casaluz Restaurant","4.5","05","Av. Italia 805, 7501184 Providencia, Región Metropolitana","9 8328 3329","https://www.casaluzrestaurant.cl/","Restaurante","https://www.google.com/maps/place/Casaluz+Restaurant/@-33.4421855,-70.6264657,17z/data=!3m1!4b1!4m6!3m5!1s0x9662c581e19870c3:0x9be183df6be6387c!8m2!3d-33.4421855!4d-70.6264657!16s%2Fg%2F1tx16kc6?authuser=0&hl=es-419&entry=ttu&g_ep=EgoyMDI2MDUxNy4wIKXMDSoASAFQAw%3D%3D","-33.4421855","-70.6264657","Providencia","Metropolitana","Chile","Google Maps web scraping con Playwright","2026-05-22","Completo","Sí","","","","","","","","","","","","","","","","","casaluz","No","","No","","Restaurante","68","Medio potencial"
"Giratorio","4.5","88","Av. Nueva Providencia 2250, 7500000 Providencia, Región Metropolitana","9 4247 3940","http://giratorio.cl/","Restaurante","https://www.google.com/maps/place/Giratorio/data=!4m7!3m6!1s0x9662cf68c0b11a77:0x2943c2e12a71bae4!8m2!3d-33.421721!4d-70.6085958!16s%2Fg%2F1hjhbv_h4!19sChIJdxqxwGjPYpYR5LpxKuHCQyk?authuser=0&hl=es-419&rclk=1","-33.421721","-70.6085958","Providencia","Metropolitana","Chile","Google Maps web scraping con Playwright","2026-05-22","Completo","Sí","","","","","","","","","","","","","","","","","giratorio","No","","No","","Restaurante","79","Alto potencial"
"Carrer Nou","4.6","26","Miguel Claro 1802, 7501394 Providencia, Región Metropolitana","(2) 2727 1161","https://www.facebook.com/CarrerNouCL/","Restaurante de cocina española","https://www.google.com/maps/place/Carrer+Nou/data=!4m7!3m6!1s0x9662cf814b9705a5:0x7d584a20336bdc9!8m2!3d-33.4455205!4d-70.6168304!16s%2Fg%2F11ckqrj8n1!19sChIJpQWXS4HPYpYRyb02A6KE1Qc?authuser=0&hl=es-419&rclk=1","-33.4455205","-70.6168304","Providencia","Metropolitana","Chile","Google Maps web scraping con Playwright","2026-05-22","Completo","Sí","","","","","","","","","","","","","","","","","carrer nou","No","","No","","Restaurante","75","Medio potencial"
"Restaurante Peumayen - Comida Chilena Santiago","4.5","91","Constitución 136, 7520367 Providencia, Región Metropolitana","","https://www.peumayenchile.cl/","Restaurante chileno","https://www.google.com/maps/place/Restaurante+Peumayen+-+Comida+Chilena+Santiago/data=!4m7!3m6!1s0x9662c59aa16db1dd:0x1766370983bcca20!8m2!3d-33.4328182!4d-70.6350162!16s%2Fg%2F11b6z1sxl8!19sChIJ3bFtoZrFYpYRIMq8gwk3Zhc?authuser=0&hl=es-419&rclk=1","-33.4328182","-70.6350162","Providencia","Metropolitana","Chile","Google Maps web scraping con Playwright","2026-05-22","Sin teléfono","Sí","","","","","","","","","","","","","","","","Sin teléfono visible","peumayen comida chilena santiago","No","","No","","Restaurante","61","Medio potencial"
"Le Flaubert","4.5","682","Orrego Luco 125, 7510105 Providencia, Región Metropolitana","9 9820 6921","https://leflaubert.cl/","Restaurante","https://www.google.com/maps/place/Le+Flaubert/data=!4m7!3m6!1s0x9662cf66f40e9c4b:0x1436ab6a7739daf5!8m2!3d-33.4221115!4d-70.6128618!16s%2Fg%2F1tz72lg5!19sChIJS5wO9GbPYpYR9do5d2qrNhQ?authuser=0&hl=es-419&rclk=1","-33.4221115","-70.6128618","Providencia","Metropolitana","Chile","Google Maps web scraping con Playwright","2026-05-22","Completo","Sí","","","","","","","","","","","","","","","","","le flaubert","No","","No","","Restaurante","86","Alto potencial"
"La Brava Restaurant","4.6","171","Av. Providencia 1713, 7500528 Providencia, Región Metropolitana","9 3644 3842","https://rest.nuvy.cl/la-brava","Restaurante","https://www.google.com/maps/place/La+Brava+Restaurant/@-33.4268293,-70.6150193,17z/data=!3m1!4b1!4m6!3m5!1s0x9662cf0007137975:0xfef2a0c7b5929a5c!8m2!3d-33.4268293!4d-70.6150193!16s%2Fg%2F11xn6z0qkj?authuser=0&hl=es-419&entry=ttu&g_ep=EgoyMDI2MDUxNy4wIKXMDSoASAFQAw%3D%3D","-33.4268293","-70.6150193","Providencia","Metropolitana","Chile","Google Maps web scraping con Playwright","2026-05-22","Completo","Sí","","","","","","","","","","","","","","","","","la brava","No","","No","","Restaurante","82","Alto potencial"
"Del Beto Restaurant","4.3","56","Manuel Montt 1828, 7501280 Providencia, Región Metropolitana","(2) 2209 0206","http://delbeto.cl/","Restaurante chileno","https://www.google.com/maps/place/Del+Beto+Restaurant/@-33.4444713,-70.6141735,17z/data=!3m1!4b1!4m6!3m5!1s0x9662cf83ed3d8115:0xa4d5d3532a0430e8!8m2!3d-33.4444713!4d-70.6141735!16s%2Fg%2F1tj6w0d9?authuser=0&hl=es-419&entry=ttu&g_ep=EgoyMDI2MDUxNy4wIKXMDSoASAFQAw%3D%3D","-33.4444713","-70.6141735","Providencia","Metropolitana","Chile","Google Maps web scraping con Playwright","2026-05-22","Completo","Sí","","","","","","","","","","","","","","","","","del beto","No","","No","","Restaurante","75","Medio potencial"
"Eladio Restaurant Providencia","4.4","98","Av. Nueva Providencia 2250, 7510086 Providencia, Región Metropolitana","9 9530 4537","http://www.eladio.cl/","Restaurante","https://www.google.com/maps/place/Eladio+Restaurant+Providencia/data=!4m7!3m6!1s0x9662cf68bef264ff:0xeb1ffbda7ce6dec6!8m2!3d-33.421716!4d-70.6085802!16s%2Fg%2F1v2kymky!19sChIJ_2TyvmjPYpYRxt7mfNr7H-s?authuser=0&hl=es-419&rclk=1","-33.421716","-70.6085802","Providencia","Metropolitana","Chile","Google Maps web scraping con Playwright","2026-05-22","Completo","Sí","","","","","","","","","","","","","","","","","eladio","No","","No","","Restaurante","78","Alto potencial"
"Bar Liguria Manuel Montt","4.3","16","Av. Providencia 1353, 7500575 Santiago, Providencia, Región Metropolitana","","http://www.liguria.cl/","Restaurante","https://www.google.com/maps/place/Bar+Liguria+Manuel+Montt/@-33.4284996,-70.6191305,17z/data=!3m1!4b1!4m6!3m5!1s0x9662cf62e6a64093:0x7a36ab4eafc5b3a7!8m2!3d-33.4284996!4d-70.6191305!16s%2Fg%2F1hhm352mj?authuser=0&hl=es-419&entry=ttu&g_ep=EgoyMDI2MDUxNy4wIKXMDSoASAFQAw%3D%3D","-33.4284996","-70.6191305","Providencia","Metropolitana","Chile","Google Maps web scraping con Playwright","2026-05-22","Sin teléfono","Sí","","","","","","","","","","","","","","","","Sin teléfono visible","bar liguria manuel montt","No","","No","","Bar/Pub","53","Bajo potencial"
"La Bifería","4.4","27","065, Av. Pedro de Valdivia, Providencia, Santiago, Región Metropolitana","(2) 2231 4677","https://www.labiferia.cl/","Restaurante especializado en filetes","https://www.google.com/maps/place/La+Bifer%C3%ADa/data=!4m7!3m6!1s0x9662cf668887840f:0xca13f08fa4fcfd86!8m2!3d-33.4228831!4d-70.6128602!16s%2Fg%2F12hyf2gfj!19sChIJD4SHiGbPYpYRhv38pI_wE8o?authuser=0&hl=es-419&rclk=1","-33.4228831","-70.6128602","Providencia","Metropolitana","Chile","Google Maps web scraping con Playwright","2026-05-22","Completo","Sí","","","","","","","","","","","","","","","","","la biferia","No","","No","","Restaurante","73","Medio potencial"
"Pal´Mar Restaurant","4.9","73","Condell 621, 7500000 Providencia, Región Metropolitana","9 9677 1812","http://www.palmarr.com/","Marisquería","https://www.google.com/maps/place/Pal%C2%B4Mar+Restaurant/data=!4m7!3m6!1s0x9662c532355eb9f1:0x50a389fa5e63504d!8m2!3d-33.4408405!4d-70.627778!16s%2Fg%2F11sh7rl04_!19sChIJ8bleNTLFYpYRTVBjXvqJo1A?authuser=0&hl=es-419&rclk=1","-33.4408405","-70.627778","Providencia","Metropolitana","Chile","Google Maps web scraping con Playwright","2026-05-22","Completo","Sí","","","","","","","","","","","","","","","","","pal mar","No","","No","","Restaurante","81","Alto potencial"
"TPM BAR Barrio Italia","3.9","652","Av. Italia 1226, 7501297 Providencia, Región Metropolitana","9 7649 3292","http://www.tpmbar.cl/","Bar restaurante","https://www.google.com/maps/place/TPM+BAR+Barrio+Italia/data=!4m7!3m6!1s0x9662c56cf0e6687b:0xa1a3e66c58d204a2!8m2!3d-33.4458846!4d-70.6250865!16s%2Fg%2F11shy38b39!19sChIJe2jm8GzFYpYRogTSWGzmo6E?authuser=0&hl=es-419&rclk=1","-33.4458846","-70.6250865","Providencia","Metropolitana","Chile","Google Maps web scraping con Playwright","2026-05-22","Completo","Sí","","","","","","","","","","","","","","","","","tpm bar barrio italia","No","","No","","Bar/Pub","82","Alto potencial"
"Bar Porfirio","4.5","922","Manuel Montt 697, 7500972 Providencia, Región Metropolitana","9 3391 9721","https://barporfirio.com/","Restaurante","https://www.google.com/maps/place/Bar+Porfirio/data=!4m7!3m6!1s0x9662cf96ce215003:0xc98947b728875671!8m2!3d-33.4346145!4d-70.6168949!16s%2Fg%2F11j0hsv5fl!19sChIJA1AhzpbPYpYRcVaHKLdHick?authuser=0&hl=es-419&rclk=1","-33.4346145","-70.6168949","Providencia","Metropolitana","Chile","Google Maps web scraping con Playwright","2026-05-22","Completo","Sí","","","","","","","","","","","","","","","","","bar porfirio","No","","No","","Bar/Pub","87","Alto potencial"
"OCULTO BEERGARDEN","4.6","16","Gral. Salvo 38, 7500 669, 7500669 Providencia, Región Metropolitana","","http://www.oculto.cl/","Restaurante","https://www.google.com/maps/place/OCULTO+BEERGARDEN/@-33.4334369,-70.625374,17z/data=!3m1!4b1!4m6!3m5!1s0x9662c5a37ed8cbd3:0x765c5a48fc6c3aac!8m2!3d-33.4334369!4d-70.625374!16s%2Fg%2F11jmwrpqk4?authuser=0&hl=es-419&entry=ttu&g_ep=EgoyMDI2MDUxNy4wIKXMDSoASAFQAw%3D%3D","-33.4334369","-70.625374","Providencia","Metropolitana","Chile","Google Maps web scraping con Playwright","2026-05-22","Sin teléfono","Sí","","","","","","","","","","","","","","","","Sin teléfono visible","oculto beergarden","No","","No","","Restaurante","55","Medio potencial"
"Nativo La Reina","4.6","454","Av. Príncipe de Gales 9140, 7860491 La Reina, Región Metropolitana","9 9098 4332","http://nativobar.cl/","Bar restaurante","https://www.google.com/maps/place/Nativo+La+Reina/data=!4m7!3m6!1s0x9662cf98005e3acf:0xb38e80ec60c96241!8m2!3d-33.4399398!4d-70.5352481!16s%2Fg%2F11jsy_22np!19sChIJzzpeAJjPYpYRQWLJYOyAjrM?authuser=0&hl=es-419&rclk=1","-33.4399398","-70.5352481","La Reina","Metropolitana","Chile","Google Maps web scraping con Playwright","2026-05-22","Completo","Sí","","","","","","","","","","","","","","","","","nativo","No","","No","","Bar/Pub","85","Alto potencial"
"Rishtedar La Reina","4.6","60","Av. Príncipe de Gales 6500, 7850286 La Reina, Región Metropolitana","(2) 3235 9977","https://www.rishtedar.cl/","Restaurante indio","https://www.google.com/maps/place/Rishtedar+La+Reina/@-33.4381564,-70.5647696,17z/data=!3m1!4b1!4m6!3m5!1s0x9662cfef049c5a59:0x62d7e0cee1a1dfbe!8m2!3d-33.4381564!4d-70.5647696!16s%2Fg%2F11mpclnd94?authuser=0&hl=es-419&entry=ttu&g_ep=EgoyMDI2MDUxNy4wIKXMDSoASAFQAw%3D%3D","-33.4381564","-70.5647696","La Reina","Metropolitana","Chile","Google Maps web scraping con Playwright","2026-05-22","Completo","Sí","","","","","","","","","","","","","","","","","rishtedar","Sí","rishtedar","Sí","DUP-003","Restaurante","78","Alto potencial"
"MANTO Restaurant","4.5","84","Av. Alcalde Fernando Castillo Velasco 9047, La Reina, Región Metropolitana","9 2204 7306","https://instagram.com/mantorestaurant?utm_medium=copy_link","Restaurante","https://www.google.com/maps/place/MANTO+Restaurant/@-33.4519618,-70.538348,17z/data=!3m1!4b1!4m6!3m5!1s0x9662cfcbb11141c9:0x35a4bac8a7ee582a!8m2!3d-33.4519618!4d-70.538348!16s%2Fg%2F11srb13rs3?authuser=0&hl=es-419&entry=ttu&g_ep=EgoyMDI2MDUxNy4wIKXMDSoASAFQAw%3D%3D","-33.4519618","-70.538348","La Reina","Metropolitana","Chile","Google Maps web scraping con Playwright","2026-05-22","Completo","Sí","","","","","","","","","","","","","","","","","manto","No","","No","","Restaurante","78","Alto potencial"
"Restaurante Peruano Mar Azul - La Reina","4.6","84","Av. Ossa 2294, 7850054 La Reina, Región Metropolitana","9 6520 5381","https://instagram.com/marazul_lareina?igshid=YmMyMTA2M2Y=","Restaurante peruano","https://www.google.com/maps/place/Restaurante+Peruano+Mar+Azul+-+La+Reina/data=!4m7!3m6!1s0x9662cfd6a982ad4f:0x3ef9442dc655264c!8m2!3d-33.4318791!4d-70.574902!16s%2Fg%2F11rz4qssd2!19sChIJT62CqdbPYpYRTCZVxi1E-T4?authuser=0&hl=es-419&rclk=1","-33.4318791","-70.574902","La Reina","Metropolitana","Chile","Google Maps web scraping con Playwright","2026-05-22","Completo","Sí","","","","","","","","","","","","","","","","","peruano mar azul","No","","No","","Restaurante","79","Alto potencial"
"Majka bistro","4.5","378","Av. Príncipe de Gales 7102, 7850291 La Reina, Región Metropolitana","9 9349 8825","http://www.majka.bistro.cl/","Restaurante","https://www.google.com/maps/place/Majka+bistro/data=!4m7!3m6!1s0x9662cf0998558ffb:0xa642f0ef4fafcc28!8m2!3d-33.4386378!4d-70.5580849!16s%2Fg%2F11tj6jsqrx!19sChIJ-49VmAnPYpYRKMyvT-_wQqY?authuser=0&hl=es-419&rclk=1","-33.4386378","-70.5580849","La Reina","Metropolitana","Chile","Google Maps web scraping con Playwright","2026-05-22","Completo","Sí","","","","","","","","","","","","","","","","","majka bistro","No","","No","","Restaurante","84","Alto potencial"
"Restaurante Criollo Internacional | El Patio Echeñique | Lounge Bar","3.7","698","Av. Echeñique 6315, 7850434 La Reina, Región Metropolitana","9 5803 5115","","Restaurante","https://www.google.com/maps/place/Restaurante+Criollo+Internacional+%7C+El+Patio+Eche%C3%B1ique+%7C+Lounge+Bar/@-33.4450936,-70.5660145,17z/data=!3m1!4b1!4m6!3m5!1s0x9662cfe8e5c3ded5:0x4bb76a377dd89198!8m2!3d-33.4450936!4d-70.5660145!16s%2Fg%2F11tcv3fwx0?authuser=0&hl=es-419&entry=ttu&g_ep=EgoyMDI2MDUxNy4wIKXMDSoASAFQAw%3D%3D","-33.4450936","-70.5660145","La Reina","Metropolitana","Chile","Google Maps web scraping con Playwright","2026-05-22","Parcial","Sí","","","","","","","","","","","","","","","","","criollo internacional el patio echenique lounge bar","No","","No","","Bar/Pub","67","Medio potencial"
"La Fuente Reina","4.1","62","Av. Echeñique 8540, La Reina, Región Metropolitana","9 3239 7261","http://www.lafuentereina.cl/","Restaurante","https://www.google.com/maps/place/La+Fuente+Reina/data=!4m7!3m6!1s0x9662ce6ee23a6d41:0x428d73a4f02fff8b!8m2!3d-33.4416745!4d-70.5430468!16s%2Fg%2F11b8_pfyv2!19sChIJQW064m7OYpYRi_8v8KRzjUI?authuser=0&hl=es-419&rclk=1","-33.4416745","-70.5430468","La Reina","Metropolitana","Chile","Google Maps web scraping con Playwright","2026-05-22","Completo","Sí","","","","","","","","","","","","","","","","","la fuente reina","Sí","la fuente","No","","Restaurante","74","Medio potencial"
"Mirá Vos - La Reina","4.4","184","Carlos Ossandón 75, 7500000 La Reina, Región Metropolitana","(55) 294 3434","http://www.miravos.cl/","Restaurante","https://www.google.com/maps/place/Mir%C3%A1+Vos+-+La+Reina/data=!4m7!3m6!1s0x9662cf74d37d9353:0x64bc36c209e55d0a!8m2!3d-33.4494895!4d-70.5434544!16s%2Fg%2F11v3_77_yz!19sChIJU5N903TPYpYRCl3lCcI2vGQ?authuser=0&hl=es-419&rclk=1","-33.4494895","-70.5434544","La Reina","Metropolitana","Chile","Google Maps web scraping con Playwright","2026-05-22","Completo","Sí","","","","","","","","","","","","","","","","","mira vos","No","","No","","Restaurante","81","Alto potencial"
"Caleta La Reina","4.4","697","Valenzuela Llanos 1358, 7860075 La Reina, Región Metropolitana","(2) 2993 5498","https://www.caletalareina.cl/","Restaurante","https://www.google.com/maps/place/Caleta+La+Reina/data=!4m7!3m6!1s0x9662ce70da1a5c9b:0x8953fc9ad2c0866e!8m2!3d-33.4399483!4d-70.5333349!16s%2Fg%2F11dxq2tymz!19sChIJm1wa2nDOYpYRbobA0pr8U4k?authuser=0&hl=es-419&rclk=1","-33.4399483","-70.5333349","La Reina","Metropolitana","Chile","Google Maps web scraping con Playwright","2026-05-22","Completo","Sí","","","","","","","","","","","","","","","","","caleta","No","","No","","Restaurante","86","Alto potencial"
"El Fogón del Gaucho","4.3","51","Av. Echeñique 6483, 7850420 La Reina, Región Metropolitana","(2) 2226 5583","http://fogondelgaucho.cl/","Restaurante","https://www.google.com/maps/place/El+Fog%C3%B3n+del+Gaucho/@-33.4448001,-70.5645338,17z/data=!3m1!4b1!4m6!3m5!1s0x9662ce7185a04db3:0x4b8ad831d51e6612!8m2!3d-33.4448001!4d-70.5645338!16s%2Fg%2F1vv2tfr7?authuser=0&hl=es-419&entry=ttu&g_ep=EgoyMDI2MDUxNy4wIKXMDSoASAFQAw%3D%3D","-33.4448001","-70.5645338","La Reina","Metropolitana","Chile","Google Maps web scraping con Playwright","2026-05-22","Completo","Sí","","","","","","","","","","","","","","","","","el fogon del gaucho","No","","No","","Restaurante","75","Medio potencial"
"La Fuente Carrera","4.7","41","Av. Larraín 6097, 7870187 La Reina, Región Metropolitana","9 9520 8103","https://lafuentecarrera.cl/","Restaurante","https://www.google.com/maps/place/La+Fuente+Carrera/@-33.4533085,-70.5668294,17z/data=!3m1!4b1!4m6!3m5!1s0x9662cfeb359d9aed:0x3ca0a354368ab903!8m2!3d-33.4533085!4d-70.5668294!16s%2Fg%2F11jj4zp3qz?authuser=0&hl=es-419&entry=ttu&g_ep=EgoyMDI2MDUxNy4wIKXMDSoASAFQAw%3D%3D","-33.4533085","-70.5668294","La Reina","Metropolitana","Chile","Google Maps web scraping con Playwright","2026-05-22","Completo","Sí","","","","","","","","","","","","","","","","","la fuente carrera","Sí","la fuente","No","","Restaurante","77","Medio potencial"
"Vecchia Casa restobar","4.6","476","Av. Larraín 6026, 7870125 La Reina, Región Metropolitana","9 7931 2095","https://vecchiacasarestobar.cl/","Restaurante","https://www.google.com/maps/place/Vecchia+Casa+restobar/@-33.4531048,-70.5676562,17z/data=!3m1!4b1!4m6!3m5!1s0x9662ce49f124307b:0x59b109a9939ed6bc!8m2!3d-33.4531048!4d-70.5676562!16s%2Fg%2F11bvt187pp?authuser=0&hl=es-419&entry=ttu&g_ep=EgoyMDI2MDUxNy4wIKXMDSoASAFQAw%3D%3D","-33.4531048","-70.5676562","La Reina","Metropolitana","Chile","Google Maps web scraping con Playwright","2026-05-22","Completo","Sí","","","","","","","","","","","","","","","","","vecchia casa","No","","No","","Bar/Pub","86","Alto potencial"
"La Fonda Paisa Terraza Bar","4.2","206","Av. Alcalde Fernando Castillo Velasco 8517, 7860367 La Reina, Región Metropolitana","9 2046 7417","","Bar restaurante","https://www.google.com/maps/place/La+Fonda+Paisa+Terraza+Bar/@-33.4514878,-70.5428287,17z/data=!3m1!4b1!4m6!3m5!1s0x9662cf5e15dd6799:0xfd6686523076d5a1!8m2!3d-33.4514878!4d-70.5428287!16s%2Fg%2F11ppjntz69?authuser=0&hl=es-419&entry=ttu&g_ep=EgoyMDI2MDUxNy4wIKXMDSoASAFQAw%3D%3D","-33.4514878","-70.5428287","La Reina","Metropolitana","Chile","Google Maps web scraping con Playwright","2026-05-22","Parcial","Sí","","","","","","","","","","","","","","","","","la fonda paisa terraza bar","No","","No","","Bar/Pub","66","Medio potencial"
"Restaurant Nan Fang La reina","4.6","435","Aguas Claras 1601, 7850327 La Reina, Región Metropolitana","(2) 2227 7596","http://www.restaurantnanfang.cl/","Restaurante chino","https://www.google.com/maps/place/Restaurant+Nan+Fang+La+reina/data=!4m7!3m6!1s0x9662ce5b153ede8d:0x4587872a3c76776a!8m2!3d-33.4402615!4d-70.5572938!16s%2Fg%2F1tykwlnf!19sChIJjd4-FVvOYpYRand2PCqHh0U?authuser=0&hl=es-419&rclk=1","-33.4402615","-70.5572938","La Reina","Metropolitana","Chile","Google Maps web scraping con Playwright","2026-05-22","Completo","Sí","","","","","","","","","","","","","","","","","nan fang","No","","No","","Restaurante","85","Alto potencial"
"Alemán Experto La Reina","4.6","703","Av. Ossa 655, 7870053 La Reina, Región Metropolitana","9 5451 1718","https://www.alemanexperto.cl/","Restaurante","https://www.google.com/maps/place/Alem%C3%A1n+Experto+La+Reina/@-33.4476738,-70.5712117,17z/data=!3m1!4b1!4m6!3m5!1s0x9662cf3cb647e3db:0x9eade190733dd480!8m2!3d-33.4476738!4d-70.5712117!16s%2Fg%2F11l72v5qy1?authuser=0&hl=es-419&entry=ttu&g_ep=EgoyMDI2MDUxNy4wIKXMDSoASAFQAw%3D%3D","-33.4476738","-70.5712117","La Reina","Metropolitana","Chile","Google Maps web scraping con Playwright","2026-05-22","Completo","Sí","","","","","","","","","","","","","","","","","aleman experto","Sí","aleman experto","No","","Restaurante","87","Alto potencial"
"El DUO","4.6","647","Av. Larraín 6367, 7870176 La Reina, Región Metropolitana","9 5324 4393","https://www.elduorestaurant.cl/","Restaurante","https://www.google.com/maps/place/El+DUO/@-33.4530421,-70.5639659,17z/data=!3m1!4b1!4m6!3m5!1s0x9662ce483b4a011b:0x1321b75deaa90219!8m2!3d-33.4530421!4d-70.5639659!16s%2Fg%2F11cns8g5z6?authuser=0&hl=es-419&entry=ttu&g_ep=EgoyMDI2MDUxNy4wIKXMDSoASAFQAw%3D%3D","-33.4530421","-70.5639659","La Reina","Metropolitana","Chile","Google Maps web scraping con Playwright","2026-05-22","Completo","Sí","","","","","","","","","","","","","","","","","el duo","No","","No","","Restaurante","87","Alto potencial"
"Casa Valerio Restaurant","4.4","64","Av. Larraín 6580, 7870165 La Reina, Región Metropolitana","(2) 2699 6349","https://casavalerio.cl/","Restaurante peruano","https://www.google.com/maps/place/Casa+Valerio+Restaurant/data=!4m7!3m6!1s0x9662c5ad21577f41:0xba98ab0e8dbffc96!8m2!3d-33.4522001!4d-70.5618285!16s%2Fg%2F11b_2njgy4!19sChIJQX9XIa3FYpYRlvy_jQ6rmLo?authuser=0&hl=es-419&rclk=1","-33.4522001","-70.5618285","La Reina","Metropolitana","Chile","Google Maps web scraping con Playwright","2026-05-22","Completo","Sí","","","","","","","","","","","","","","","","","casa valerio","No","","No","","Restaurante","77","Medio potencial"
"Lima Limón La Reina","4.3","42","Av. Príncipe de Gales 7218, 7850291 La Reina, Región Metropolitana","(2) 2839 0285","http://www.limalimonrest.cl/","Restaurante peruano","https://www.google.com/maps/place/Lima+Lim%C3%B3n+La+Reina/data=!4m7!3m6!1s0x9662ce5b7f2954d1:0xe7f1362d3d2bd41b!8m2!3d-33.4386034!4d-70.5572379!16s%2Fg%2F11c0vldmsf!19sChIJ0VQpf1vOYpYRG9QrPS028ec?authuser=0&hl=es-419&rclk=1","-33.4386034","-70.5572379","La Reina","Metropolitana","Chile","Google Maps web scraping con Playwright","2026-05-22","Completo","Sí","","","","","","","","","","","","","","","","","lima limon","No","","No","","Restaurante","74","Medio potencial"
"Casa Pacifico","4.9","56","Carlos Silva Vildósola 9323, Local 201, 7860379 La Reina, Región Metropolitana","9 9378 9115","","Restaurante","https://www.google.com/maps/place/Casa+Pacifico/@-33.4408983,-70.5334422,17z/data=!3m1!4b1!4m6!3m5!1s0x9662cf480e4ced61:0x505493b78ac03af!8m2!3d-33.4408983!4d-70.5334422!16s%2Fg%2F11md3pvkwt?authuser=0&hl=es-419&entry=ttu&g_ep=EgoyMDI2MDUxNy4wIKXMDSoASAFQAw%3D%3D","-33.4408983","-70.5334422","La Reina","Metropolitana","Chile","Google Maps web scraping con Playwright","2026-05-22","Parcial","Sí","","","","","","","","","","","","","","","","","casa pacifico","No","","No","","Restaurante","66","Medio potencial"
"Rossie La Loca - La Reina","4.7","387","Aguas Claras 1700, Local 12, 8933618 La Reina, Región Metropolitana","9 8319 0114","http://www.rossielaloca.cl/","Bar","https://www.google.com/maps/place/Rossie+La+Loca+-+La+Reina/data=!4m7!3m6!1s0x9662cfea2a83a653:0xe5457febea8db8cc!8m2!3d-33.4391642!4d-70.5568456!16s%2Fg%2F11wbdssxp8!19sChIJU6aDKurPYpYRzLiN6ut_ReU?authuser=0&hl=es-419&rclk=1","-33.4391642","-70.5568456","La Reina","Metropolitana","Chile","Google Maps web scraping con Playwright","2026-05-22","Completo","No","","","","","","","","","","","","","","","","","rossie la loca","No","","No","","Bar/Pub","82","Bajo potencial"
"Mister Fish La Reina","4.5","439","Av. Francisco Bilbao 5359, 7850038 La Reina, Región Metropolitana","(2) 3339 9289","http://www.misterfish.cl/","Pub restaurante","https://www.google.com/maps/place/Mister+Fish+La+Reina/data=!4m7!3m6!1s0x9662cfc0eace1ae3:0xdac4b383858abb36!8m2!3d-33.4314761!4d-70.578257!16s%2Fg%2F11ls_nm_xd!19sChIJ4xrO6sDPYpYRNruKhYOzxNo?authuser=0&hl=es-419&rclk=1","-33.4314761","-70.578257","La Reina","Metropolitana","Chile","Google Maps web scraping con Playwright","2026-05-22","Completo","Sí","","","","","","","","","","","","","","","","","mister fish","No","","No","","Bar/Pub","85","Alto potencial"
"El Japonés - MallPlaza Egaña","4.8","31","Av. Larraín 5862, 7870154 La Reina, Región Metropolitana","","https://eljaponeschile.com/locales/","Restaurante","https://www.google.com/maps/place/El+Japon%C3%A9s+-+MallPlaza+Ega%C3%B1a/data=!4m7!3m6!1s0x9662cf85bf55bc7d:0xdc8042e989203a0b!8m2!3d-33.4524377!4d-70.5694704!16s%2Fg%2F11shx7yg7v!19sChIJfbxVv4XPYpYRCzogielCgNw?authuser=0&hl=es-419&rclk=1","-33.4524377","-70.5694704","La Reina","Metropolitana","Chile","Google Maps web scraping con Playwright","2026-05-22","Sin teléfono","Sí","","","","","","","","","","","","","","","","Sin teléfono visible","el japones mallplaza egana","Sí","el japones","No","","Restaurante","59","Medio potencial"
"La Cabrera Al Paso Egaña","4.8","468","Av. Larraín 5862, 7870154 La Reina, Región Metropolitana","9 3357 9943","http://lacabreraalpaso.cl/","Restaurante especializado en barbacoa","https://www.google.com/maps/place/La+Cabrera+Al+Paso+Ega%C3%B1a/data=!4m7!3m6!1s0x9662cf00018543bd:0xa745b446141cd7d0!8m2!3d-33.4522161!4d-70.5691478!16s%2Fg%2F11lydt55qj!19sChIJvUOFAQDPYpYR0NccFEa0Rac?authuser=0&hl=es-419&rclk=1","-33.4522161","-70.5691478","La Reina","Metropolitana","Chile","Google Maps web scraping con Playwright","2026-05-22","Completo","Sí","","","","","","","","","","","","","","","","","la cabrera al paso egana","Sí","la cabrera","No","","Bar/Pub","87","Alto potencial"
"Mattarello","4.2","44","Av. Príncipe de Gales 6560, 7850000 La Reina, Región Metropolitana","9 5818 0896","http://www.mattarello.cl/","Restaurante italiano","https://www.google.com/maps/place/Mattarello/data=!4m7!3m6!1s0x9662ce50c17b5211:0x7401100e212ac2cd!8m2!3d-33.4383135!4d-70.5641203!16s%2Fg%2F11gfdv9jck!19sChIJEVJ7wVDOYpYRzcIqIQ4QAXQ?authuser=0&hl=es-419&rclk=1","-33.4383135","-70.5641203","La Reina","Metropolitana","Chile","Google Maps web scraping con Playwright","2026-05-22","Completo","Sí","","","","","","","","","","","","","","","","","mattarello","No","","No","","Restaurante","74","Medio potencial"
"¡Ay mi Madre! Restobar Plaza Ñuñoa","4.9","152","Alcaldesa Balbina Vera 3550, 7750000 Ñuñoa, Región Metropolitana","9 4497 8597","","Restaurante","https://www.google.com/maps/place/%C2%A1Ay+mi+Madre!+Restobar+Plaza+%C3%91u%C3%B1oa/data=!4m7!3m6!1s0x9662cfd02d008955:0x95e3c1a6b2a42343!8m2!3d-33.4536316!4d-70.5936559!16s%2Fg%2F11ms539982!19sChIJVYkALdDPYpYRQyOksqbB45U?authuser=0&hl=es-419&rclk=1","-33.4536316","-70.5936559","Ñuñoa","Metropolitana","Chile","Google Maps web scraping con Playwright","2026-05-22","Parcial","Sí","","","","","","","","","","","","","","","","","ay mi madre plaza","Sí","ay mi","No","","Bar/Pub","69","Medio potencial"
"Castillo Hamburgo","4.7","27","Los Tres Antonios 397, 7750254 Ñuñoa, Región Metropolitana","(2) 2343 2198","https://castillo-hamburgo.getjusto.com/","Restaurante","https://www.google.com/maps/place/Castillo+Hamburgo/@-33.4583194,-70.6033061,17z/data=!3m1!4b1!4m6!3m5!1s0x9662cfee6466d97d:0xa94dd23e0552f06!8m2!3d-33.4583194!4d-70.6033061!16s%2Fg%2F11p6vdjl9h?authuser=0&hl=es-419&entry=ttu&g_ep=EgoyMDI2MDUxNy4wIKXMDSoASAFQAw%3D%3D","-33.4583194","-70.6033061","Ñuñoa","Metropolitana","Chile","Google Maps web scraping con Playwright","2026-05-22","Completo","Sí","","","","","","","","","","","","","","","","","castillo hamburgo","No","","No","","Restaurante","76","Medio potencial"
"Patio Almeyda","4.5","98","Dublé Almeyda 2900, 7750074 Ñuñoa, Región Metropolitana","9 6202 8525","http://www.patioalmeyda.cl/","Bar","https://www.google.com/maps/place/Patio+Almeyda/data=!4m7!3m6!1s0x9662cf6bc62c30d7:0x6d0ec7ffff7b88a0!8m2!3d-33.4558115!4d-70.6012551!16s%2Fg%2F11q8t60l20!19sChIJ1zAsxmvPYpYRoIh7___HDm0?authuser=0&hl=es-419&rclk=1","-33.4558115","-70.6012551","Ñuñoa","Metropolitana","Chile","Google Maps web scraping con Playwright","2026-05-22","Completo","No","","","","","","","","","","","","","","","","","patio almeyda","No","","No","","Bar/Pub","75","Bajo potencial"
"Piccola Italia Plaza ñuñoa","4.6","234","Jorge Washington 111, 7790864 Ñuñoa, Región Metropolitana","(2) 2994 2086","https://gour.media/la-piccola-italia/alameda/","Restaurante italiano","https://www.google.com/maps/place/Piccola+Italia+Plaza+%C3%B1u%C3%B1oa/@-33.4539072,-70.5933615,17z/data=!3m1!4b1!4m6!3m5!1s0x9662cf004248a8eb:0x9c828311cd264268!8m2!3d-33.4539072!4d-70.5933615!16s%2Fg%2F11ym_yb9yy?authuser=0&hl=es-419&entry=ttu&g_ep=EgoyMDI2MDUxNy4wIKXMDSoASAFQAw%3D%3D","-33.4539072","-70.5933615","Ñuñoa","Metropolitana","Chile","Google Maps web scraping con Playwright","2026-05-22","Completo","Sí","","","","","","","","","","","","","","","","","piccola italia plaza","No","","No","","Restaurante","83","Alto potencial"
"Restaurante Peruano ENTRE MAR Y TIERRA","4.7","315","Pedro de Ona 031, 8320000 Ñuñoa, Región Metropolitana","9 6463 6426","http://www.entre-marytierra.cl/","Restaurante peruano","https://www.google.com/maps/place/Restaurante+Peruano+ENTRE+MAR+Y+TIERRA/data=!4m7!3m6!1s0x9662c55d8a478a83:0x4cdbaaa649b8affb!8m2!3d-33.4539742!4d-70.629641!16s%2Fg%2F11rmsyns_f!19sChIJg4pHil3FYpYR-6-4Saaq20w?authuser=0&hl=es-419&rclk=1","-33.4539742","-70.629641","Ñuñoa","Metropolitana","Chile","Google Maps web scraping con Playwright","2026-05-22","Completo","Sí","","","","","","","","","","","","","","","","","peruano entre mar y tierra","No","","No","","Restaurante","85","Alto potencial"
"Kechua Restaurant","4.5","21","Alcaldesa Balbina Vera 3561, Local 102, 7750000 Ñuñoa, Región Metropolitana","(2) 2401 7556","https://kechuarestaurantes.cl/nunoa/","Restaurante peruano","https://www.google.com/maps/place/Kechua+Restaurant/data=!4m7!3m6!1s0x9662cfb0f4386de5:0xb5c7a28854d2fa9d!8m2!3d-33.4538533!4d-70.5937068!16s%2Fg%2F11tnm645sj!19sChIJ5W049LDPYpYRnfrSVIiix7U?authuser=0&hl=es-419&rclk=1","-33.4538533","-70.5937068","Ñuñoa","Metropolitana","Chile","Google Maps web scraping con Playwright","2026-05-22","Completo","Sí","","","","","","","","","","","","","","","","","kechua","Sí","kechua","Sí","DUP-002","Restaurante","73","Medio potencial"
"Como en Lima","4.3","625","Manuel de Salas 71, 7790570 Ñuñoa, Región Metropolitana","(2) 2209 8867","","Restaurante","https://www.google.com/maps/place/Como+en+Lima/data=!4m7!3m6!1s0x9662cfbec3166451:0x5bacdff36b13c56!8m2!3d-33.4545639!4d-70.5931006!16s%2Fg%2F11cn9mz9v4!19sChIJUWQWw77PYpYRVjyxNv_NugU?authuser=0&hl=es-419&rclk=1","-33.4545639","-70.5931006","Ñuñoa","Metropolitana","Chile","Google Maps web scraping con Playwright","2026-05-22","Parcial","Sí","","","","","","","","","","","","","","","","","como en lima","No","","No","","Restaurante","71","Medio potencial"
"La Finestra","4.4","32","Av. Irarrázaval 3465, 7790825 Ñuñoa, Región Metropolitana","(2) 2205 4502","http://www.lafinestra.cl/","Restaurante","https://www.google.com/maps/place/La+Finestra/@-33.4553941,-70.5948372,17z/data=!3m1!4b1!4m6!3m5!1s0x9662cfbef8dd4c6d:0xe6916fd1306cf3d4!8m2!3d-33.4553941!4d-70.5948372!16s%2Fg%2F1tfmdfmx?authuser=0&hl=es-419&entry=ttu&g_ep=EgoyMDI2MDUxNy4wIKXMDSoASAFQAw%3D%3D","-33.4553941","-70.5948372","Ñuñoa","Metropolitana","Chile","Google Maps web scraping con Playwright","2026-05-22","Completo","Sí","","","","","","","","","","","","","","","","","la finestra","No","","No","","Restaurante","74","Medio potencial"
"Punto País Restaurant","4.5","779","Av. Simón Bolívar 3175, 7770110 Ñuñoa, Región Metropolitana","(2) 3287 2188","https://www.puntopais.cl/","Restaurante","https://www.google.com/maps/place/Punto+Pa%C3%ADs+Restaurant/data=!4m7!3m6!1s0x9662cfbd41051cef:0x6c5bb104ce58f86!8m2!3d-33.4492307!4d-70.5965692!16s%2Fg%2F11f1zlnj_7!19sChIJ7xwFQb3PYpYRho_lTBC7xQY?authuser=0&hl=es-419&rclk=1","-33.4492307","-70.5965692","Ñuñoa","Metropolitana","Chile","Google Maps web scraping con Playwright","2026-05-22","Completo","Sí","","","","","","","","","","","","","","","","","punto pais","No","","No","","Restaurante","87","Alto potencial"
"Antonia Lounge","4.7","197","Manuel de Salas 162, 7790789 Ñuñoa, Región Metropolitana","9 3910 4660","https://barrioplazanunoa.cl/v2/2024/06/14/antonia-lounge/","Restaurante","https://www.google.com/maps/place/Antonia+Lounge/data=!4m7!3m6!1s0x9662cf1795ab37af:0x26f0848757404258!8m2!3d-33.453623!4d-70.5933652!16s%2Fg%2F11sbhtqq6_!19sChIJrzerlRfPYpYRWEJAV4eE8CY?authuser=0&hl=es-419&rclk=1","-33.453623","-70.5933652","Ñuñoa","Metropolitana","Chile","Google Maps web scraping con Playwright","2026-05-22","Completo","Sí","","","","","","","","","","","","","","","","","antonia lounge","No","","No","","Restaurante","83","Alto potencial"
"Restaurante Moray","4.7","749","Av. Italia 1586, 7750000 Ñuñoa, Región Metropolitana","(2) 3292 4513","http://moray.cl/","Restaurante","https://www.google.com/maps/place/Restaurante+Moray/@-33.4490363,-70.6241282,17z/data=!3m1!4b1!4m6!3m5!1s0x9662c59bf408de7f:0xf0bcf121cfe7e8ce!8m2!3d-33.4490363!4d-70.6241282!16s%2Fg%2F11pcrq1qlp?authuser=0&hl=es-419&entry=ttu&g_ep=EgoyMDI2MDUxNy4wIKXMDSoASAFQAw%3D%3D","-33.4490363","-70.6241282","Ñuñoa","Metropolitana","Chile","Google Maps web scraping con Playwright","2026-05-22","Completo","Sí","","","","","","","","","","","","","","","","","moray","No","","No","","Restaurante","88","Alto potencial"
"Ajiaco","4.5","793","Lic. de Las Peñas 5174, 7790713 Ñuñoa, Región Metropolitana","","https://www.instagram.com/elajiaconunoa/?hl=es-la","Restaurante","https://www.google.com/maps/place/Ajiaco/data=!4m7!3m6!1s0x9662cfb51b3099e3:0x6cddabfcf561183b!8m2!3d-33.4530569!4d-70.5764405!16s%2Fg%2F11c52k4vdw!19sChIJ45kwG7XPYpYROxhh9fyr3Ww?authuser=0&hl=es-419&rclk=1","-33.4530569","-70.5764405","Ñuñoa","Metropolitana","Chile","Google Maps web scraping con Playwright","2026-05-22","Sin teléfono","Sí","","","","","","","","","","","","","","","","Sin teléfono visible","ajiaco","No","","No","","Restaurante","69","Medio potencial"
"Las Lanzas","4.2","56","Humberto Trucco 25, 7790825 Ñuñoa, Región Metropolitana","(2) 2225 5589","https://www.facebook.com/Las-Lanzas-Restaurant-y-Fuente-de-Soda-17409706655/","Restaurante","https://www.google.com/maps/place/Las+Lanzas/data=!4m7!3m6!1s0x9662cf12e26cfa4f:0xe640e0e62fb2f985!8m2!3d-33.4555253!4d-70.5942732!16s%2Fg%2F11g1lwc7x9!19sChIJT_ps4hLPYpYRhfmyL-bgQOY?authuser=0&hl=es-419&rclk=1","-33.4555253","-70.5942732","Ñuñoa","Metropolitana","Chile","Google Maps web scraping con Playwright","2026-05-22","Completo","Sí","","","","","","","","","","","","","","","","","las lanzas","No","","No","","Restaurante","75","Medio potencial"
"Peyo Restaurant","4.4","57","Lo Encalada 465, 7750200 Ñuñoa, Región Metropolitana","(2) 2506 4758","https://peyo.cl/","Restaurante chileno","https://www.google.com/maps/place/Peyo+Restaurant/@-33.456417,-70.6249084,17z/data=!3m1!4b1!4m6!3m5!1s0x9662c5624b4feab9:0x3d815e7e459c8d2e!8m2!3d-33.456417!4d-70.6249084!16s%2Fg%2F1hjh8m92r?authuser=0&hl=es-419&entry=ttu&g_ep=EgoyMDI2MDUxNy4wIKXMDSoASAFQAw%3D%3D","-33.456417","-70.6249084","Ñuñoa","Metropolitana","Chile","Google Maps web scraping con Playwright","2026-05-22","Completo","Sí","","","","","","","","","","","","","","","","","peyo","No","","No","","Restaurante","76","Medio potencial"
"Barra de Pickles","4.6","651","San Eugenio 40, 7750011 Ñuñoa, Región Metropolitana","9 7539 0277","http://www.barradepickles.cl/","Restaurante","https://www.google.com/maps/place/Barra+de+Pickles/data=!4m7!3m6!1s0x9662c5b5cadac0a5:0xf1faf1d408e8024b!8m2!3d-33.4531138!4d-70.6278603!16s%2Fg%2F11q4dbx0fs!19sChIJpcDayrXFYpYRSwLoCNTx-vE?authuser=0&hl=es-419&rclk=1","-33.4531138","-70.6278603","Ñuñoa","Metropolitana","Chile","Google Maps web scraping con Playwright","2026-05-22","Completo","Sí","","","","","","","","","","","","","","","","","barra de pickles","No","","No","","Bar/Pub","87","Alto potencial"
"Golfo Di Napoli Trattoria e Pizzeria","4.6","02","Dublé Almeyda 2435, 7750147 Ñuñoa, Región Metropolitana","(2) 2341 3675","https://golfodinapoli.cl/","Restaurante italiano","https://www.google.com/maps/place/Golfo+Di+Napoli+Trattoria+e+Pizzeria/@-33.455948,-70.605786,17z/data=!3m1!4b1!4m6!3m5!1s0x9662cf916f827eaf:0x65a6a856994a5153!8m2!3d-33.455948!4d-70.605786!16s%2Fg%2F1tj1nqnk?authuser=0&hl=es-419&entry=ttu&g_ep=EgoyMDI2MDUxNy4wIKXMDSoASAFQAw%3D%3D","-33.455948","-70.605786","Ñuñoa","Metropolitana","Chile","Google Maps web scraping con Playwright","2026-05-22","Completo","Sí","","","","","","","","","","","","","","","","","golfo di napoli trattoria e pizzeria","No","","No","","Restaurante","66","Medio potencial"
"Terraza Vergel","4.6","313","Av. Italia 1571, 7770207 Ñuñoa, Región Metropolitana","","https://instagram.com/terrazavergel?igshid=YmMyMTA2M2Y=","Restaurante","https://www.google.com/maps/place/Terraza+Vergel/data=!4m7!3m6!1s0x9662c5c15107efe9:0xdd9265eded43ee4c!8m2!3d-33.4490585!4d-70.624408!16s%2Fg%2F11kj0530d4!19sChIJ6e8HUcHFYpYRTO5D7e1lkt0?authuser=0&hl=es-419&rclk=1","-33.4490585","-70.624408","Ñuñoa","Metropolitana","Chile","Google Maps web scraping con Playwright","2026-05-22","Sin teléfono","Sí","","","","","","","","","","","","","","","","Sin teléfono visible","terraza vergel","No","","No","","Restaurante","66","Medio potencial"
"¡Ay Mi Madre! Restobar Ñuñoa","4.5","217","Av. José Pedro Alessandri 97, 7750100 Ñuñoa, Región Metropolitana","9 4497 8597","https://linktr.ee/Aymimadrecl","Pub restaurante","https://www.google.com/maps/place/%C2%A1Ay+Mi+Madre!+Restobar+%C3%91u%C3%B1oa/data=!4m7!3m6!1s0x9662cfbbd4d3628f:0xcf2719bf0e7dbfb9!8m2!3d-33.4558301!4d-70.59807!16s%2Fg%2F11tf5fxjb9!19sChIJj2LT1LvPYpYRub99Dr8ZJ88?authuser=0&hl=es-419&rclk=1","-33.4558301","-70.59807","Ñuñoa","Metropolitana","Chile","Google Maps web scraping con Playwright","2026-05-22","Completo","Sí","","","","","","","","","","","","","","","","","ay mi madre","Sí","ay mi","Sí","DUP-005","Bar/Pub","82","Alto potencial"
"La casa del curanto","4.8","45","Dublé Almeyda 2779, 7750169 Ñuñoa, Región Metropolitana","9 2855 3749","https://www.instagram.com/lacasadelcuranto?igshid=MmVlMjlkMTBhMg==","Restaurante de comida para llevar","https://www.google.com/maps/place/La+casa+del+curanto/@-33.4560782,-70.6021461,17z/data=!3m1!4b1!4m6!3m5!1s0x9662cf0045cd8d8f:0xdb11e68502065073!8m2!3d-33.4560782!4d-70.6021461!16s%2Fg%2F11y2bx1rn5?authuser=0&hl=es-419&entry=ttu&g_ep=EgoyMDI2MDUxNy4wIKXMDSoASAFQAw%3D%3D","-33.4560782","-70.6021461","Ñuñoa","Metropolitana","Chile","Google Maps web scraping con Playwright","2026-05-22","Completo","Sí","","","","","","","","","","","","","","","","Revisar: parece comida para llevar","la casa del curanto","No","","No","","Restaurante","78","Alto potencial"
"Ritrovo","4.9","111","José Diego Benavente 59, 7790944 Ñuñoa, Región Metropolitana","9 8711 1107","http://ritrovo.cl/","Restaurante italiano","https://www.google.com/maps/place/Ritrovo/data=!4m7!3m6!1s0x9662cf7ba7b68523:0x8912c6b1d7af9344!8m2!3d-33.4543403!4d-70.5972592!16s%2Fg%2F11tcvcbym9!19sChIJI4W2p3vPYpYRRJOv17HGEok?authuser=0&hl=es-419&rclk=1","-33.4543403","-70.5972592","Ñuñoa","Metropolitana","Chile","Google Maps web scraping con Playwright","2026-05-22","Completo","Sí","","","","","","","","","","","","","","","","","ritrovo","No","","No","","Restaurante","82","Alto potencial"
"Boulevard Plaza Ñuñoa","4.5","36","Jorge Washington 111, 7750000 Ñuñoa, Región Metropolitana","(2) 2998 7260","https://boulevardplazanunoa.cl/","Centro comercial","https://www.google.com/maps/place/Boulevard+Plaza+%C3%91u%C3%B1oa/data=!4m7!3m6!1s0x9662cfbe95b31d5d:0x1b9f6d703073a0ee!8m2!3d-33.4539602!4d-70.5939594!16s%2Fg%2F11clfm_9pq!19sChIJXR2zlb7PYpYR7qBzMHBtnxs?authuser=0&hl=es-419&rclk=1","-33.4539602","-70.5939594","Ñuñoa","Metropolitana","Chile","Google Maps web scraping con Playwright","2026-05-22","Completo","No","","","","","","","","","","","","","","","","","boulevard plaza","No","","No","","Otro","71","Bajo potencial"
"Tapas y Birra Ñuñoa - Restaurante Mediterráneo & Bar","4.3","28","Alcaldesa Balbina Vera 3561, 7790884 Ñuñoa, Región Metropolitana","(2) 2904 1230","http://www.tapasybirra.cl/","Restaurante mediterráneo","https://www.google.com/maps/place/Tapas+y+Birra+%C3%91u%C3%B1oa+-+Restaurante+Mediterr%C3%A1neo+%26+Bar/data=!4m7!3m6!1s0x9662cfbe944f9dc3:0xad1467f8fc07cf6a!8m2!3d-33.4538497!4d-70.5935726!16s%2Fg%2F11c0vn_jvx!19sChIJw51PlL7PYpYRas8H_PhnFK0?authuser=0&hl=es-419&rclk=1","-33.4538497","-70.5935726","Ñuñoa","Metropolitana","Chile","Google Maps web scraping con Playwright","2026-05-22","Completo","Sí","","","","","","","","","","","","","","","","","tapas y birra mediterraneo bar","No","","No","","Bar/Pub","73","Medio potencial"
"Café Marale Ñuñoa","4.8","43","Av. Irarrázaval 3881, local 1, 7760073 Ñuñoa, Región Metropolitana","9 5779 5085","https://www.instagram.com/cafemarale","Cafetería","https://www.google.com/maps/place/Caf%C3%A9+Marale+%C3%91u%C3%B1oa/data=!4m7!3m6!1s0x9662cf6e662b110f:0x77080cc5251cd904!8m2!3d-33.4557507!4d-70.5886879!16s%2Fg%2F11tnv15d82!19sChIJDxErZm7PYpYRBNkcJcUMCHc?authuser=0&hl=es-419&rclk=1","-33.4557507","-70.5886879","Ñuñoa","Metropolitana","Chile","Google Maps web scraping con Playwright","2026-05-22","Completo","No","","","","","","","","","","","","","","","","Revisar: parece cafeteria; Revisar: parece cafe","cafe marale","No","","No","","Cafetería","74","Bajo potencial"
"MANGIARE PIZZERÍA","4.6","56","Gerónimo de Alderete 1742, 8241826 La Florida, Región Metropolitana","9 3245 8957","","Pizzería","https://www.google.com/maps/place/MANGIARE+PIZZER%C3%8DA/data=!4m7!3m6!1s0x9662d100060aba73:0x414e9e323b635b0c!8m2!3d-33.52863!4d-70.576936!16s%2Fg%2F11yfmrcxkm!19sChIJc7oKBgDRYpYRDFtjOzKeTkE?authuser=0&hl=es-419&rclk=1","-33.52863","-70.576936","La Florida","Metropolitana","Chile","Google Maps web scraping con Playwright","2026-05-22","Parcial","Sí","","","","","","","","","","","","","","","","","mangiare pizzeria","No","","No","","Restaurante","64","Medio potencial"
"La Pinche Pizza Santa Amalia","4.1","40","Av. La Florida 9660, Local 19, 8301816 La Florida, Región Metropolitana","9 4740 1819","https://lapinchepizza.cl/","Pizzería","https://www.google.com/maps/place/La+Pinche+Pizza+Santa+Amalia/data=!4m7!3m6!1s0x9662d174162c590d:0x6674cdc6f6238622!8m2!3d-33.543272!4d-70.569287!16s%2Fg%2F11xyj30xqs!19sChIJDVksFnTRYpYRIoYj9sbNdGY?authuser=0&hl=es-419&rclk=1","-33.543272","-70.569287","La Florida","Metropolitana","Chile","Google Maps web scraping con Playwright","2026-05-22","Completo","Sí","","","","","","","","","","","","","","","","","la pinche pizza santa amalia","No","","No","","Restaurante","73","Medio potencial"
"Trattoria Valerio - Pizzas & Pastas","4.7","79","Sgto. Candelaria Pérez 10661, La Florida, Región Metropolitana","9 4260 8395","","Restaurante","https://www.google.com/maps/place/Trattoria+Valerio+-+Pizzas+%26+Pastas/@-33.5564369,-70.5865183,17z/data=!3m1!4b1!4m6!3m5!1s0x9662d1b23d025fb7:0x7dbdf26df96b5f4a!8m2!3d-33.5564369!4d-70.5865183!16s%2Fg%2F11h3kchwvb?authuser=0&hl=es-419&entry=ttu&g_ep=EgoyMDI2MDUxNy4wIKXMDSoASAFQAw%3D%3D","-33.5564369","-70.5865183","La Florida","Metropolitana","Chile","Google Maps web scraping con Playwright","2026-05-22","Parcial","Sí","","","","","","","","","","","","","","","","","trattoria valerio pizzas pastas","No","","No","","Restaurante","66","Medio potencial"
"PITUCOPE RESTAURANT PERUANO","4.9","14","Av. Vicuña Mackenna 10046, La Florida, Región Metropolitana","9 5338 4325","https://pitucope-2.ola.click/","Restaurante peruano","https://www.google.com/maps/place/PITUCOPE+RESTAURANT+PERUANO/data=!4m7!3m6!1s0x9662d1f3ea9802bd:0xb96e888d0cfe64f!8m2!3d-33.54853!4d-70.5868698!16s%2Fg%2F11txb626fm!19sChIJvQKY6vPRYpYRT-bP0Ijolgs?authuser=0&hl=es-419&rclk=1","-33.54853","-70.5868698","La Florida","Metropolitana","Chile","Google Maps web scraping con Playwright","2026-05-22","Completo","Sí","","","","","","","","","","","","","","","","","pitucope peruano","No","","No","","Restaurante","75","Medio potencial"
"CABIMAS TASTY FOOD","4.5","172","Av. Vicuña Mackenna Ote. 10588, 8301048 La Florida, Región Metropolitana","9 7346 7961","http://www.cabimastastyfood.cl/","Restaurante","https://www.google.com/maps/place/CABIMAS+TASTY+FOOD/data=!4m7!3m6!1s0x9662d1dacc48255b:0x6d53e79d90e8d33a!8m2!3d-33.5548557!4d-70.5860092!16s%2Fg%2F11vrz4mx5h!19sChIJWyVIzNrRYpYROtPokJ3nU20?authuser=0&hl=es-419&rclk=1","-33.5548557","-70.5860092","La Florida","Metropolitana","Chile","Google Maps web scraping con Playwright","2026-05-22","Completo","Sí","","","","","","","","","","","","","","","","","cabimas tasty food","No","","No","","Restaurante","81","Alto potencial"
"El Nomade Cevicheria","4.9","55","AVENIDA SAN JOSE DE LA ESTRELLA 301f, 8301008 La Florida, Región Metropolitana","9 6357 7180","https://instagram.com/elnomade_cevicheria","Restaurante","https://www.google.com/maps/place/El+Nomade+Cevicheria/data=!4m7!3m6!1s0x9662d12a163492e5:0xa48e479f19d80dcf!8m2!3d-33.5534033!4d-70.5832872!16s%2Fg%2F11s8c5t1wk!19sChIJ5ZI0FirRYpYRzw3YGZ9HjqQ?authuser=0&hl=es-419&rclk=1","-33.5534033","-70.5832872","La Florida","Metropolitana","Chile","Google Maps web scraping con Playwright","2026-05-22","Completo","Sí","","","","","","","","","","","","","","","","","el nomade cevicheria","No","","No","","Restaurante","80","Alto potencial"
"La picá de la cubana","4.8","43","C. Uno 24, La Florida, Región Metropolitana","9 4949 7966","https://www.facebook.com/profile.php?id=100064169197549&mibextid=ZbWKwL","Restaurante","https://www.google.com/maps/place/La+pic%C3%A1+de+la+cubana/data=!4m7!3m6!1s0x9662d10af3430c87:0x7291ecff6e8734a3!8m2!3d-33.560027!4d-70.5845971!16s%2Fg%2F11rn7t5jdv!19sChIJhwxD8wrRYpYRozSHbv_skXI?authuser=0&hl=es-419&rclk=1","-33.560027","-70.5845971","La Florida","Metropolitana","Chile","Google Maps web scraping con Playwright","2026-05-22","Completo","Sí","","","","","","","","","","","","","","","","","la pica de la cubana","No","","No","","Restaurante","78","Alto potencial"
"COCINERIA DONDE YOYO'S","4.8","04","Av. La Florida 9233, 8242051 La Florida, Región Metropolitana","9 7354 5215","","Restaurante chileno","https://www.google.com/maps/place/COCINERIA+DONDE+YOYO%27S/data=!4m7!3m6!1s0x9662d1d95c833fd9:0x3c68e41dd033ed33!8m2!3d-33.5371433!4d-70.5731178!16s%2Fg%2F11p5s69mwx!19sChIJ2T-DXNnRYpYRM-0z0B3kaDw?authuser=0&hl=es-419&rclk=1","-33.5371433","-70.5731178","La Florida","Metropolitana","Chile","Google Maps web scraping con Playwright","2026-05-22","Parcial","Sí","","","","","","","","","","","","","","","","","cocineria donde yoyo s","No","","No","","Restaurante","56","Medio potencial"
"Restaurante Punta Brasa La Florida","4.2","66","Palena 3152, 8240000 La Florida, Región Metropolitana","(2) 2669 3751","http://www.puntabrasa.cl/","Restaurante","https://www.google.com/maps/place/Restaurante+Punta+Brasa+La+Florida/@-33.5179138,-70.563385,17z/data=!3m1!4b1!4m6!3m5!1s0x9662cfa4d8996d17:0xff23c0d1e494ab08!8m2!3d-33.5179138!4d-70.563385!16s%2Fg%2F11s63xjxk7?authuser=0&hl=es-419&entry=ttu&g_ep=EgoyMDI2MDUxNy4wIKXMDSoASAFQAw%3D%3D","-33.5179138","-70.563385","La Florida","Metropolitana","Chile","Google Maps web scraping con Playwright","2026-05-22","Completo","Sí","","","","","","","","","","","","","","","","","punta brasa","No","","No","","Restaurante","75","Medio potencial"
"Aquí E’","4.7","69","Sgto. Candelaria Pérez 10693, 8310309 La Florida, Región Metropolitana","9 9250 7960","","Restaurante","https://www.google.com/maps/place/Aqu%C3%AD+E%E2%80%99/data=!4m7!3m6!1s0x9662d16caadbd913:0xf4e8696dcf47dc21!8m2!3d-33.5571101!4d-70.5864892!16s%2Fg%2F11s5b_5mdy!19sChIJE9nbqmzRYpYRIdxHz21p6PQ?authuser=0&hl=es-419&rclk=1","-33.5571101","-70.5864892","La Florida","Metropolitana","Chile","Google Maps web scraping con Playwright","2026-05-22","Parcial","Sí","","","","","","","","","","","","","","","","","aqui e","No","","No","","Restaurante","65","Medio potencial"
"La Caleta de Don Chuma","4.3","249","Av. Vicuña Mackenna 10197, Local 3, La Florida, Región Metropolitana","(2) 2614 5107","","Restaurante","https://www.google.com/maps/place/La+Caleta+de+Don+Chuma/data=!4m7!3m6!1s0x9662d0c521288777:0x43817670a73eee44!8m2!3d-33.551873!4d-70.587242!16s%2Fg%2F11ddxvpj91!19sChIJd4coIcXQYpYRRO4-p3B2gUM?authuser=0&hl=es-419&rclk=1","-33.551873","-70.587242","La Florida","Metropolitana","Chile","Google Maps web scraping con Playwright","2026-05-22","Parcial","Sí","","","","","","","","","","","","","","","","","la caleta de don chuma","Sí","la caleta","No","","Restaurante","67","Medio potencial"
"Restaurant La Abuely","4.0","563","Av. Vicuña Mackenna 9987, 8250721 La Florida, Región Metropolitana","9 3696 6118","","Restaurante","https://www.google.com/maps/place/Restaurant+La+Abuely/data=!4m7!3m6!1s0x9662d0c49efb8c47:0xaab136974c576b03!8m2!3d-33.5491741!4d-70.5876885!16s%2Fg%2F11g6yz_6gb!19sChIJR4z7nsTQYpYRA2tXTJc2sao?authuser=0&hl=es-419&rclk=1","-33.5491741","-70.5876885","La Florida","Metropolitana","Chile","Google Maps web scraping con Playwright","2026-05-22","Parcial","Sí","","","","","","","","","","","","","","","","","la abuely","No","","No","","Restaurante","68","Medio potencial"
"MEGA AJISECO LA FLORIDA 8961","4.5","30","Av. La Florida 8961, 8241429 La Florida, Región Metropolitana","9 3104 6615","http://www.elajiseco.cl/","Restaurante peruano","https://www.google.com/maps/place/MEGA+AJISECO+LA+FLORIDA+8961/data=!4m7!3m6!1s0x9662d1942458681b:0x2af542540066ebdd!8m2!3d-33.5332063!4d-70.5748729!16s%2Fg%2F11tf8gq63b!19sChIJG2hYJJTRYpYR3etmAFRC9So?authuser=0&hl=es-419&rclk=1","-33.5332063","-70.5748729","La Florida","Metropolitana","Chile","Google Maps web scraping con Playwright","2026-05-22","Completo","Sí","","","","","","","","","","","","","","","","","mega ajiseco 8961","No","","No","","Restaurante","75","Medio potencial"
"El Estribo","4.7","209","Manutara 10606, 8310024 La Florida, Región Metropolitana","(2) 3341 7737","","Restaurante","https://www.google.com/maps/place/El+Estribo/@-33.5559548,-70.5917283,17z/data=!3m1!4b1!4m6!3m5!1s0x9662d133b394bd4f:0xcb13d2321151ca64!8m2!3d-33.5559548!4d-70.5917283!16s%2Fg%2F11g_y5k1md?authuser=0&hl=es-419&entry=ttu&g_ep=EgoyMDI2MDUxNy4wIKXMDSoASAFQAw%3D%3D","-33.5559548","-70.5917283","La Florida","Metropolitana","Chile","Google Maps web scraping con Playwright","2026-05-22","Parcial","Sí","","","","","","","","","","","","","","","","","el estribo","No","","No","","Restaurante","69","Medio potencial"
"La Cocina de Gaby","4.4","594","Sta. Amalia 1396, 8240000 La Florida, Región Metropolitana","(41) 313 4529","http://www.lacocinadegaby.com/","Restaurante","https://www.google.com/maps/place/La+Cocina+de+Gaby/@-33.5435071,-70.5719253,17z/data=!3m1!4b1!4m6!3m5!1s0x9662d1312d6c5fb1:0xb634a6553cf6c978!8m2!3d-33.5435071!4d-70.5719253!16s%2Fg%2F11flkghtz_?authuser=0&hl=es-419&entry=ttu&g_ep=EgoyMDI2MDUxNy4wIKXMDSoASAFQAw%3D%3D","-33.5435071","-70.5719253","La Florida","Metropolitana","Chile","Google Maps web scraping con Playwright","2026-05-22","Completo","Sí","","","","","","","","","","","","","","","","","la cocina de gaby","No","","No","","Restaurante","85","Alto potencial"
"Sabrosura","3.7","15","Av. San José de la Estrella 22, parad.23, 8310006 La Florida, Región Metropolitana","","","Hamburguesería","https://www.google.com/maps/place/Sabrosura/@-33.5532399,-70.5861815,17z/data=!3m1!4b1!4m6!3m5!1s0x9662d1007e1676b7:0x4631cc0815cc56f7!8m2!3d-33.5532399!4d-70.5861815!16s%2Fg%2F11vr289qz6?authuser=0&hl=es-419&entry=ttu&g_ep=EgoyMDI2MDUxNy4wIKXMDSoASAFQAw%3D%3D","-33.5532399","-70.5861815","La Florida","Metropolitana","Chile","Google Maps web scraping con Playwright","2026-05-22","Sin teléfono","No","","","","","","","","","","","","","","","","Revisar: parece hamburgueseria; Sin teléfono visible","sabrosura","No","","No","","Fast Food","36","Bajo potencial"
"Chinito Dice","4.6","518","Av. Vicuña Mackenna 10197, La Florida, Región Metropolitana","(2) 2282 0462","https://flow.page/chinitodice?fbclid=PAZXh0bgNhZW0CMTEAAaaxsw8mGik9E_eBiWJJOUPh7fVcb24HKNgnD4W8RLzQupuUashdMyEfy9w_aem_Mo-6t576wmaFeoljx0EUHw","Restaurante chino","https://www.google.com/maps/place/Chinito+Dice/data=!4m7!3m6!1s0x9662d0001977171d:0x967b231f539179fd!8m2!3d-33.5518725!4d-70.5872416!16s%2Fg%2F1thw7yhn!19sChIJHRd3GQDQYpYR_XmRUx8je5Y?authuser=0&hl=es-419&rclk=1","-33.5518725","-70.5872416","La Florida","Metropolitana","Chile","Google Maps web scraping con Playwright","2026-05-22","Completo","Sí","","","","","","","","","","","","","","","","","chinito dice","No","","No","","Restaurante","86","Alto potencial"
"El Zócalo Cocina Mexicana - La Florida","4.1","309","Enrique Olivares 3189, 8290305 La Florida, Región Metropolitana","9 4543 7001","http://www.elzocalo.cl/","Restaurante","https://www.google.com/maps/place/El+Z%C3%B3calo+Cocina+Mexicana+-+La+Florida/@-33.5400067,-70.5596077,17z/data=!3m1!4b1!4m6!3m5!1s0x9662d1be294a7d55:0xaab20e8c6b122a8c!8m2!3d-33.5400067!4d-70.5596077!16s%2Fg%2F11rpczx24q?authuser=0&hl=es-419&entry=ttu&g_ep=EgoyMDI2MDUxNy4wIKXMDSoASAFQAw%3D%3D","-33.5400067","-70.5596077","La Florida","Metropolitana","Chile","Google Maps web scraping con Playwright","2026-05-22","Completo","Sí","","","","","","","","","","","","","","","","","el zocalo cocina mexicana","Sí","el zocalo","Sí","DUP-004","Restaurante","80","Alto potencial"
"Sabor X2 La Florida","4.6","429","Serafín Zamora 87, 8240000 La Florida, Región Metropolitana","9 2205 1954","http://www.saborx2.cl/","Restaurante","https://www.google.com/maps/place/Sabor+X2+La+Florida/data=!4m7!3m6!1s0x9662d1eb98d949d3:0xed7775e8b16f208!8m2!3d-33.5205823!4d-70.5995334!16s%2Fg%2F11vlxfg6nt!19sChIJ00nZmOvRYpYRCPIWi1531w4?authuser=0&hl=es-419&rclk=1","-33.5205823","-70.5995334","La Florida","Metropolitana","Chile","Google Maps web scraping con Playwright","2026-05-22","Completo","Sí","","","","","","","","","","","","","","","","","sabor x2","No","","No","","Restaurante","85","Alto potencial"
"12 Food, La Florida","4.4","89","Perú 10047, 8240000 La Florida, Región Metropolitana","9 5467 2148","https://www.instagram.com/12foodlaflorida/?hl=es-la","Restaurante","https://www.google.com/maps/place/12+Food,+La+Florida/data=!4m7!3m6!1s0x9662d109cd97fa03:0x2c1e122440b54e76!8m2!3d-33.5486896!4d-70.5831831!16s%2Fg%2F11rwmftnj8!19sChIJA_qXzQnRYpYRdk61QCQSHiw?authuser=0&hl=es-419&rclk=1","-33.5486896","-70.5831831","La Florida","Metropolitana","Chile","Google Maps web scraping con Playwright","2026-05-22","Completo","Sí","","","","","","","","","","","","","","","","","12 food","No","","No","","Restaurante","78","Alto potencial"
"El Hoyo","4.4","349","Froilán Roa 7205, 8240000 La Florida, Región Metropolitana","9 4790 0994","https://elhoyo1912.cl/","Restaurante chileno","https://www.google.com/maps/place/El+Hoyo/data=!4m7!3m6!1s0x9662d1cf3385455d:0xe395a204c2c76415!8m2!3d-33.5171712!4d-70.5972765!16s%2Fg%2F11sv720cml!19sChIJXUWFM8_RYpYRFWTHwgSileM?authuser=0&hl=es-419&rclk=1","-33.5171712","-70.5972765","La Florida","Metropolitana","Chile","Google Maps web scraping con Playwright","2026-05-22","Completo","Sí","","","","","","","","","","","","","","","","","el hoyo","No","","No","","Restaurante","83","Alto potencial"
"Nagai Sushi La Florida","4.5","115","Av. Vicuña Mackenna Ote. 10706, 8301163 Santiago, La Florida, Región Metropolitana","(2) 2891 8862","","Restaurante de sushi","https://www.google.com/maps/place/Nagai+Sushi+La+Florida/@-33.556756,-70.5856981,17z/data=!3m1!4b1!4m6!3m5!1s0x9662d0d1d48d902d:0x1e19b02ad00dc61a!8m2!3d-33.556756!4d-70.5856981!16s%2Fg%2F11c37lv_gl?authuser=0&hl=es-419&entry=ttu&g_ep=EgoyMDI2MDUxNy4wIKXMDSoASAFQAw%3D%3D","-33.556756","-70.5856981","La Florida","Metropolitana","Chile","Google Maps web scraping con Playwright","2026-05-22","Parcial","Sí","","","","","","","","","","","","","","","","","nagai sushi","No","","No","","Restaurante","66","Medio potencial"
"Brasas Curicó","4.5","449","A Zapallar 4, Kilometro 0, Curicó, Maule","9 4267 3356","http://www.brasascurico.cl/","Restaurante","https://www.google.com/maps/place/Brasas+Curic%C3%B3/@-34.9867054,-71.2130128,17z/data=!3m1!4b1!4m6!3m5!1s0x9664570112b48ed1:0xa16e8c9d8e070ab6!8m2!3d-34.9867054!4d-71.2130128!16s%2Fg%2F11s0w28p80?authuser=0&hl=es-419&entry=ttu&g_ep=EgoyMDI2MDUxNy4wIKXMDSoASAFQAw%3D%3D","-34.9867054","-71.2130128","Curicó","Maule","Chile","Google Maps web scraping con Playwright","2026-05-22","Completo","Sí","","","","","","","","","","","","","","","","","brasas","No","","No","","Restaurante","85","Alto potencial"
"Restaurant Fuego Bendito","4.5","72","Av. España 280, 3341845 Curicó, Maule","(75) 231 7697","https://restaurantefuegobendito.cl/","Bar restaurante","https://www.google.com/maps/place/Restaurant+Fuego+Bendito/data=!4m7!3m6!1s0x966457afd9136567:0xc43479034c42c4be!8m2!3d-34.9863974!4d-71.2301915!16s%2Fg%2F11c1xj9rk_!19sChIJZ2UT2a9XZJYRvsRCTAN5NMQ?authuser=0&hl=es-419&rclk=1","-34.9863974","-71.2301915","Curicó","Maule","Chile","Google Maps web scraping con Playwright","2026-05-22","Completo","Sí","","","","","","","","","","","","","","","","","fuego bendito","No","","No","","Bar/Pub","78","Alto potencial"
"Bom Burger Chile","4.9","574","Av. Manso de Velasco 466, 3340000 Curicó, Maule","9 2083 5627","","Restaurante","https://www.google.com/maps/place/Bom+Burger+Chile/@-34.9858465,-71.2334531,17z/data=!3m1!4b1!4m6!3m5!1s0x966457da626bba87:0xfe36f8dfbdec3664!8m2!3d-34.9858465!4d-71.2334531!16s%2Fg%2F11sh5q1j7g?authuser=0&hl=es-419&entry=ttu&g_ep=EgoyMDI2MDUxNy4wIKXMDSoASAFQAw%3D%3D","-34.9858465","-71.2334531","Curicó","Maule","Chile","Google Maps web scraping con Playwright","2026-05-22","Parcial","Sí","","","","","","","","","","","","","","","","","bom burger","No","","No","","Fast Food","74","Medio potencial"
"Trattoria La Pasta","4.7","295","Carrera 121, 3341737 Curicó, Maule","9 9093 9820","https://cartas.horecaqr.com/c/trattorialapasta","Restaurante","https://www.google.com/maps/place/Trattoria+La+Pasta/data=!4m7!3m6!1s0x966457d4b38ed84f:0x20a5ccbbc8917921!8m2!3d-34.9851392!4d-71.231846!16s%2Fg%2F11h41w0vc3!19sChIJT9iOs9RXZJYRIXmRyLvMpSA?authuser=0&hl=es-419&rclk=1","-34.9851392","-71.231846","Curicó","Maule","Chile","Google Maps web scraping con Playwright","2026-05-22","Completo","Sí","","","","","","","","","","","","","","","","","trattoria la pasta","No","","No","","Restaurante","85","Alto potencial"
"Restaurante Fuente Curicana","4.6","216","Longitudinal sur km 191, 3340000 Curicó, Maule","","","Restaurante","https://www.google.com/maps/place/Restaurante+Fuente+Curicana/@-34.9884756,-71.2225595,17z/data=!3m1!4b1!4m6!3m5!1s0x9664f956f788b27b:0xbc81ea1f8e364bd2!8m2!3d-34.9884756!4d-71.2225595!16s%2Fg%2F11k58cxts2?authuser=0&hl=es-419&entry=ttu&g_ep=EgoyMDI2MDUxNy4wIKXMDSoASAFQAw%3D%3D","-34.9884756","-71.2225595","Curicó","Maule","Chile","Google Maps web scraping con Playwright","2026-05-22","Sin teléfono","Sí","","","","","","","","","","","","","","","","Sin teléfono visible","fuente curicana","No","","No","","Restaurante","55","Medio potencial"
"Soler Curicó","4.5","55","Longitudinal Sur KM. 189, Curicó, Romeral, Maule","(75) 254 5580","http://www.soler.cl/","Restaurante","https://www.google.com/maps/place/Soler+Curic%C3%B3/data=!4m7!3m6!1s0x966457c4fef73273:0xfea3825c6c785eed!8m2!3d-34.978038!4d-71.2066912!16s%2Fg%2F11cjj6q9kb!19sChIJczL3_sRXZJYR7V54bFyCo_4?authuser=0&hl=es-419&rclk=1","-34.978038","-71.2066912","Curicó","Maule","Chile","Google Maps web scraping con Playwright","2026-05-22","Completo","Sí","","","","","","","","","","","","","","","","","soler","No","","No","","Restaurante","77","Medio potencial"
"Milenario Restaurante","4.6","114","Merced 150, 3340001 Curicó, Maule","9 8148 9132","","Restaurante peruano","https://www.google.com/maps/place/Milenario+Restaurante/data=!4m7!3m6!1s0x96645783fd458cbb:0x44f6dfab4b45c6d5!8m2!3d-34.9846867!4d-71.2367248!16s%2Fg%2F11vr1d1ll3!19sChIJu4xF_YNXZJYR1cZFS6vf9kQ?authuser=0&hl=es-419&rclk=1","-34.9846867","-71.2367248","Curicó","Maule","Chile","Google Maps web scraping con Playwright","2026-05-22","Parcial","Sí","","","","","","","","","","","","","","","","","milenario","No","","No","","Restaurante","66","Medio potencial"
"Restaurant Zhong yi","4.5","628","Av. Camilo Henríquez 380, 3341582 Curicó, Maule","(75) 232 8168","","Restaurante","https://www.google.com/maps/place/Restaurant+Zhong+yi/data=!4m7!3m6!1s0x96645709f83c55c9:0x5ee599a7c239913d!8m2!3d-34.98144!4d-71.2403999!16s%2Fg%2F11c60jqq9t!19sChIJyVU8-AlXZJYRPZE5wqeZ5V4?authuser=0&hl=es-419&rclk=1","-34.98144","-71.2403999","Curicó","Maule","Chile","Google Maps web scraping con Playwright","2026-05-22","Parcial","Sí","","","","","","","","","","","","","","","","","zhong yi","No","","No","","Restaurante","72","Medio potencial"
"Perutaly","4.4","502","Las Heras 423, Curicó, Maule","(2) 2881 4480","","Restaurante","https://www.google.com/maps/place/Perutaly/@-34.9861375,-71.23123,17z/data=!3m1!4b1!4m6!3m5!1s0x966457150240d92d:0x732072fd0c537ae4!8m2!3d-34.9861375!4d-71.23123!16s%2Fg%2F11h3lfbcb5?authuser=0&hl=es-419&entry=ttu&g_ep=EgoyMDI2MDUxNy4wIKXMDSoASAFQAw%3D%3D","-34.9861375","-71.23123","Curicó","Maule","Chile","Google Maps web scraping con Playwright","2026-05-22","Parcial","Sí","","","","","","","","","","","","","","","","","perutaly","No","","No","","Restaurante","70","Medio potencial"
"Rincón Marino","4.5","347","Yungay 21-65, 3342947 Curicó, Maule","9 5185 3311","","Restaurante","https://www.google.com/maps/place/Rinc%C3%B3n+Marino/@-34.9930934,-71.2391405,17z/data=!3m1!4b1!4m6!3m5!1s0x966457aa6d97bb05:0x5f6ed0c99dab5cc5!8m2!3d-34.9930934!4d-71.2391405!16s%2Fg%2F11fxvxg_yt?authuser=0&hl=es-419&entry=ttu&g_ep=EgoyMDI2MDUxNy4wIKXMDSoASAFQAw%3D%3D","-34.9930934","-71.2391405","Curicó","Maule","Chile","Google Maps web scraping con Playwright","2026-05-22","Parcial","Sí","","","","","","","","","","","","","","","","","rincon marino","No","","No","","Restaurante","70","Medio potencial"
"Restaurante Inti Pehuen Curico","4.8","26","Av. Manuel Labra Lillo 350, 3340001 Curicó, Maule","9 2198 7124","https://www.instagram.com/intipehuencurico?igsh=MTkwY2tmZzd0Y3cwMQ==","Restaurante","https://www.google.com/maps/place/Restaurante+Inti+Pehuen+Curico/data=!4m7!3m6!1s0x966457000f16e50d:0x658865810c1db26e!8m2!3d-34.9869479!4d-71.2136668!16s%2Fg%2F11vk4l61n8!19sChIJDeUWDwBXZJYRbrIdDIFliGU?authuser=0&hl=es-419&rclk=1","-34.9869479","-71.2136668","Curicó","Maule","Chile","Google Maps web scraping con Playwright","2026-05-22","Completo","Sí","","","","","","","","","","","","","","","","","inti pehuen","No","","No","","Restaurante","76","Medio potencial"
"Mi Casa Restaurante","4.4","536","Peña 871, 3341566 Curicó, Maule","(75) 274 7095","https://www.facebook.com/Mi-Casa-Restaurante-167038006818879/","Restaurante chileno","https://www.google.com/maps/place/Mi+Casa+Restaurante/@-34.9819444,-71.2419444,17z/data=!3m1!4b1!4m6!3m5!1s0x9664570989291387:0xae7191c028006b89!8m2!3d-34.9819444!4d-71.2419444!16s%2Fg%2F11f08930gz?authuser=0&hl=es-419&entry=ttu&g_ep=EgoyMDI2MDUxNy4wIKXMDSoASAFQAw%3D%3D","-34.9819444","-71.2419444","Curicó","Maule","Chile","Google Maps web scraping con Playwright","2026-05-22","Completo","Sí","","","","","","","","","","","","","","","","","mi casa","No","","No","","Restaurante","85","Alto potencial"
"Lanzas y Fuego","4.3","102","Carrera 171, 3341737 Curicó, Maule","(75) 276 2665","http://www.lanzasyfuego.cl/","Restaurante especializado en barbacoa","https://www.google.com/maps/place/Lanzas+y+Fuego/@-34.9851614,-71.2311832,17z/data=!3m1!4b1!4m6!3m5!1s0x96645797d6a3d403:0x261665aea47f2fe0!8m2!3d-34.9851614!4d-71.2311832!16s%2Fg%2F11kb4rl__6?authuser=0&hl=es-419&entry=ttu&g_ep=EgoyMDI2MDUxNy4wIKXMDSoASAFQAw%3D%3D","-34.9851614","-71.2311832","Curicó","Maule","Chile","Google Maps web scraping con Playwright","2026-05-22","Completo","Sí","","","","","","","","","","","","","","","","","lanzas y fuego","No","","No","","Bar/Pub","78","Alto potencial"
"Andö","4.5","461","Av. España 109, 3340000 Curicó, Maule","(75) 226 0804","","Restaurante","https://www.google.com/maps/place/And%C3%B6/data=!4m7!3m6!1s0x966457af5186b1c3:0xf2d4ea5007c3a253!8m2!3d-34.9861433!4d-71.2290125!16s%2Fg%2F11dxdhgzk4!19sChIJw7GGUa9XZJYRU6LDB1Dq1PI?authuser=0&hl=es-419&rclk=1","-34.9861433","-71.2290125","Curicó","Maule","Chile","Google Maps web scraping con Playwright","2026-05-22","Parcial","Sí","","","","","","","","","","","","","","","","","ando","No","","No","","Restaurante","71","Medio potencial"
"HIKI STREET FOOD","4.9","39","Argomedo 535, 3341862 Curicó, Maule","9 7147 7257","https://www.instagram.com/hiki_street_food/","Restaurante","https://www.google.com/maps/place/HIKI+STREET+FOOD/@-34.987194,-71.2418365,17z/data=!3m1!4b1!4m6!3m5!1s0x9664575bf19b8bf9:0x87934df94f146b1d!8m2!3d-34.987194!4d-71.2418365!16s%2Fg%2F11s1rtmpl9?authuser=0&hl=es-419&entry=ttu&g_ep=EgoyMDI2MDUxNy4wIKXMDSoASAFQAw%3D%3D","-34.987194","-71.2418365","Curicó","Maule","Chile","Google Maps web scraping con Playwright","2026-05-22","Completo","Sí","","","","","","","","","","","","","","","","","hiki street food","No","","No","","Restaurante","78","Alto potencial"
"Restaurant Polinesia","4.3","84","Cam. A Licantén 1455, 3340000 Curicó, Maule","9 7527 5435","https://www.instagram.com/restaurant_polinesia/?igshid=YmMyMTA2M2Y=","Restaurante","https://www.google.com/maps/place/Restaurant+Polinesia/data=!4m7!3m6!1s0x966457711abd2c91:0x32c8d699eabb9281!8m2!3d-34.9770753!4d-71.2550231!16s%2Fg%2F11tdlbm90_!19sChIJkSy9GnFXZJYRgZK76pnWyDI?authuser=0&hl=es-419&rclk=1","-34.9770753","-71.2550231","Curicó","Maule","Chile","Google Maps web scraping con Playwright","2026-05-22","Completo","Sí","","","","","","","","","","","","","","","","","polinesia","No","","No","","Restaurante","77","Medio potencial"
"Restaurant Mi Perú Curicó","4.6","484","yungay 767 Curicó, 3340000 Maule, Curicó, Maule","(75) 234 2987","http://www.miperu.cl/","Restaurante peruano","https://www.google.com/maps/place/Restaurant+Mi+Per%C3%BA+Curic%C3%B3/data=!4m7!3m6!1s0x966457e056870285:0x37b9a0af8159ac3a!8m2!3d-34.9829755!4d-71.2404993!16s%2Fg%2F11h4lcbpfb!19sChIJhQKHVuBXZJYROqxZga-guTc?authuser=0&hl=es-419&rclk=1","-34.9829755","-71.2404993","Curicó","Maule","Chile","Google Maps web scraping con Playwright","2026-05-22","Completo","Sí","","","","","","","","","","","","","","","","","mi peru","No","","No","","Restaurante","86","Alto potencial"
"Restaurante Oveja huasa","4.7","32","Los Olivos 226, 3340000 Curicó, Maule","9 6553 7030","http://www.ovejahuasa.cl/","Restaurante chileno","https://www.google.com/maps/place/Restaurante+Oveja+huasa/data=!4m7!3m6!1s0x966457e1225f383f:0x361e5e6dd7901317!8m2!3d-34.9741027!4d-71.2177091!16s%2Fg%2F11v3sv_834!19sChIJPzhfIuFXZJYRFxOQ121eHjY?authuser=0&hl=es-419&rclk=1","-34.9741027","-71.2177091","Curicó","Maule","Chile","Google Maps web scraping con Playwright","2026-05-22","Completo","Sí","","","","","","","","","","","","","","","","","oveja huasa","No","","No","","Restaurante","76","Medio potencial"
"Teno Sandwich (Romeral)","4.2","57","longitudinal sur km 175 poniente Longitudinal sur, oriente km 185, 3360000 Curicó, Romeral, Maule","9 7997 7753","http://www.tenosandwich.cl/","Restaurante","https://www.google.com/maps/place/Teno+Sandwich+%28Romeral%29/data=!4m7!3m6!1s0x9664f6f55e19d58d:0x3e9f6469045f5d1c!8m2!3d-34.9594937!4d-71.1902941!16s%2Fg%2F11bxf59sbh!19sChIJjdUZXvX2ZJYRHF1fBGlknz4?authuser=0&hl=es-419&rclk=1","-34.9594937","-71.1902941","Curicó","Maule","Chile","Google Maps web scraping con Playwright","2026-05-22","Completo","Sí","","","","","","","","","","","","","","","","Revisar: parece sandwich","teno sandwich romeral","No","","No","","Restaurante","75","Medio potencial"
"Restaurante Pasion Limeña","4.3","329","Villota 639, 8320000 Curicó, Maule","(75) 274 7311","","Restaurante peruano","https://www.google.com/maps/place/Restaurante+Pasion+Lime%C3%B1a/@-34.9884289,-71.2430858,17z/data=!3m1!4b1!4m6!3m5!1s0x96645716d1584e13:0xe23d5c70d69aec44!8m2!3d-34.9884289!4d-71.2430858!16s%2Fg%2F11j3wh0bb1?authuser=0&hl=es-419&entry=ttu&g_ep=EgoyMDI2MDUxNy4wIKXMDSoASAFQAw%3D%3D","-34.9884289","-71.2430858","Curicó","Maule","Chile","Google Maps web scraping con Playwright","2026-05-22","Parcial","Sí","","","","","","","","","","","","","","","","","pasion limena","No","","No","","Restaurante","68","Medio potencial"
"Lungo Restaurante y Cafetería","4.8","154","Av. España 734, 3340000 Curicó, Maule","9 7545 3633","http://lungo.cl/carta-restaurante","Cafetería","https://www.google.com/maps/place/Lungo+Restaurante+y+Cafeter%C3%ADa/@-34.9854289,-71.2250875,17z/data=!3m1!4b1!4m6!3m5!1s0x966457115e8eb7f7:0xde6ecfb1c763127c!8m2!3d-34.9854289!4d-71.2250875!16s%2Fg%2F11y1rvfcl4?authuser=0&hl=es-419&entry=ttu&g_ep=EgoyMDI2MDUxNy4wIKXMDSoASAFQAw%3D%3D","-34.9854289","-71.2250875","Curicó","Maule","Chile","Google Maps web scraping con Playwright","2026-05-22","Completo","No","","","","","","","","","","","","","","","","Revisar: parece cafeteria; Revisar: parece cafe","lungo y cafeteria","No","","No","","Cafetería","79","Bajo potencial"
"Restaurante Peruvian","4.4","97","Av. Amsterdam 1664, 3345659 Curicó, Maule","9 6403 5028","","Restaurante peruano","https://www.google.com/maps/place/Restaurante+Peruvian/@-34.9621278,-71.2022538,17z/data=!3m1!4b1!4m6!3m5!1s0x966457235ce103cf:0x4d0344c3e7ea5eb!8m2!3d-34.9621278!4d-71.2022538!16s%2Fg%2F11nxcdmm76?authuser=0&hl=es-419&entry=ttu&g_ep=EgoyMDI2MDUxNy4wIKXMDSoASAFQAw%3D%3D","-34.9621278","-71.2022538","Curicó","Maule","Chile","Google Maps web scraping con Playwright","2026-05-22","Parcial","Sí","","","","","","","","","","","","","","","","","peruvian","No","","No","","Restaurante","64","Medio potencial"
"La Vizcaya Curicó","5.0","25","Av. España 215, Local 4, 3340000 Curicó, Maule","9 2724 5151","https://www.instagram.com/lavizcaya.curico","Restaurante de cocina española","https://www.google.com/maps/place/La+Vizcaya+Curic%C3%B3/data=!4m7!3m6!1s0x9664576c93ab7fc7:0xd439b67218823c36!8m2!3d-34.9861526!4d-71.2283424!16s%2Fg%2F11xkwk5ydv!19sChIJx3-rk2xXZJYRNjyCGHK2OdQ?authuser=0&hl=es-419&rclk=1","-34.9861526","-71.2283424","Curicó","Maule","Chile","Google Maps web scraping con Playwright","2026-05-22","Completo","Sí","","","","","","","","","","","","","","","","","la vizcaya","No","","No","","Restaurante","77","Medio potencial"
"Ají criollo de Curico","4.6","77","isabel la catolica 392 Curicó, 3343807 Maule, Curicó, Maule","9 7121 5452","","Restaurante","https://www.google.com/maps/place/Aj%C3%AD+criollo+de+Curico/@-34.9852575,-71.2245606,17z/data=!3m1!4b1!4m6!3m5!1s0x966457e42b683f4b:0x9056921874731942!8m2!3d-34.9852575!4d-71.2245606!16s%2Fg%2F11rr5j3jf7?authuser=0&hl=es-419&entry=ttu&g_ep=EgoyMDI2MDUxNy4wIKXMDSoASAFQAw%3D%3D","-34.9852575","-71.2245606","Curicó","Maule","Chile","Google Maps web scraping con Playwright","2026-05-22","Parcial","Sí","","","","","","","","","","","","","","","","","aji criollo de","No","","No","","Restaurante","65","Medio potencial"
"ComoRoble Restaurant","4.7","568","Longitudinal Sur, Curicó, Romeral, Maule","9 9449 1072","","Restaurante","https://www.google.com/maps/place/ComoRoble+Restaurant/@-34.960998,-71.1910314,17z/data=!3m1!4b1!4m6!3m5!1s0x9664f809c6e11b3d:0x887c8c479ee63490!8m2!3d-34.960998!4d-71.1910314!16s%2Fg%2F11f57s2shf?authuser=0&hl=es-419&entry=ttu&g_ep=EgoyMDI2MDUxNy4wIKXMDSoASAFQAw%3D%3D","-34.960998","-71.1910314","Curicó","Maule","Chile","Google Maps web scraping con Playwright","2026-05-22","Parcial","Sí","","","","","","","","","","","","","","","","","comoroble","No","","No","","Restaurante","73","Medio potencial"
"Casa del Barrio","4.7","403","camino a cato 2450, Km 1, 3780000 Chillán, Biobío","9 3375 5272","http://www.casadelbarrio.cl/","Restaurante","https://www.google.com/maps/place/Casa+del+Barrio/@-36.5789187,-72.0512433,17z/data=!3m1!4b1!4m6!3m5!1s0x9668d741f1e7bf11:0xbdbf15c689318ef0!8m2!3d-36.5789187!4d-72.0512433!16s%2Fg%2F11lss72rjz?authuser=0&hl=es-419&entry=ttu&g_ep=EgoyMDI2MDUxNy4wIKXMDSoASAFQAw%3D%3D","-36.5789187","-72.0512433","Chillán","Ñuble","Chile","Google Maps web scraping con Playwright","2026-05-22","Completo","Sí","","","","","","","","","","","","","","","","","casa del barrio","No","","No","","Bar/Pub","86","Alto potencial"
"Bar Prócer","4.9","545","Casino Marina del Sol, 3780000 Chillán, Ñuble","9 5206 6540","http://www.instagram.com/barprocer","Restaurante","https://www.google.com/maps/place/Bar+Pr%C3%B3cer/@-36.5603212,-72.0933141,17z/data=!3m1!4b1!4m6!3m5!1s0x9668d7e46a1c3a9f:0xd4b92823219ba1d0!8m2!3d-36.5603212!4d-72.0933141!16s%2Fg%2F11r_xh1py5?authuser=0&hl=es-419&entry=ttu&g_ep=EgoyMDI2MDUxNy4wIKXMDSoASAFQAw%3D%3D","-36.5603212","-72.0933141","Chillán","Ñuble","Chile","Google Maps web scraping con Playwright","2026-05-22","Completo","Sí","","","","","","","","","","","","","","","","","bar procer","No","","No","","Bar/Pub","88","Alto potencial"
"Onde'l Pala","4.4","26","75, Flores Millán 3, Chillán, Ñuble","9 8421 1799","https://www.facebook.com/ondelpala/","Restaurante","https://www.google.com/maps/place/Onde%27l+Pala/data=!4m7!3m6!1s0x9668d7d32357ba4b:0xcbd450cc8b813db6!8m2!3d-36.6007129!4d-72.0955085!16s%2Fg%2F11clhq9lvn!19sChIJS7pXI9PXaJYRtj2Bi8xQ1Ms?authuser=0&hl=es-419&rclk=1","-36.6007129","-72.0955085","Chillán","Ñuble","Chile","Google Maps web scraping con Playwright","2026-05-22","Completo","Sí","","","","","","","","","","","","","","","","","onde l pala","No","","No","","Restaurante","73","Medio potencial"
"Secretos de la Nona Chillán Casa Matriz Tienda 1","4.7","716","Arauco 937, 3800926 Chillán, Ñuble","9 8573 2009","https://secretosdelanona.cl/","Restaurante","https://www.google.com/maps/place/Secretos+de+la+Nona+Chill%C3%A1n+Casa+Matriz+Tienda+1/data=!4m7!3m6!1s0x96692828f5997465:0x8416716d711296f7!8m2!3d-36.6116984!4d-72.1043029!16s%2Fg%2F11bwqg83gz!19sChIJZXSZ9SgoaZYR95YScW1xFoQ?authuser=0&hl=es-419&rclk=1","-36.6116984","-72.1043029","Chillán","Ñuble","Chile","Google Maps web scraping con Playwright","2026-05-22","Completo","Sí","","","","","","","","","","","","","","","","","secretos de la nona casa matriz tienda 1","No","","No","","Restaurante","88","Alto potencial"
"Restaurant Zasha","4.3","08","Av. Libertad 802, 3780000 Chillán, Ñuble","9 9051 4742","https://zasha.cl/carta/","Restaurante","https://www.google.com/maps/place/Restaurant+Zasha/@-36.6072718,-72.0992526,17z/data=!3m1!4b1!4m6!3m5!1s0x9668d7d5eec972b7:0xfb0866f2c16242a9!8m2!3d-36.6072718!4d-72.0992526!16s%2Fg%2F11f54mczxm?authuser=0&hl=es-419&entry=ttu&g_ep=EgoyMDI2MDUxNy4wIKXMDSoASAFQAw%3D%3D","-36.6072718","-72.0992526","Chillán","Ñuble","Chile","Google Maps web scraping con Playwright","2026-05-22","Completo","Sí","","","","","","","","","","","","","","","","","zasha","No","","No","","Restaurante","68","Medio potencial"
"Fuego Di Vino","4.4","666","Gamero 980, 3800623 Chillán, Ñuble","(42) 243 0900","http://www.fuegodivino.cl/","Restaurante","https://www.google.com/maps/place/Fuego+Di+Vino/@-36.6041503,-72.0951384,17z/data=!3m1!4b1!4m6!3m5!1s0x9668d7d4d0353efb:0x5a23baae07b4f345!8m2!3d-36.6041503!4d-72.0951384!16s%2Fg%2F11b7q5qwbg?authuser=0&hl=es-419&entry=ttu&g_ep=EgoyMDI2MDUxNy4wIKXMDSoASAFQAw%3D%3D","-36.6041503","-72.0951384","Chillán","Ñuble","Chile","Google Maps web scraping con Playwright","2026-05-22","Completo","Sí","","","","","","","","","","","","","","","","","fuego di vino","No","","No","","Restaurante","86","Alto potencial"
"Brote de Primavera","4.7","140","Arturo Prat 415, 3780000 Chillán, Bío Bío","9 4855 5636","","Restaurante","https://www.google.com/maps/place/Brote+de+Primavera/@-36.610358,-72.1070076,17z/data=!3m1!4b1!4m6!3m5!1s0x9668d743b1787749:0x74379625a16cd3fe!8m2!3d-36.610358!4d-72.1070076!16s%2Fg%2F11qyc3f_dy?authuser=0&hl=es-419&entry=ttu&g_ep=EgoyMDI2MDUxNy4wIKXMDSoASAFQAw%3D%3D","-36.610358","-72.1070076","Chillán","Ñuble","Chile","Google Maps web scraping con Playwright","2026-05-22","Parcial","Sí","","","","","","","","","","","","","","","","","brote de primavera","No","","No","","Restaurante","68","Medio potencial"
"Restaurante Pensión Valdés","4.5","99","Maipón 897, Chillán, Ñuble","(42) 222 4312","","Restaurante","https://www.google.com/maps/place/Restaurante+Pensi%C3%B3n+Vald%C3%A9s/data=!4m7!3m6!1s0x9669282bcd0e6601:0x12c9f5813e7913c7!8m2!3d-36.6109309!4d-72.0992906!16s%2Fg%2F11b8_y25r6!19sChIJAWYOzSsoaZYRxxN5PoH1yRI?authuser=0&hl=es-419&rclk=1","-36.6109309","-72.0992906","Chillán","Ñuble","Chile","Google Maps web scraping con Playwright","2026-05-22","Parcial","Sí","","","","","","","","","","","","","","","","","pension valdes","No","","No","","Restaurante","65","Medio potencial"
"Restaurante La Caleta De Tito","4.5","472","Av. Argentina 747, Chillán, Ñuble","(42) 238 4858","","Restaurante","https://www.google.com/maps/place/Restaurante+La+Caleta+De+Tito/data=!4m7!3m6!1s0x966929d4b24978ff:0x56054506a338f247!8m2!3d-36.6117125!4d-72.0939595!16s%2Fg%2F11f03x99wf!19sChIJ_3hJstQpaZYRR_I4owZFBVY?authuser=0&hl=es-419&rclk=1","-36.6117125","-72.0939595","Chillán","Ñuble","Chile","Google Maps web scraping con Playwright","2026-05-22","Parcial","Sí","","","","","","","","","","","","","","","","","la caleta de tito","Sí","la caleta","No","","Restaurante","71","Medio potencial"
"Aay Chabela Restaurant","4.7","844","Arauco 660, 3780000 Chillán, Ñuble","9 3503 9550","https://www.facebook.com/aychabelarestaurant/","Restaurante","https://www.google.com/maps/place/Aay+Chabela+Restaurant/data=!4m7!3m6!1s0x9668d7dea8c4930b:0x2770903794774fc5!8m2!3d-36.6081967!4d-72.1033385!16s%2Fg%2F11f5v7km71!19sChIJC5PEqN7XaJYRxU93lDeQcCc?authuser=0&hl=es-419&rclk=1","-36.6081967","-72.1033385","Chillán","Ñuble","Chile","Google Maps web scraping con Playwright","2026-05-22","Completo","Sí","","","","","","","","","","","","","","","","","aay chabela","No","","No","","Restaurante","89","Alto potencial"
"Vita Wines House, Casa de vinos","4.8","88","Los Mallines 208, 3800146 Chillán, Ñuble","9 9933 2606","https://vitawines.cl/","Restaurante","https://www.google.com/maps/place/Vita+Wines+House,+Casa+de+vinos/@-36.5928329,-72.1037306,17z/data=!3m1!4b1!4m6!3m5!1s0x9668d786459af0b9:0xff81c3a3610f9d43!8m2!3d-36.5928329!4d-72.1037306!16s%2Fg%2F11k9zc5rwv?authuser=0&hl=es-419&entry=ttu&g_ep=EgoyMDI2MDUxNy4wIKXMDSoASAFQAw%3D%3D","-36.5928329","-72.1037306","Chillán","Ñuble","Chile","Google Maps web scraping con Playwright","2026-05-22","Completo","Sí","","","","","","","","","","","","","","","","","vita wines house casa de vinos","No","","No","","Restaurante","81","Alto potencial"
"Restaurant La Abuelita","4.3","433","Flores Millán 1093, 3800061 Chillán, Ñuble","(42) 225 3956","","Restaurante","https://www.google.com/maps/place/Restaurant+La+Abuelita/@-36.5906248,-72.087245,17z/data=!3m1!4b1!4m6!3m5!1s0x9668d79c79fa8b8d:0xee00d9ad405dd3bc!8m2!3d-36.5906248!4d-72.087245!16s%2Fg%2F11spps83kt?authuser=0&hl=es-419&entry=ttu&g_ep=EgoyMDI2MDUxNy4wIKXMDSoASAFQAw%3D%3D","-36.5906248","-72.087245","Chillán","Ñuble","Chile","Google Maps web scraping con Playwright","2026-05-22","Parcial","Sí","","","","","","","","","","","","","","","","","la abuelita","No","","No","","Restaurante","69","Medio potencial"
"Entre Amigos Restobar","4.4","397","Av. Argentina 384, 3780000 Chillán, Ñuble","(42) 231 6137","","Restaurante","https://www.google.com/maps/place/Entre+Amigos+Restobar/data=!4m7!3m6!1s0x966929d560055555:0x230485888c285b29!8m2!3d-36.6070194!4d-72.0927345!16s%2Fg%2F11dxddx27g!19sChIJVVUFYNUpaZYRKVsojIiFBCM?authuser=0&hl=es-419&rclk=1","-36.6070194","-72.0927345","Chillán","Ñuble","Chile","Google Maps web scraping con Playwright","2026-05-22","Parcial","Sí","","","","","","","","","","","","","","","","","entre amigos","No","","No","","Bar/Pub","70","Medio potencial"
"Restaurante 3 Regiones","4.6","277","Av. Argentina 431, 3820572 Chillán, Ñuble","9 6417 7736","","Restaurante peruano","https://www.google.com/maps/place/Restaurante+3+Regiones/data=!4m7!3m6!1s0x9668d757623c17bb:0xf348bc1a5fa133b8!8m2!3d-36.6078265!4d-72.092205!16s%2Fg%2F11qbr9886l!19sChIJuxc8YlfXaJYRuDOhXxq8SPM?authuser=0&hl=es-419&rclk=1","-36.6078265","-72.092205","Chillán","Ñuble","Chile","Google Maps web scraping con Playwright","2026-05-22","Parcial","Sí","","","","","","","","","","","","","","","","","3 regiones","No","","No","","Restaurante","70","Medio potencial"
"Santos Pecadores","4.4","541","Av. Vicente Méndez 275, 3800382 Chillán, Ñuble","9 3955 4067","http://www.santospecadores.cl/","Pub","https://www.google.com/maps/place/Santos+Pecadores/data=!4m7!3m6!1s0x9668d62c40674379:0x67299528f12705e6!8m2!3d-36.600087!4d-72.0898069!16s%2Fg%2F1v5k473t!19sChIJeUNnQCzWaJYR5gUn8SiVKWc?authuser=0&hl=es-419&rclk=1","-36.600087","-72.0898069","Chillán","Ñuble","Chile","Google Maps web scraping con Playwright","2026-05-22","Completo","No","","","","","","","","","","","","","","","","","santos pecadores","No","","No","","Bar/Pub","81","Bajo potencial"
"Restaurant El Chapu","4.4","822","Las Rosas 641, Chillán, Biobío","9 9711 3623","","Restaurante","https://www.google.com/maps/place/Restaurant+El+Chapu/@-36.611892,-72.0821374,17z/data=!3m1!4b1!4m6!3m5!1s0x9669ca19b111c019:0x70fd64e57055940c!8m2!3d-36.611892!4d-72.0821374!16s%2Fg%2F1tgwc36w?authuser=0&hl=es-419&entry=ttu&g_ep=EgoyMDI2MDUxNy4wIKXMDSoASAFQAw%3D%3D","-36.611892","-72.0821374","Chillán","Ñuble","Chile","Google Maps web scraping con Playwright","2026-05-22","Parcial","Sí","","","","","","","","","","","","","","","","","el chapu","No","","No","","Restaurante","72","Medio potencial"
"Volcano Restaurant","4.5","183","Casino marina del sol - Variante Nahueltoro 251, local 2, 3820572 Chillán, Ñuble","9 5827 1755","http://www.volcanorestaurant.cl/","Restaurante","https://www.google.com/maps/place/Volcano+Restaurant/data=!4m7!3m6!1s0x9668d7ba06c77f91:0x6f3eb74ac17461d!8m2!3d-36.5609654!4d-72.0933011!16s%2Fg%2F11k56967tb!19sChIJkX_HBrrXaJYRHUYXrHTr8wY?authuser=0&hl=es-419&rclk=1","-36.5609654","-72.0933011","Chillán","Ñuble","Chile","Google Maps web scraping con Playwright","2026-05-22","Completo","Sí","","","","","","","","","","","","","","","","","volcano","No","","No","","Restaurante","81","Alto potencial"
"Restaurant Punto Limeño","4.5","65","Carrera 148, 3800469 Chillán, Ñuble","9 5400 2625","","Restaurante peruano","https://www.google.com/maps/place/Restaurant+Punto+Lime%C3%B1o/@-36.6011131,-72.1038751,17z/data=!3m1!4b1!4m6!3m5!1s0x9668d7df00000001:0x186a91f217b358e9!8m2!3d-36.6011131!4d-72.1038751!16s%2Fg%2F11c1x38b8j?authuser=0&hl=es-419&entry=ttu&g_ep=EgoyMDI2MDUxNy4wIKXMDSoASAFQAw%3D%3D","-36.6011131","-72.1038751","Chillán","Ñuble","Chile","Google Maps web scraping con Playwright","2026-05-22","Parcial","Sí","","","","","","","","","","","","","","","","","punto limeno","No","","No","","Restaurante","63","Medio potencial"
"Restaurante Sabor a Mar","4.5","289","Francia 207, 3801057 Chillán, Ñuble","(42) 232 8905","","Restaurante","https://www.google.com/maps/place/Restaurante+Sabor+a+Mar/@-36.5967373,-72.1019622,17z/data=!3m1!4b1!4m6!3m5!1s0x9668d7ce40d1aee7:0xcc4e547731967766!8m2!3d-36.5967373!4d-72.1019622!16s%2Fg%2F11c67qwdz6?authuser=0&hl=es-419&entry=ttu&g_ep=EgoyMDI2MDUxNy4wIKXMDSoASAFQAw%3D%3D","-36.5967373","-72.1019622","Chillán","Ñuble","Chile","Google Maps web scraping con Playwright","2026-05-22","Parcial","Sí","","","","","","","","","","","","","","","","","sabor a mar","No","","No","","Restaurante","69","Medio potencial"
"Restaurante Entre Chillán Y Chillán Viejo","4.2","81","Tegualda 11-129, 3790287 Chillán, Ñuble","9 9447 9148","","Restaurante","https://www.google.com/maps/place/Restaurante+Entre+Chill%C3%A1n+Y+Chill%C3%A1n+Viejo/data=!4m7!3m6!1s0x96692819cb16975f:0xc48ff1ace347cf0a!8m2!3d-36.620945!4d-72.1209983!16s%2Fg%2F11c0qgzsyw!19sChIJX5cWyxkoaZYRCs9H46zxj8Q?authuser=0&hl=es-419&rclk=1","-36.620945","-72.1209983","Chillán","Ñuble","Chile","Google Maps web scraping con Playwright","2026-05-22","Parcial","Sí","","","","","","","","","","","","","","","","","entre y viejo","No","","No","","Restaurante","62","Medio potencial"
"Restaurant Arcoiris","4.4","248","El Roble 525, 3800765 Chillán, Ñuble","(42) 228 5704","","Restaurante","https://www.google.com/maps/place/Restaurant+Arcoiris/@-36.6083442,-72.1043306,17z/data=!3m1!4b1!4m6!3m5!1s0x9668d7d7dcc49ab9:0x663ac9fa5680a2af!8m2!3d-36.6083442!4d-72.1043306!16s%2Fg%2F11g8h1h31d?authuser=0&hl=es-419&entry=ttu&g_ep=EgoyMDI2MDUxNy4wIKXMDSoASAFQAw%3D%3D","-36.6083442","-72.1043306","Chillán","Ñuble","Chile","Google Maps web scraping con Playwright","2026-05-22","Parcial","Sí","","","","","","","","","","","","","","","","","arcoiris","No","","No","","Restaurante","68","Medio potencial"
"Casa Pierrot","4.6","149","Cocharcas 786, 3800990 Chillán, Ñuble","","","Restaurante italiano","https://www.google.com/maps/place/Casa+Pierrot/@-36.6131455,-72.1019494,17z/data=!3m1!4b1!4m6!3m5!1s0x96692900415732a3:0x3d2904724e7faefc!8m2!3d-36.6131455!4d-72.1019494!16s%2Fg%2F11vr187ltd?authuser=0&hl=es-419&entry=ttu&g_ep=EgoyMDI2MDUxNy4wIKXMDSoASAFQAw%3D%3D","-36.6131455","-72.1019494","Chillán","Ñuble","Chile","Google Maps web scraping con Playwright","2026-05-22","Sin teléfono","Sí","","","","","","","","","","","","","","","","Sin teléfono visible","casa pierrot","No","","No","","Restaurante","53","Bajo potencial"
"Cassis Mall Arauco Chillán","4.7","171","El Roble 770, Local 14, piso 1, 3800846 Chillán, Ñuble","9 3400 7643","https://cassiscafe.com/","Restaurante","https://www.google.com/maps/place/Cassis+Mall+Arauco+Chill%C3%A1n/data=!4m7!3m6!1s0x9669291a45c5f073:0x7c6e5e884dd1b012!8m2!3d-36.60968!4d-72.1009!16s%2Fg%2F11wr2vrt08!19sChIJc_DFRRopaZYRErDRTYhebnw?authuser=0&hl=es-419&rclk=1","-36.60968","-72.1009","Chillán","Ñuble","Chile","Google Maps web scraping con Playwright","2026-05-22","Completo","Sí","","","","","","","","","","","","","","","","","cassis mall arauco","No","","No","","Restaurante","82","Alto potencial"
"PITUCOPE RESTAURANT PERUANO","4.9","14","Av. Vicuña Mackenna 10046, La Florida, Región Metropolitana","9 5338 4325","https://pitucope-2.ola.click/","Restaurante peruano","https://www.google.com/maps/place/PITUCOPE+RESTAURANT+PERUANO/@-33.54853,-70.5868698,17z/data=!3m1!4b1!4m6!3m5!1s0x9662d1f3ea9802bd:0xb96e888d0cfe64f!8m2!3d-33.54853!4d-70.5868698!16s%2Fg%2F11txb626fm?authuser=0&hl=es-419&entry=ttu&g_ep=EgoyMDI2MDUxNy4wIKXMDSoASAFQAw%3D%3D","-33.54853","-70.5868698","La Florida","Metropolitana","Chile","Google Maps web scraping con Playwright","2026-05-22","Completo","Sí","","","","","","","","","","","","","","","","","","","","","","","",""
"Restaurante Punta Brasa La Florida","4.2","66","Palena 3152, 8240000 La Florida, Región Metropolitana","(2) 2669 3751","http://www.puntabrasa.cl/","Restaurante","https://www.google.com/maps/place/Restaurante+Punta+Brasa+La+Florida/data=!4m7!3m6!1s0x9662cfa4d8996d17:0xff23c0d1e494ab08!8m2!3d-33.5179138!4d-70.563385!16s%2Fg%2F11s63xjxk7!19sChIJF22Z2KTPYpYRCKuU5NHAI_8?authuser=0&hl=es-419&rclk=1","-33.5179138","-70.563385","La Florida","Metropolitana","Chile","Google Maps web scraping con Playwright","2026-05-22","Completo","Sí","","","","","","","","","","","","","","","","","","","","","","","",""
"Secretos de la Nona Chillán Casa Matriz Tienda 1","4.7","716","Arauco 937, 3800926 Chillán, Ñuble","9 8573 2009","https://secretosdelanona.cl/","Restaurante","https://www.google.com/maps/place/Secretos+de+la+Nona+Chill%C3%A1n+Casa+Matriz+Tienda+1/@-36.6116984,-72.1043029,17z/data=!3m1!4b1!4m6!3m5!1s0x96692828f5997465:0x8416716d711296f7!8m2!3d-36.6116984!4d-72.1043029!16s%2Fg%2F11bwqg83gz?authuser=0&hl=es-419&entry=ttu&g_ep=EgoyMDI2MDUxNy4wIKXMDSoASAFQAw%3D%3D","-36.6116984","-72.1043029","Chillán","Ñuble","Chile","Google Maps web scraping con Playwright","2026-05-22","Completo","Sí","","","","","","","","","","","","","","","","","","","","","","","",""
"Brasas Curicó","4.5","449","A Zapallar 4, Kilometro 0, Curicó, Maule","9 4267 3356","http://www.brasascurico.cl/","Restaurante","https://www.google.com/maps/place/Brasas+Curic%C3%B3/data=!4m7!3m6!1s0x9664570112b48ed1:0xa16e8c9d8e070ab6!8m2!3d-34.9867054!4d-71.2130128!16s%2Fg%2F11s0w28p80!19sChIJ0Y60EgFXZJYRtgoHjp2MbqE?authuser=0&hl=es-419&rclk=1","-34.9867054","-71.2130128","Curicó","Maule","Chile","Google Maps web scraping con Playwright","2026-05-22","Completo","Sí","","","","","","","","","","","","","","","","","","","","","","","",""
"Bom Burger Chile","4.9","574","Av. Manso de Velasco 466, 3340000 Curicó, Maule","9 2083 5627","","Restaurante","https://www.google.com/maps/place/Bom+Burger+Chile/data=!4m7!3m6!1s0x966457da626bba87:0xfe36f8dfbdec3664!8m2!3d-34.9858465!4d-71.2334531!16s%2Fg%2F11sh5q1j7g!19sChIJh7prYtpXZJYRZDbsvd_4Nv4?authuser=0&hl=es-419&rclk=1","-34.9858465","-71.2334531","Curicó","Maule","Chile","Google Maps web scraping con Playwright","2026-05-22","Parcial","Sí","","","","","","","","","","","","","","","","","","","","","","","",""
"Restaurant Fuego Bendito","4.5","72","Av. España 280, 3341845 Curicó, Maule","(75) 231 7697","https://restaurantefuegobendito.cl/","Bar restaurante","https://www.google.com/maps/place/Restaurant+Fuego+Bendito/@-34.9863974,-71.2301915,17z/data=!3m1!4b1!4m6!3m5!1s0x966457afd9136567:0xc43479034c42c4be!8m2!3d-34.9863974!4d-71.2301915!16s%2Fg%2F11c1xj9rk_?authuser=0&hl=es-419&entry=ttu&g_ep=EgoyMDI2MDUxNy4wIKXMDSoASAFQAw%3D%3D","-34.9863974","-71.2301915","Curicó","Maule","Chile","Google Maps web scraping con Playwright","2026-05-22","Completo","Sí","","","","","","","","","","","","","","","","","","","","","","","",""
"MEGA AJISECO LA FLORIDA 8961","4.5","30","Av. La Florida 8961, 8241429 La Florida, Región Metropolitana","9 3104 6615","http://www.elajiseco.cl/","Restaurante peruano","https://www.google.com/maps/place/MEGA+AJISECO+LA+FLORIDA+8961/@-33.5332063,-70.5748729,17z/data=!3m1!4b1!4m6!3m5!1s0x9662d1942458681b:0x2af542540066ebdd!8m2!3d-33.5332063!4d-70.5748729!16s%2Fg%2F11tf8gq63b?authuser=0&hl=es-419&entry=ttu&g_ep=EgoyMDI2MDUxNy4wIKXMDSoASAFQAw%3D%3D","-33.5332063","-70.5748729","La Florida","Metropolitana","Chile","Google Maps web scraping con Playwright","2026-05-22","Completo","Sí","","","","","","","","","","","","","","","","","","","","","","","",""
"","","","","","","","https://www.google.com/maps/place/El+Nomade+Cevicheria/@-33.5544091,-70.5855488,15z/data=!3m1!4b1!4m7!3m6!1s0x9662d12a163492e5:0xa48e479f19d80dcf!8m2!3d-33.5534033!4d-70.5832872!16s%2Fg%2F11s8c5t1wk!19sChIJ5ZI0FirRYpYRzw3YGZ9HjqQ?authuser=0&hl=es-419&entry=ttu&g_ep=EgoyMDI2MDUxNy4wIKXMDSoASAFQAw%3D%3D","-33.5544091","-70.5855488","La Florida","Metropolitana","Chile","Google Maps web scraping con Playwright","2026-05-22","Sin dirección","No","","","","","","","","","","","","","","","","Sin nombre visible; Sin dirección visible; Sin teléfono visible","","","","","","","",""
"Honua Poke Bar","4.6","139","Av. Las Condes 7134, 7560678 Las Condes, Región Metropolitana","(2) 2884 1768","https://honuapoke.cl/","Restaurante hawaiano","https://www.google.com/maps/place/Honua+Poke+Bar/data=!4m7!3m6!1s0x9662cf30d24d21fd:0x9717b0273fc65fdd!8m2!3d-33.404444!4d-70.557352!16s%2Fg%2F11gfp18h9k!19sChIJ_SFN0jDPYpYR3V_GPyewF5c?authuser=0&hl=es-419&rclk=1","-33.404444","-70.557352","La Reina","Metropolitana","Chile","Google Maps web scraping con Playwright","2026-05-22","Completo","Sí","","","","","","","","","","","","","","","","","","","","","","","",""
"Diablo Vino y Fuego Restaurante","4.7","96","Mercado Urbano Tobalaba (MUT - Av. Apoquindo 2730, 5to Piso, 7550179 Las Condes, Región Metropolitana","9 5006 3696","https://diablorestaurant.com/","Restaurante","https://www.google.com/maps/place/Diablo+Vino+y+Fuego+Restaurante/data=!4m7!3m6!1s0x9662cf000e465ddb:0x6db641c2529150bd!8m2!3d-33.4176518!4d-70.6013263!16s%2Fg%2F11ybgm1n6y!19sChIJ211GDgDPYpYRvVCRUsJBtm0?authuser=0&hl=es-419&rclk=1","-33.4176518","-70.6013263","Las Condes","Metropolitana","Chile","Google Maps web scraping con Playwright","2026-05-24","Completo","Sí","","","","","","","","","","","","","","","","","","","","","","","",""
"Lumiére Bistró Restaurante","4.6","84","Puerta del Sol 19, 7580067 Las Condes, Región Metropolitana","9 5451 7148","http://lumierebistro.cl/","Restaurante","https://www.google.com/maps/place/Lumi%C3%A9re+Bistr%C3%B3+Restaurante/@-33.4124303,-70.5787114,17z/data=!3m1!4b1!4m6!3m5!1s0x9662cf95117ec80d:0xc51680b1d08a9f02!8m2!3d-33.4124303!4d-70.5787114!16s%2Fg%2F11x318xkp_?authuser=0&hl=es-419&entry=ttu&g_ep=EgoyMDI2MDUyMC4wIKXMDSoASAFQAw%3D%3D","-33.4124303","-70.5787114","Las Condes","Metropolitana","Chile","Google Maps web scraping con Playwright","2026-05-24","Completo","Sí","","","","","","","","","","","","","","","","","","","","","","","",""
"Happening","4.5","05","Av. Apoquindo 3090, 7550312 Las Condes, Región Metropolitana","(2) 2362 1092","http://www.happening.cl/","Restaurante","https://www.google.com/maps/place/Happening/data=!4m7!3m6!1s0x9662cf154a3d39f5:0x1037462ca6ea9cf5!8m2!3d-33.416711!4d-70.5976522!16s%2Fg%2F1ts_7tfh!19sChIJ9Tk9ShXPYpYR9ZzqpixGNxA?authuser=0&hl=es-419&rclk=1","-33.416711","-70.5976522","Las Condes","Metropolitana","Chile","Google Maps web scraping con Playwright","2026-05-24","Completo","Sí","","","","","","","","","","","","","","","","","","","","","","","",""
"Santa Brasa Alto las Condes","4.4","41","Av. Pdte. Kennedy 9001, 3264, Las Condes, Región Metropolitana","9 7770 9515","http://www.santabrasa.cl/","Restaurante","https://www.google.com/maps/place/Santa+Brasa+Alto+las+Condes/data=!4m7!3m6!1s0x9662ceb468d92cab:0x2ac36733952a6182!8m2!3d-33.3897695!4d-70.546517!16s%2Fg%2F11bwh5m7x6!19sChIJqyzZaLTOYpYRgmEqlTNnwyo?authuser=0&hl=es-419&rclk=1","-33.3897695","-70.546517","Las Condes","Metropolitana","Chile","Google Maps web scraping con Playwright","2026-05-24","Completo","Sí","","","","","","","","","","","","","","","","","","","","","","","",""
"TPM BAR","4.3","402","Av. Las Condes 6766, 7550000 Las Condes, Región Metropolitana","(2) 2833 2889","http://www.tpmbar.cl/","Bar restaurante","https://www.google.com/maps/place/TPM+BAR/data=!4m7!3m6!1s0x9662cf4a95155799:0x42753b0ac97319c4!8m2!3d-33.4064945!4d-70.5607861!16s%2Fg%2F11sczxm5dx!19sChIJmVcVlUrPYpYRxBlzyQo7dUI?authuser=0&hl=es-419&rclk=1","-33.4064945","-70.5607861","Las Condes","Metropolitana","Chile","Google Maps web scraping con Playwright","2026-05-24","Completo","Sí","","","","","","","","","","","","","","","","","","","","","","","",""
"Nelí Parque Arauco","4.4","722","Boulevard Parque Arauco - Av. Pdte. Kennedy 5413, Local 363 A, piso 1, 7560801 Las Condes, Región Metropolitana","(2) 2247 7667","http://www.neli.cl/","Restaurante","https://www.google.com/maps/place/Nel%C3%AD+Parque+Arauco/data=!4m7!3m6!1s0x9662cf1124dd46eb:0xf81a2a6fc51b3679!8m2!3d-33.4021934!4d-70.5782494!16s%2Fg%2F11q9m8vzjc!19sChIJ60bdJBHPYpYReTYbxW8qGvg?authuser=0&hl=es-419&rclk=1","-33.4021934","-70.5782494","Las Condes","Metropolitana","Chile","Google Maps web scraping con Playwright","2026-05-24","Completo","Sí","","","","","","","","","","","","","","","","","","","","","","","",""
"Da Radda Las Condes","4.4","319","Los Militares 4777, Local 101, 7560968 Las Condes, Región Metropolitana","(2) 2929 4076","http://www.daradda.com/","Restaurante","https://www.google.com/maps/place/Da+Radda+Las+Condes/data=!4m7!3m6!1s0x9662cfaf020b6cf5:0x17521cb1c3405fd8!8m2!3d-33.4109279!4d-70.5791042!16s%2Fg%2F11fj0dryrv!19sChIJ9WwLAq_PYpYR2F9Aw7EcUhc?authuser=0&hl=es-419&rclk=1","-33.4109279","-70.5791042","Las Condes","Metropolitana","Chile","Google Maps web scraping con Playwright","2026-05-24","Completo","Sí","","","","","","","","","","","","","","","","","","","","","","","",""
"Living Café","4.4","800","La Gloria 47, 7580570 Las Condes, Región Metropolitana","9 6220 6233","http://www.livingcafe.cl/","Restaurante","https://www.google.com/maps/place/Living+Caf%C3%A9/data=!4m7!3m6!1s0x9662cf4744bca9d9:0x9eb98df7d6350177!8m2!3d-33.4101166!4d-70.5760702!16s%2Fg%2F11tbz762bz!19sChIJ2am8REfPYpYRdwE11veNuZ4?authuser=0&hl=es-419&rclk=1","-33.4101166","-70.5760702","Las Condes","Metropolitana","Chile","Google Maps web scraping con Playwright","2026-05-24","Completo","No","","","","","","","","","","","","","","","","Revisar: parece cafe","","","","","","","",""
"Rishtedar Vitacura","4.6","99","Av Vitacura 5461, 7630598 Vitacura, Región Metropolitana","9 8888 3581","http://www.rishtedar.cl/","Restaurante indio","https://www.google.com/maps/place/Rishtedar+Vitacura/@-33.3950354,-70.5790121,17z/data=!3m1!4b1!4m6!3m5!1s0x9662cf2b93ed4dff:0x907266614eb68b68!8m2!3d-33.3950354!4d-70.5790121!16s%2Fg%2F11cmsvbxwj?authuser=0&hl=es-419&entry=ttu&g_ep=EgoyMDI2MDUyMC4wIKXMDSoASAFQAw%3D%3D","-33.3950354","-70.5790121","Vitacura","Metropolitana","Chile","Google Maps web scraping con Playwright","2026-05-24","Completo","Sí","","","","","","","","","","","","","","","","","","","","","","","",""
"Piegari Chile","4.7","69","Av. Nueva Costanera 4092, 7630191 Vitacura, Región Metropolitana","9 3453 7621","http://www.piegari.cl/","Restaurante italiano","https://www.google.com/maps/place/Piegari+Chile/data=!4m7!3m6!1s0x9662cfe62edf92cf:0xe56813440fe5a463!8m2!3d-33.3954005!4d-70.5975267!16s%2Fg%2F11dyrb51w7!19sChIJz5LfLubPYpYRY6TlD0QTaOU?authuser=0&hl=es-419&rclk=1","-33.3954005","-70.5975267","Vitacura","Metropolitana","Chile","Google Maps web scraping con Playwright","2026-05-24","Completo","Sí","","","","","","","","","","","","","","","","","","","","","","","",""
"Tanaka Vitacura","4.5","47","Alonso de Córdova 4248, 7630504 Santiago, Vitacura, Región Metropolitana","9 7443 4824","http://www.tanaka.cl/vitacura","Restaurante","https://www.google.com/maps/place/Tanaka+Vitacura/@-33.4030473,-70.5886892,17z/data=!3m1!4b1!4m6!3m5!1s0x9662cf3719587b89:0x472600fb6eb00235!8m2!3d-33.4030473!4d-70.5886892!16s%2Fg%2F11ckw294gm?authuser=0&hl=es-419&entry=ttu&g_ep=EgoyMDI2MDUyMC4wIKXMDSoASAFQAw%3D%3D","-33.4030473","-70.5886892","Vitacura","Metropolitana","Chile","Google Maps web scraping con Playwright","2026-05-24","Completo","Sí","","","","","","","","","","","","","","","","","","","","","","","",""
"Quinoa","4.6","72","Av. Luis Pasteur 5393, Vitacura, Región Metropolitana","9 4408 4371","http://quinoarestaurante.cl/","Restaurante vegetariano","https://www.google.com/maps/place/Quinoa/data=!4m7!3m6!1s0x9662cf2c5ac9a893:0xcd2c93ceead87e19!8m2!3d-33.3951259!4d-70.5819071!16s%2Fg%2F11bvvz_rk_!19sChIJk6jJWizPYpYRGX7Y6s6TLM0?authuser=0&hl=es-419&rclk=1","-33.3951259","-70.5819071","Vitacura","Metropolitana","Chile","Google Maps web scraping con Playwright","2026-05-24","Completo","Sí","","","","","","","","","","","","","","","","","","","","","","","",""
"La Cocina de Javier - Restaurant","4.3","43","Av Vitacura 7482, 7640534 Santiago, Vitacura, Región Metropolitana","(2) 2495 7750","http://lacocinadejavier.cl/","Restaurante de cocina española","https://www.google.com/maps/place/La+Cocina+de+Javier+-+Restaurant/data=!4m7!3m6!1s0x9662cf3a9e7bc34f:0xa8ae31b5dae77065!8m2!3d-33.3856949!4d-70.5611474!16s%2Fg%2F1tdvqyty!19sChIJT8N7njrPYpYRZXDn2rUxrqg?authuser=0&hl=es-419&rclk=1","-33.3856949","-70.5611474","Vitacura","Metropolitana","Chile","Google Maps web scraping con Playwright","2026-05-24","Completo","Sí","","","","","","","","","","","","","","","","","","","","","","","",""
"Starnberg","4.5","53","Alonso de Córdova 2359, 7630415 Vitacura, Región Metropolitana","(2) 2953 5100","http://www.starnberg.cl/","Restaurante alemán","https://www.google.com/maps/place/Starnberg/@-33.401477,-70.594762,17z/data=!3m1!4b1!4m6!3m5!1s0x9662cf3701f09d87:0xe79b074bb9003930!8m2!3d-33.401477!4d-70.594762!16s%2Fg%2F1tnl2lww?authuser=0&hl=es-419&entry=ttu&g_ep=EgoyMDI2MDUyMC4wIKXMDSoASAFQAw%3D%3D","-33.401477","-70.594762","Vitacura","Metropolitana","Chile","Google Maps web scraping con Playwright","2026-05-24","Completo","Sí","","","","","","","","","","","","","","","","","","","","","","","",""
"Ocean Pacific's Esmeralda - Vitacura","4.6","06","Av. Padre Hurtado Nte 1480, 7650191 Vitacura, Región Metropolitana","9 6132 4837","http://www.oceanpacifics.cl/","Marisquería","https://www.google.com/maps/place/Ocean+Pacific%27s+Esmeralda+-+Vitacura/data=!4m7!3m6!1s0x9662c93560dce9a1:0x11f7d29150ff9c58!8m2!3d-33.3851318!4d-70.5507584!16s%2Fg%2F11bw46sgk7!19sChIJoencYDXJYpYRWJz_UJHS9xE?authuser=0&hl=es-419&rclk=1","-33.3851318","-70.5507584","Vitacura","Metropolitana","Chile","Google Maps web scraping con Playwright","2026-05-24","Completo","No","","","","","","","","","","","","","","","","","","","","","","","",""
"El Toro Vitacura","4.5","31","Alonso de Córdova 3788, piso -1, 7630000 Vitacura, Región Metropolitana","9 3201 9661","http://www.eltoro.cl/","Restaurante","https://www.google.com/maps/place/El+Toro+Vitacura/data=!4m7!3m6!1s0x9662cf89a33b0f49:0x1b187e22a345a7e0!8m2!3d-33.4018737!4d-70.5929112!16s%2Fg%2F11sw_ws1rr!19sChIJSQ87o4nPYpYR4KdFoyJ-GBs?authuser=0&hl=es-419&rclk=1","-33.4018737","-70.5929112","Vitacura","Metropolitana","Chile","Google Maps web scraping con Playwright","2026-05-24","Completo","Sí","","","","","","","","","","","","","","","","","","","","","","","",""
"Restaurant Miraolas","4.5","60","Av Vitacura 4171, 7630358 Santiago, Vitacura, Región Metropolitana","9 8385 0206","http://www.miraolas.cl/","Restaurante","https://www.google.com/maps/place/Restaurant+Miraolas/@-33.3999035,-70.5900577,17z/data=!3m1!4b1!4m6!3m5!1s0x9662cf316d7aaf55:0xfb7f125473d331be!8m2!3d-33.3999035!4d-70.5900577!16s%2Fg%2F1tfcdcry?authuser=0&hl=es-419&entry=ttu&g_ep=EgoyMDI2MDUyMC4wIKXMDSoASAFQAw%3D%3D","-33.3999035","-70.5900577","Vitacura","Metropolitana","Chile","Google Maps web scraping con Playwright","2026-05-24","Completo","Sí","","","","","","","","","","","","","","","","","","","","","","","",""
"Kechua Vitacura","4.7","495","Costanera Sur S.J.E. de Balaguer 6400, LUG 2-A, 7630000 Vitacura, Región Metropolitana","(2) 2427 9686","https://kechuarestaurantes.cl/borderio/","Restaurante peruano","https://www.google.com/maps/place/Kechua+Vitacura/data=!4m7!3m6!1s0x9662c91a55258adf:0x8b4d8fd1119ebaae!8m2!3d-33.3817562!4d-70.57943!16s%2Fg%2F11sj5dh_jm!19sChIJ34olVRrJYpYRrrqeEdGPTYs?authuser=0&hl=es-419&rclk=1","-33.3817562","-70.57943","Vitacura","Metropolitana","Chile","Google Maps web scraping con Playwright","2026-05-24","Completo","Sí","","","","","","","","","","","","","","","","","","","","","","","",""
"La Dicha Restaurant","4.5","625","Alonso de Córdova 4355, 7560801 Vitacura, Región Metropolitana","9 7478 8996","http://www.ladicha.cl/","Restaurante de alta cocina","https://www.google.com/maps/place/La+Dicha+Restaurant/@-33.4039613,-70.5874015,17z/data=!3m1!4b1!4m6!3m5!1s0x9662cf8c16450497:0x66b3dc98ab485629!8m2!3d-33.4039613!4d-70.5874015!16s%2Fg%2F11h512d0ch?authuser=0&hl=es-419&entry=ttu&g_ep=EgoyMDI2MDUyMC4wIKXMDSoASAFQAw%3D%3D","-33.4039613","-70.5874015","Vitacura","Metropolitana","Chile","Google Maps web scraping con Playwright","2026-05-24","Completo","Sí","","","","","","","","","","","","","","","","","","","","","","","",""
"La Casa Vieja","4.4","68","Av Vitacura 8411, 7650223 Vitacura, Santiago, Región Metropolitana","(2) 2202 0355","http://www.lacasavieja.cl/","Restaurante chileno","https://www.google.com/maps/place/La+Casa+Vieja/data=!4m7!3m6!1s0x9662c934f17b4247:0x7b277f0f558d4d2c!8m2!3d-33.384984!4d-70.55377!16s%2Fg%2F11bvvzwnkt!19sChIJR0J78TTJYpYRLE2NVQ9_J3s?authuser=0&hl=es-419&rclk=1","-33.384984","-70.55377","Vitacura","Metropolitana","Chile","Google Maps web scraping con Playwright","2026-05-24","Completo","Sí","","","","","","","","","","","","","","","","","","","","","","","",""
"Saffron Chile","4.7","459","Av. Nueva Costanera 3666, L-2, 8320000 Vitacura, Región Metropolitana","(2) 2502 2020","https://www.saffronchile.cl/","Restaurante indio","https://www.google.com/maps/place/Saffron+Chile/data=!4m7!3m6!1s0x9662cf49d3b039e1:0x9fb450f388645d4!8m2!3d-33.4029969!4d-70.598644!16s%2Fg%2F1q62d26j1!19sChIJ4Tmw00nPYpYR1EWGOA9F-wk?authuser=0&hl=es-419&rclk=1","-33.4029969","-70.598644","Vitacura","Metropolitana","Chile","Google Maps web scraping con Playwright","2026-05-24","Completo","Sí","","","","","","","","","","","","","","","","","","","","","","","",""
"Le Fournil - Vitacura","4.2","841","Av Vitacura 3841, 7630422 Vitacura, Región Metropolitana","9 6120 2109","","Restaurante francés","https://www.google.com/maps/place/Le+Fournil+-+Vitacura/@-33.4011027,-70.5927486,17z/data=!3m1!4b1!4m6!3m5!1s0x9662cf36cfe5d7f3:0x76a3d2393a279a05!8m2!3d-33.4011027!4d-70.5927486!16s%2Fg%2F1th7zk27?authuser=0&hl=es-419&entry=ttu&g_ep=EgoyMDI2MDUyMC4wIKXMDSoASAFQAw%3D%3D","-33.4011027","-70.5927486","Vitacura","Metropolitana","Chile","Google Maps web scraping con Playwright","2026-05-24","Parcial","Sí","","","","","","","","","","","","","","","","","","","","","","","",""
"Bambinolli Restaurante","4.5","632","El Rodeo 13350, 5006070 Lo Barnechea, Región Metropolitana","9 3239 2425","https://www.instagram.com/bambinollirestaurante/","Restaurante","https://www.google.com/maps/place/Bambinolli+Restaurante/data=!4m7!3m6!1s0x9662cbaf9cb86af5:0x4288af43e3d517c5!8m2!3d-33.3514323!4d-70.5120598!16s%2Fg%2F11xw87swbc!19sChIJ9Wq4nK_LYpYRxRfV40OviEI?authuser=0&hl=es-419&rclk=1","-33.3514323","-70.5120598","Lo Barnechea","Metropolitana","Chile","Google Maps web scraping con Playwright","2026-05-24","Completo","Sí","","","","","","","","","","","","","","","","","","","","","","","",""
"China 365 lo Barnechea","4.4","373","El Rodeo 13318, 7690000 Lo Barnechea, Región Metropolitana","9 8888 8365","http://www.china365.cl/","Restaurante chino","https://www.google.com/maps/place/China+365+lo+Barnechea/@-33.3517486,-70.5132361,17z/data=!3m1!4b1!4m6!3m5!1s0x9662cbaebd15089b:0xba450f6d15f7927a!8m2!3d-33.3517486!4d-70.5132361!16s%2Fg%2F11gzs5s45z?authuser=0&hl=es-419&entry=ttu&g_ep=EgoyMDI2MDUyMC4wIKXMDSoASAFQAw%3D%3D","-33.3517486","-70.5132361","Lo Barnechea","Metropolitana","Chile","Google Maps web scraping con Playwright","2026-05-24","Completo","Sí","","","","","","","","","","","","","","","","","","","","","","","",""
"BRU Italian Bakery","3.8","56","Mall Vivo Los Trapenses, Av. José Alcalde Délano 10533, Local 1004, 7691231 Lo Barnechea, Región Metropolitana","(2) 2993 2116","http://www.brubakery.cl/","Restaurante italiano","https://www.google.com/maps/place/BRU+Italian+Bakery/@-33.3571631,-70.5405466,17z/data=!3m1!4b1!4m6!3m5!1s0x9662c90870d02f6f:0x49622a992a37a51d!8m2!3d-33.3571631!4d-70.5405466!16s%2Fg%2F11rmp5p_pb?authuser=0&hl=es-419&entry=ttu&g_ep=EgoyMDI2MDUyMC4wIKXMDSoASAFQAw%3D%3D","-33.3571631","-70.5405466","Lo Barnechea","Metropolitana","Chile","Google Maps web scraping con Playwright","2026-05-24","Completo","Sí","","","","","","","","","","","","","","","","","","","","","","","",""
"The Crêpe Café","3.2","131","Av. La Dehesa 1445, 7690130 Lo Barnechea, Región Metropolitana","(2) 2216 1395","http://www.thecrepecafe.cl/","Restaurante","https://www.google.com/maps/place/The+Cr%C3%AApe+Caf%C3%A9/@-33.3583002,-70.5161605,17z/data=!3m1!4b1!4m6!3m5!1s0x9662cbe78d93b993:0xceadcadc6c738944!8m2!3d-33.3583002!4d-70.5161605!16s%2Fg%2F1v_z5j6w?authuser=0&hl=es-419&entry=ttu&g_ep=EgoyMDI2MDUyMC4wIKXMDSoASAFQAw%3D%3D","-33.3583002","-70.5161605","Lo Barnechea","Metropolitana","Chile","Google Maps web scraping con Playwright","2026-05-24","Completo","No","","","","","","","","","","","","","","","","Revisar: parece cafe","","","","","","","",""
"Arteaga","4.3","42","Lo Barnechea 1482, 7690228 Lo Barnechea, Región Metropolitana","(2) 2216 9233","","Restaurante","https://www.google.com/maps/place/Arteaga/@-33.355745,-70.5075244,17z/data=!3m1!4b1!4m6!3m5!1s0x9662cbc1992a4e89:0x90a38e190584cbb4!8m2!3d-33.355745!4d-70.5075244!16s%2Fg%2F1td59tqq?authuser=0&hl=es-419&entry=ttu&g_ep=EgoyMDI2MDUyMC4wIKXMDSoASAFQAw%3D%3D","-33.355745","-70.5075244","Lo Barnechea","Metropolitana","Chile","Google Maps web scraping con Playwright","2026-05-24","Parcial","Sí","","","","","","","","","","","","","","","","","","","","","","","",""
"Restaurante China Flower","4.4","201","Av. Las Condes 14820, 7710050 Lo Barnechea, Región Metropolitana","(2) 2215 9919","","Restaurante","https://www.google.com/maps/place/Restaurante+China+Flower/data=!4m7!3m6!1s0x9662cb910723897d:0xc35eadafbcd2bb4b!8m2!3d-33.3638701!4d-70.4947342!16s%2Fg%2F11dz_rndrk!19sChIJfYkjB5HLYpYRS7vSvK-tXsM?authuser=0&hl=es-419&rclk=1","-33.3638701","-70.4947342","Lo Barnechea","Metropolitana","Chile","Google Maps web scraping con Playwright","2026-05-24","Parcial","Sí","","","","","","","","","","","","","","","","","","","","","","","",""
"TACU TACU Restaurante - Providencia","4.8","06","Av. Andrés Bello 2233, Local 2217, 7510056 Providencia, Región Metropolitana","9 7523 8600","https://instagram.com/tacutacuprovidencia?igshid=OGQ2MjdiOTE=","Restaurante peruano","https://www.google.com/maps/place/TACU+TACU+Restaurante+-+Providencia/data=!4m7!3m6!1s0x9662cf4b70822fe9:0xf81994fdb40ea03c!8m2!3d-33.4203473!4d-70.6104797!16s%2Fg%2F11tfz6cvsk!19sChIJ6S-CcEvPYpYRPKAOtP2UGfg?authuser=0&hl=es-419&rclk=1","-33.4203473","-70.6104797","Providencia","Metropolitana","Chile","Google Maps web scraping con Playwright","2026-05-24","Completo","Sí","","","","","","","","","","","","","","","","","","","","","","","",""
"Restaurant Viva La Vida","4.8","51","Constitución 166, 7520367 Providencia, Región Metropolitana","9 8438 2683","https://www.restaurantvivalavida.cl/","Restaurante chileno","https://www.google.com/maps/place/Restaurant+Viva+La+Vida/data=!4m7!3m6!1s0x9662c5900af9e0f1:0x7a3457df8c8e8df0!8m2!3d-33.4323847!4d-70.6350521!16s%2Fg%2F11bbrm9xzn!19sChIJ8eD5CpDFYpYR8I2OjN9XNHo?authuser=0&hl=es-419&rclk=1","-33.4323847","-70.6350521","Providencia","Metropolitana","Chile","Google Maps web scraping con Playwright","2026-05-24","Completo","Sí","","","","","","","","","","","","","","","","","","","","","","","",""
"La Yunta Providencia","4.6","37","Manuel Montt 748, 7500977 Providencia, Región Metropolitana","(2) 3270 0556","http://www.layunta.cl/","Restaurante","https://www.google.com/maps/place/La+Yunta+Providencia/data=!4m7!3m6!1s0x9662cf7c1d4926e9:0x86997b36f37f3a27!8m2!3d-33.4349707!4d-70.6163277!16s%2Fg%2F11cpppmpkp!19sChIJ6SZJHXzPYpYRJzp_8zZ7mYY?authuser=0&hl=es-419&rclk=1","-33.4349707","-70.6163277","Providencia","Metropolitana","Chile","Google Maps web scraping con Playwright","2026-05-24","Completo","Sí","","","","","","","","","","","","","","","","","","","","","","","",""
"Casaluz Restaurant","4.5","06","Av. Italia 805, 7501184 Providencia, Región Metropolitana","9 8328 3329","https://www.casaluzrestaurant.cl/","Restaurante","https://www.google.com/maps/place/Casaluz+Restaurant/data=!4m7!3m6!1s0x9662c581e19870c3:0x9be183df6be6387c!8m2!3d-33.4421855!4d-70.6264657!16s%2Fg%2F1tx16kc6!19sChIJw3CY4YHFYpYRfDjma9-D4Zs?authuser=0&hl=es-419&rclk=1","-33.4421855","-70.6264657","Providencia","Metropolitana","Chile","Google Maps web scraping con Playwright","2026-05-24","Completo","Sí","","","","","","","","","","","","","","","","","","","","","","","",""
"Restaurante Peumayen - Comida Chilena Santiago","4.5","92","Constitución 136, 7520367 Providencia, Región Metropolitana","","https://www.peumayenchile.cl/","Restaurante chileno","https://www.google.com/maps/place/Restaurante+Peumayen+-+Comida+Chilena+Santiago/@-33.4328182,-70.6350162,17z/data=!3m1!4b1!4m6!3m5!1s0x9662c59aa16db1dd:0x1766370983bcca20!8m2!3d-33.4328182!4d-70.6350162!16s%2Fg%2F11b6z1sxl8?authuser=0&hl=es-419&entry=ttu&g_ep=EgoyMDI2MDUyMC4wIKXMDSoASAFQAw%3D%3D","-33.4328182","-70.6350162","Providencia","Metropolitana","Chile","Google Maps web scraping con Playwright","2026-05-24","Sin teléfono","Sí","","","","","","","","","","","","","","","","Sin teléfono visible","","","","","","","",""
"La Brava Restaurant","4.6","171","Av. Providencia 1713, 7500528 Providencia, Región Metropolitana","9 3644 3842","https://rest.nuvy.cl/la-brava","Restaurante","https://www.google.com/maps/place/La+Brava+Restaurant/@-33.4268293,-70.6150193,17z/data=!3m1!4b1!4m6!3m5!1s0x9662cf0007137975:0xfef2a0c7b5929a5c!8m2!3d-33.4268293!4d-70.6150193!16s%2Fg%2F11xn6z0qkj?authuser=0&hl=es-419&entry=ttu&g_ep=EgoyMDI2MDUyMC4wIKXMDSoASAFQAw%3D%3D","-33.4268293","-70.6150193","Providencia","Metropolitana","Chile","Google Maps web scraping con Playwright","2026-05-24","Completo","Sí","","","","","","","","","","","","","","","","","","","","","","","",""
"Del Beto Restaurant","4.3","57","Manuel Montt 1828, 7501280 Providencia, Región Metropolitana","(2) 2209 0206","http://delbeto.cl/","Restaurante chileno","https://www.google.com/maps/place/Del+Beto+Restaurant/data=!4m7!3m6!1s0x9662cf83ed3d8115:0xa4d5d3532a0430e8!8m2!3d-33.4444713!4d-70.6141735!16s%2Fg%2F1tj6w0d9!19sChIJFYE97YPPYpYR6DAEKlPT1aQ?authuser=0&hl=es-419&rclk=1","-33.4444713","-70.6141735","Providencia","Metropolitana","Chile","Google Maps web scraping con Playwright","2026-05-24","Completo","Sí","","","","","","","","","","","","","","","","","","","","","","","",""
"Streat Burger | Salvador","4.4","384","Av. Salvador 1822, 7770229 Ñuñoa, Región Metropolitana","","https://streat.cl/","Hamburguesería","https://www.google.com/maps/place/Streat+Burger+%7C+Salvador/@-33.4496903,-70.6216134,17z/data=!3m1!4b1!4m6!3m5!1s0x9662cf19dec59929:0x44c285b6494fffca!8m2!3d-33.4496903!4d-70.6216134!16s%2Fg%2F11s0vkgc0x?authuser=0&hl=es-419&entry=ttu&g_ep=EgoyMDI2MDUyMC4wIKXMDSoASAFQAw%3D%3D","-33.4496903","-70.6216134","Providencia","Metropolitana","Chile","Google Maps web scraping con Playwright","2026-05-24","Sin teléfono","No","","","","","","","","","","","","","","","","Revisar: parece hamburgueseria; Sin teléfono visible","","","","","","","",""
"Los Canallas","4.6","27","Holanda 55, 7510006 Providencia, Región Metropolitana","9 8289 0758","http://www.loscanallas.cl/","Restaurante francés","https://www.google.com/maps/place/Los+Canallas/@-33.4198686,-70.6041659,17z/data=!3m1!4b1!4m6!3m5!1s0x9662cf10728ff1dd:0x8a7e853eb6189a38!8m2!3d-33.4198686!4d-70.6041659!16s%2Fg%2F11h6tmpwxb?authuser=0&hl=es-419&entry=ttu&g_ep=EgoyMDI2MDUyMC4wIKXMDSoASAFQAw%3D%3D","-33.4198686","-70.6041659","Providencia","Metropolitana","Chile","Google Maps web scraping con Playwright","2026-05-24","Completo","Sí","","","","","","","","","","","","","","","","","","","","","","","",""
"Pal´Mar Restaurant","4.9","84","Condell 621, 7500000 Providencia, Región Metropolitana","9 9677 1812","http://www.palmarr.com/","Marisquería","https://www.google.com/maps/place/Pal%C2%B4Mar+Restaurant/@-33.4408405,-70.627778,17z/data=!3m1!4b1!4m6!3m5!1s0x9662c532355eb9f1:0x50a389fa5e63504d!8m2!3d-33.4408405!4d-70.627778!16s%2Fg%2F11sh7rl04_?authuser=0&hl=es-419&entry=ttu&g_ep=EgoyMDI2MDUyMC4wIKXMDSoASAFQAw%3D%3D","-33.4408405","-70.627778","Providencia","Metropolitana","Chile","Google Maps web scraping con Playwright","2026-05-24","Completo","Sí","","","","","","","","","","","","","","","","","","","","","","","",""
"Rishtedar La Reina","4.6","62","Av. Príncipe de Gales 6500, 7850286 La Reina, Región Metropolitana","(2) 3235 9977","https://www.rishtedar.cl/","Restaurante indio","https://www.google.com/maps/place/Rishtedar+La+Reina/data=!4m7!3m6!1s0x9662cfef049c5a59:0x62d7e0cee1a1dfbe!8m2!3d-33.4381564!4d-70.5647696!16s%2Fg%2F11mpclnd94!19sChIJWVqcBO_PYpYRvt-h4c7g12I?authuser=0&hl=es-419&rclk=1","-33.4381564","-70.5647696","La Reina","Metropolitana","Chile","Google Maps web scraping con Playwright","2026-05-24","Completo","Sí","","","","","","","","","","","","","","","","","","","","","","","",""
"MANTO Restaurant","4.5","84","Av. Alcalde Fernando Castillo Velasco 9047, La Reina, Región Metropolitana","9 2204 7306","https://instagram.com/mantorestaurant?utm_medium=copy_link","Restaurante","https://www.google.com/maps/place/MANTO+Restaurant/@-33.4519618,-70.538348,17z/data=!3m1!4b1!4m6!3m5!1s0x9662cfcbb11141c9:0x35a4bac8a7ee582a!8m2!3d-33.4519618!4d-70.538348!16s%2Fg%2F11srb13rs3?authuser=0&hl=es-419&entry=ttu&g_ep=EgoyMDI2MDUyMC4wIKXMDSoASAFQAw%3D%3D","-33.4519618","-70.538348","La Reina","Metropolitana","Chile","Google Maps web scraping con Playwright","2026-05-24","Completo","Sí","","","","","","","","","","","","","","","","","","","","","","","",""
"Restaurante Criollo Internacional | El Patio Echeñique | Lounge Bar","3.7","698","Av. Echeñique 6315, 7850434 La Reina, Región Metropolitana","9 5803 5115","","Restaurante","https://www.google.com/maps/place/Restaurante+Criollo+Internacional+%7C+El+Patio+Eche%C3%B1ique+%7C+Lounge+Bar/data=!4m7!3m6!1s0x9662cfe8e5c3ded5:0x4bb76a377dd89198!8m2!3d-33.4450936!4d-70.5660145!16s%2Fg%2F11tcv3fwx0!19sChIJ1d7D5ejPYpYRmJHYfTdqt0s?authuser=0&hl=es-419&rclk=1","-33.4450936","-70.5660145","La Reina","Metropolitana","Chile","Google Maps web scraping con Playwright","2026-05-24","Parcial","Sí","","","","","","","","","","","","","","","","","","","","","","","",""
"Mirá Vos - La Reina","4.4","184","Carlos Ossandón 75, 7500000 La Reina, Región Metropolitana","(55) 294 3434","http://www.miravos.cl/","Restaurante","https://www.google.com/maps/place/Mir%C3%A1+Vos+-+La+Reina/@-33.4494895,-70.5434544,17z/data=!3m1!4b1!4m6!3m5!1s0x9662cf74d37d9353:0x64bc36c209e55d0a!8m2!3d-33.4494895!4d-70.5434544!16s%2Fg%2F11v3_77_yz?authuser=0&hl=es-419&entry=ttu&g_ep=EgoyMDI2MDUyMC4wIKXMDSoASAFQAw%3D%3D","-33.4494895","-70.5434544","La Reina","Metropolitana","Chile","Google Maps web scraping con Playwright","2026-05-24","Completo","Sí","","","","","","","","","","","","","","","","","","","","","","","",""
"Caleta La Reina","4.4","697","Valenzuela Llanos 1358, 7860075 La Reina, Región Metropolitana","(2) 2993 5498","https://www.caletalareina.cl/","Restaurante","https://www.google.com/maps/place/Caleta+La+Reina/@-33.4399483,-70.5333349,17z/data=!3m1!4b1!4m6!3m5!1s0x9662ce70da1a5c9b:0x8953fc9ad2c0866e!8m2!3d-33.4399483!4d-70.5333349!16s%2Fg%2F11dxq2tymz?authuser=0&hl=es-419&entry=ttu&g_ep=EgoyMDI2MDUyMC4wIKXMDSoASAFQAw%3D%3D","-33.4399483","-70.5333349","La Reina","Metropolitana","Chile","Google Maps web scraping con Playwright","2026-05-24","Completo","Sí","","","","","","","","","","","","","","","","","","","","","","","",""
"Vecchia Casa restobar","4.6","476","Av. Larraín 6026, 7870125 La Reina, Región Metropolitana","9 7931 2095","https://vecchiacasarestobar.cl/","Restaurante","https://www.google.com/maps/place/Vecchia+Casa+restobar/data=!4m7!3m6!1s0x9662ce49f124307b:0x59b109a9939ed6bc!8m2!3d-33.4531048!4d-70.5676562!16s%2Fg%2F11bvt187pp!19sChIJezAk8UnOYpYRvNaek6kJsVk?authuser=0&hl=es-419&rclk=1","-33.4531048","-70.5676562","La Reina","Metropolitana","Chile","Google Maps web scraping con Playwright","2026-05-24","Completo","Sí","","","","","","","","","","","","","","","","","","","","","","","",""
"Alemán Experto La Reina","4.6","704","Av. Ossa 655, 7870053 La Reina, Región Metropolitana","9 5451 1718","https://www.alemanexperto.cl/","Restaurante","https://www.google.com/maps/place/Alem%C3%A1n+Experto+La+Reina/data=!4m7!3m6!1s0x9662cf3cb647e3db:0x9eade190733dd480!8m2!3d-33.4476738!4d-70.5712117!16s%2Fg%2F11l72v5qy1!19sChIJ2-NHtjzPYpYRgNQ9c5DhrZ4?authuser=0&hl=es-419&rclk=1","-33.4476738","-70.5712117","La Reina","Metropolitana","Chile","Google Maps web scraping con Playwright","2026-05-24","Completo","Sí","","","","","","","","","","","","","","","","","","","","","","","",""
"El cha cha pollo","4.7","184","Av. Larraín 6812, 7850000 La Reina, Región Metropolitana","9 4750 2847","https://elchachapollo.cl/","Restaurante de comida rápida","https://www.google.com/maps/place/El+cha+cha+pollo/data=!4m7!3m6!1s0x9662cf2357297345:0xcb53e6f5eec1f4cb!8m2!3d-33.4520411!4d-70.5592535!16s%2Fg%2F11nnt2t649!19sChIJRXMpVyPPYpYRy_TB7vXmU8s?authuser=0&hl=es-419&rclk=1","-33.4520411","-70.5592535","La Reina","Metropolitana","Chile","Google Maps web scraping con Playwright","2026-05-24","Completo","Sí","","","","","","","","","","","","","","","","Revisar: parece comida rapida","","","","","","","",""
"BEEF AND MEAT CHILE","5.0","68","Hannover 5750, 7630000 La Reina, Región Metropolitana","9 6708 7723","http://www.beefandmeat.cl/","Restaurante especializado en chuletas","https://www.google.com/maps/place/BEEF+AND+MEAT+CHILE/@-33.4513916,-70.57,17z/data=!3m1!4b1!4m6!3m5!1s0x9662c9d07b0b3583:0xc274c3f9d129f3a3!8m2!3d-33.4513916!4d-70.57!16s%2Fg%2F11rmpzcr9x?authuser=0&hl=es-419&entry=ttu&g_ep=EgoyMDI2MDUyMC4wIKXMDSoASAFQAw%3D%3D","-33.4513916","-70.57","La Reina","Metropolitana","Chile","Google Maps web scraping con Playwright","2026-05-24","Completo","Sí","","","","","","","","","","","","","","","","","","","","","","","",""
"Empanao","4.8","81","Av. Príncipe de Gales 6620, 7850286 La Reina, Región Metropolitana","9 7448 2343","https://www.empanao.com/","Restaurante","https://www.google.com/maps/place/Empanao/@-33.4384541,-70.5632805,17z/data=!3m1!4b1!4m6!3m5!1s0x9662cf98a415b3b5:0x850c1328cf2b46c6!8m2!3d-33.4384541!4d-70.5632805!16s%2Fg%2F11vyr_sytw?authuser=0&hl=es-419&entry=ttu&g_ep=EgoyMDI2MDUyMC4wIKXMDSoASAFQAw%3D%3D","-33.4384541","-70.5632805","La Reina","Metropolitana","Chile","Google Maps web scraping con Playwright","2026-05-24","Completo","Sí","","","","","","","","","","","","","","","","","","","","","","","",""
"LA TAQUERIA EL SOCIO","4.5","551","Av. Larraín 6759, 7850000 La Reina, Región Metropolitana","9 2090 4649","","Restaurante mexicano","https://www.google.com/maps/place/LA+TAQUERIA+EL+SOCIO/@-33.4524625,-70.5596475,17z/data=!3m1!4b1!4m6!3m5!1s0x9662cf1844fd8a45:0x48009cc79f368d!8m2!3d-33.4524625!4d-70.5596475!16s%2Fg%2F11hdx7c1w7?authuser=0&hl=es-419&entry=ttu&g_ep=EgoyMDI2MDUyMC4wIKXMDSoASAFQAw%3D%3D","-33.4524625","-70.5596475","La Reina","Metropolitana","Chile","Google Maps web scraping con Playwright","2026-05-24","Parcial","Sí","","","","","","","","","","","","","","","","","","","","","","","",""
"Son Perú","4.4","28","Salvador Izquierdo Pte 1800, 7850290 La Reina, Región Metropolitana","(2) 2907 0415","https://sonperu.cl/","Restaurante peruano","https://www.google.com/maps/place/Son+Per%C3%BA/@-33.4380998,-70.5566688,17z/data=!3m1!4b1!4m6!3m5!1s0x9662ce5b8600c381:0xaa0b804dd09289d3!8m2!3d-33.4380998!4d-70.5566688!16s%2Fg%2F11b8c559jt?authuser=0&hl=es-419&entry=ttu&g_ep=EgoyMDI2MDUyMC4wIKXMDSoASAFQAw%3D%3D","-33.4380998","-70.5566688","La Reina","Metropolitana","Chile","Google Maps web scraping con Playwright","2026-05-24","Completo","Sí","","","","","","","","","","","","","","","","","","","","","","","",""
"Restaurante Peruano ENTRE MAR Y TIERRA","4.7","316","Pedro de Ona 031, 8320000 Ñuñoa, Región Metropolitana","9 6463 6426","http://www.entre-marytierra.cl/","Restaurante peruano","https://www.google.com/maps/place/Restaurante+Peruano+ENTRE+MAR+Y+TIERRA/@-33.4539742,-70.629641,17z/data=!3m1!4b1!4m6!3m5!1s0x9662c55d8a478a83:0x4cdbaaa649b8affb!8m2!3d-33.4539742!4d-70.629641!16s%2Fg%2F11rmsyns_f?authuser=0&hl=es-419&entry=ttu&g_ep=EgoyMDI2MDUyMC4wIKXMDSoASAFQAw%3D%3D","-33.4539742","-70.629641","Ñuñoa","Metropolitana","Chile","Google Maps web scraping con Playwright","2026-05-24","Completo","Sí","","","","","","","","","","","","","","","","","","","","","","","",""
"Piccola Italia Plaza ñuñoa","4.6","237","Jorge Washington 111, 7790864 Ñuñoa, Región Metropolitana","(2) 2994 2086","https://gour.media/la-piccola-italia/alameda/","Restaurante italiano","https://www.google.com/maps/place/Piccola+Italia+Plaza+%C3%B1u%C3%B1oa/data=!4m7!3m6!1s0x9662cf004248a8eb:0x9c828311cd264268!8m2!3d-33.4539072!4d-70.5933615!16s%2Fg%2F11ym_yb9yy!19sChIJ66hIQgDPYpYRaEImzRGDgpw?authuser=0&hl=es-419&rclk=1","-33.4539072","-70.5933615","Ñuñoa","Metropolitana","Chile","Google Maps web scraping con Playwright","2026-05-24","Completo","Sí","","","","","","","","","","","","","","","","","","","","","","","",""
"Restaurante Moray","4.7","750","Av. Italia 1586, 7750000 Ñuñoa, Región Metropolitana","(2) 3292 4513","http://moray.cl/","Restaurante","https://www.google.com/maps/place/Restaurante+Moray/data=!4m7!3m6!1s0x9662c59bf408de7f:0xf0bcf121cfe7e8ce!8m2!3d-33.4490363!4d-70.6241282!16s%2Fg%2F11pcrq1qlp!19sChIJf94I9JvFYpYRzujnzyHxvPA?authuser=0&hl=es-419&rclk=1","-33.4490363","-70.6241282","Ñuñoa","Metropolitana","Chile","Google Maps web scraping con Playwright","2026-05-24","Completo","Sí","","","","","","","","","","","","","","","","","","","","","","","",""
"Peyo Restaurant","4.4","59","Lo Encalada 465, 7750200 Ñuñoa, Región Metropolitana","(2) 2506 4758","https://peyo.cl/","Restaurante chileno","https://www.google.com/maps/place/Peyo+Restaurant/data=!4m7!3m6!1s0x9662c5624b4feab9:0x3d815e7e459c8d2e!8m2!3d-33.456417!4d-70.6249084!16s%2Fg%2F1hjh8m92r!19sChIJuepPS2LFYpYRLo2cRX5egT0?authuser=0&hl=es-419&rclk=1","-33.456417","-70.6249084","Ñuñoa","Metropolitana","Chile","Google Maps web scraping con Playwright","2026-05-24","Completo","Sí","","","","","","","","","","","","","","","","","","","","","","","",""
"Fuente Suiza","4.5","12","Av. Irarrázaval 3361, 7750000 Ñuñoa, Región Metropolitana","(2) 3278 8300","http://fuentesuiza.cl/","Restaurante","https://www.google.com/maps/place/Fuente+Suiza/data=!4m7!3m6!1s0x9662cfbe457deb03:0x1405588af3ee4e0a!8m2!3d-33.4553392!4d-70.596028!16s%2Fg%2F1tcvw1m5!19sChIJA-t9Rb7PYpYRCk7u84pYBRQ?authuser=0&hl=es-419&rclk=1","-33.4553392","-70.596028","Ñuñoa","Metropolitana","Chile","Google Maps web scraping con Playwright","2026-05-24","Completo","Sí","","","","","","","","","","","","","","","","","","","","","","","",""
"Perú Mágico Tenedor Libre","4.4","25","Av. Pedro de Valdivia 3323, 7750000 Ñuñoa, Región Metropolitana","(2) 2344 4493","https://perumagicotenedorlibre.cl/","Restaurante peruano","https://www.google.com/maps/place/Per%C3%BA+M%C3%A1gico+Tenedor+Libre/@-33.4529922,-70.6051114,17z/data=!3m1!4b1!4m6!3m5!1s0x9662cf913be1a3eb:0x94f2dd1238d82af2!8m2!3d-33.4529922!4d-70.6051114!16s%2Fg%2F12lsdt9lg?authuser=0&hl=es-419&entry=ttu&g_ep=EgoyMDI2MDUyMC4wIKXMDSoASAFQAw%3D%3D","-33.4529922","-70.6051114","Ñuñoa","Metropolitana","Chile","Google Maps web scraping con Playwright","2026-05-24","Completo","Sí","","","","","","","","","","","","","","","","","","","","","","","",""
"TierraLibre restaurante y panadería","4.7","598","Miguel Claro 2220, 7750000 Ñuñoa, Región Metropolitana","9 9309 4223","http://www.pantierralibre.cl/","Restaurante","https://www.google.com/maps/place/TierraLibre+restaurante+y+panader%C3%ADa/data=!4m7!3m6!1s0x9662cf5d210aafb3:0x75c5fb8a496fa6bf!8m2!3d-33.4487734!4d-70.6161701!16s%2Fg%2F11m_jfmj9g!19sChIJs68KIV3PYpYRv6ZvSYr7xXU?authuser=0&hl=es-419&rclk=1","-33.4487734","-70.6161701","Ñuñoa","Metropolitana","Chile","Google Maps web scraping con Playwright","2026-05-24","Completo","No","","","","","","","","","","","","","","","","Revisar: parece panaderia","","","","","","","",""
"Pardeshi Tadka","4.7","506","José Manuel Infante 2683, 7750083 Ñuñoa, Región Metropolitana","(2) 3300 8881","https://www.facebook.com/pardeshitadka","Restaurante indio","https://www.google.com/maps/place/Pardeshi+Tadka/@-33.4554766,-70.6181638,17z/data=!3m1!4b1!4m6!3m5!1s0x9662cf698d67dfe3:0x9a04cda13eac264f!8m2!3d-33.4554766!4d-70.6181638!16s%2Fg%2F11b90ddhhl?authuser=0&hl=es-419&entry=ttu&g_ep=EgoyMDI2MDUyMC4wIKXMDSoASAFQAw%3D%3D","-33.4554766","-70.6181638","Ñuñoa","Metropolitana","Chile","Google Maps web scraping con Playwright","2026-05-24","Completo","Sí","","","","","","","","","","","","","","","","","","","","","","","",""
"Kaizen Sushi Ñuñoa","5.0","84","Av. Irarrázaval 1018, local 4, 7750000 Ñuñoa, Región Metropolitana","9 8836 8843","https://linktr.ee/KaizenSushiSpa?utm_source=linktree_profile_share&ltsid=ccf3a56c-ca51-477f-86e9-bc05e8777914","Restaurante de sushi","https://www.google.com/maps/place/Kaizen+Sushi+%C3%91u%C3%B1oa/data=!4m7!3m6!1s0x9662cf223d1911a9:0x810d15f8b55548d4!8m2!3d-33.4533061!4d-70.6204662!16s%2Fg%2F11y_x6psg8!19sChIJqREZPSLPYpYR1EhVtfgVDYE?authuser=0&hl=es-419&rclk=1","-33.4533061","-70.6204662","Ñuñoa","Metropolitana","Chile","Google Maps web scraping con Playwright","2026-05-24","Completo","Sí","","","","","","","","","","","","","","","","","","","","","","","",""
"La Casa Del Chef","4.5","725","Av. Irarrázaval 667, Santiago, Ñuñoa, Región Metropolitana","(2) 2343 4172","https://www.lacasadelchef.cl/","Restaurante peruano","https://www.google.com/maps/place/La+Casa+Del+Chef/@-33.4531368,-70.6238873,17z/data=!3m1!4b1!4m6!3m5!1s0x9662c562c4cffcdb:0x8dad4a4dc6ec244e!8m2!3d-33.4531368!4d-70.6238873!16s%2Fg%2F11c1rg80hw?authuser=0&hl=es-419&entry=ttu&g_ep=EgoyMDI2MDUyMC4wIKXMDSoASAFQAw%3D%3D","-33.4531368","-70.6238873","Ñuñoa","Metropolitana","Chile","Google Maps web scraping con Playwright","2026-05-24","Completo","Sí","","","","","","","","","","","","","","","","","","","","","","","",""
"Mister Fish Ñuñoa","4.3","68","Av. Irarrázaval 3247, 7760046 Ñuñoa, Región Metropolitana","(2) 2343 3750","http://www.misterfish.cl/","Restaurante de cocina contemporánea británica","https://www.google.com/maps/place/Mister+Fish+%C3%91u%C3%B1oa/@-33.4551905,-70.5971279,17z/data=!3m1!4b1!4m6!3m5!1s0x9662cfbe3ca657dd:0xdacdd8c726de17af!8m2!3d-33.4551905!4d-70.5971279!16s%2Fg%2F1hhp8jb74?authuser=0&hl=es-419&entry=ttu&g_ep=EgoyMDI2MDUyMC4wIKXMDSoASAFQAw%3D%3D","-33.4551905","-70.5971279","Ñuñoa","Metropolitana","Chile","Google Maps web scraping con Playwright","2026-05-24","Completo","Sí","","","","","","","","","","","","","","","","","","","","","","","",""
"Maju Perú Ñuñoa","4.3","272","Av. Pedro de Valdivia 3356, 7770543 Ñuñoa, Región Metropolitana","2232649286","https://restaurantmajuperu.cl/","Restaurante","https://www.google.com/maps/place/Maju+Per%C3%BA+%C3%91u%C3%B1oa/@-33.4531239,-70.604704,17z/data=!3m1!4b1!4m6!3m5!1s0x9662cf913837d12f:0x48bbd6194816a426!8m2!3d-33.4531239!4d-70.604704!16s%2Fg%2F11c32bq4n0?authuser=0&hl=es-419&entry=ttu&g_ep=EgoyMDI2MDUyMC4wIKXMDSoASAFQAw%3D%3D","-33.4531239","-70.604704","Ñuñoa","Metropolitana","Chile","Google Maps web scraping con Playwright","2026-05-24","Completo","Sí","","","","","","","","","","","","","","","","","","","","","","","",""
"El Zócalo Cocina Mexicana - La Florida","4.1","309","Enrique Olivares 3189, 8290305 La Florida, Región Metropolitana","9 4543 7001","http://www.elzocalo.cl/","Restaurante","https://www.google.com/maps/place/El+Z%C3%B3calo+Cocina+Mexicana+-+La+Florida/data=!4m7!3m6!1s0x9662d1be294a7d55:0xaab20e8c6b122a8c!8m2!3d-33.5400067!4d-70.5596077!16s%2Fg%2F11rpczx24q!19sChIJVX1KKb7RYpYRjCoSa4wOsqo?authuser=0&hl=es-419&rclk=1","-33.5400067","-70.5596077","La Florida","Metropolitana","Chile","Google Maps web scraping con Playwright","2026-05-24","Completo","Sí","","","","","","","","","","","","","","","","","","","","","","","",""
"Nagai Sushi La Florida","4.5","115","Av. Vicuña Mackenna Ote. 10706, 8301163 Santiago, La Florida, Región Metropolitana","(2) 2891 8862","","Restaurante de sushi","https://www.google.com/maps/place/Nagai+Sushi+La+Florida/data=!4m7!3m6!1s0x9662d0d1d48d902d:0x1e19b02ad00dc61a!8m2!3d-33.556756!4d-70.5856981!16s%2Fg%2F11c37lv_gl!19sChIJLZCN1NHQYpYRGsYN0CqwGR4?authuser=0&hl=es-419&rclk=1","-33.556756","-70.5856981","La Florida","Metropolitana","Chile","Google Maps web scraping con Playwright","2026-05-24","Parcial","Sí","","","","","","","","","","","","","","","","","","","","","","","",""
"Nosolocrudos","4.5","44","Av. San José de la Estrella 297, 8301007 La Florida, Región Metropolitana","9 6443 5071","","Restaurante de comida cruda","https://www.google.com/maps/place/Nosolocrudos/data=!4m7!3m6!1s0x9662d1a4965f2f2f:0xe84eb6faa2050247!8m2!3d-33.5533471!4d-70.5833934!16s%2Fg%2F11h5s1v2g3!19sChIJLy9flqTRYpYRRwIFovq2Tug?authuser=0&hl=es-419&rclk=1","-33.5533471","-70.5833934","La Florida","Metropolitana","Chile","Google Maps web scraping con Playwright","2026-05-24","Parcial","Sí","","","","","","","","","","","","","","","","","","","","","","","",""
"Sweet & Salty","4.6","43","Jardín Alto 9562, 8290281 La Florida, Región Metropolitana","9 9651 2939","https://menu.fu.do/sweet&salty","Pub restaurante","https://www.google.com/maps/place/Sweet+%26+Salty/data=!4m7!3m6!1s0x9662d13e769226a5:0xe5f7b987c74bf725!8m2!3d-33.5400375!4d-70.5560127!16s%2Fg%2F11dfhxw_xl!19sChIJpSaSdj7RYpYRJfdLx4e59-U?authuser=0&hl=es-419&rclk=1","-33.5400375","-70.5560127","La Florida","Metropolitana","Chile","Google Maps web scraping con Playwright","2026-05-24","Completo","Sí","","","","","","","","","","","","","","","","","","","","","","","",""
"Los Panas Gourmet","5.0","8","Bacteriológico 10507, 8300963 Santiago, La Florida, Región Metropolitana","9 6560 9801","","Comida china para llevar","https://www.google.com/maps/place/Los+Panas+Gourmet/data=!4m7!3m6!1s0x9662d1b78f078a61:0x171b01c2ab35836e!8m2!3d-33.5532571!4d-70.5814615!16s%2Fg%2F11p5pz5sqy!19sChIJYYoHj7fRYpYRboM1q8IBGxc?authuser=0&hl=es-419&rclk=1","-33.5532571","-70.5814615","La Florida","Metropolitana","Chile","Google Maps web scraping con Playwright","2026-05-24","Parcial","Sí","","","","","","","","","","","","","","","","","","","","","","","",""
"Sushi J&J La Florida","4.0","121","Av. Vicuña Mackenna 10186, 8300590 La Florida, Región Metropolitana","9 3490 7915","http://www.sushijyj.cl/","Restaurante","https://www.google.com/maps/place/Sushi+J%26J+La+Florida/data=!4m7!3m6!1s0x9662d1ae87031eb1:0xcb0e7247766a0bba!8m2!3d-33.5500597!4d-70.5868577!16s%2Fg%2F11r4_mc7z_!19sChIJsR4Dh67RYpYRugtqdkdyDss?authuser=0&hl=es-419&rclk=1","-33.5500597","-70.5868577","La Florida","Metropolitana","Chile","Google Maps web scraping con Playwright","2026-05-24","Completo","Sí","","","","","","","","","","","","","","","","","","","","","","","",""
"Fullbanqueteria","3.9","7","8251256 La Florida, Región Metropolitana","9 9307 4817","http://www.fullbanqueteria.cl/","Restaurante","https://www.google.com/maps/place/Fullbanqueteria/@-33.553252,-70.5872741,17z/data=!3m1!4b1!4m6!3m5!1s0x9662d0c542546eb9:0xb17a335123f6437e!8m2!3d-33.553252!4d-70.5872741!16s%2Fg%2F11f00m18tl?authuser=0&hl=es-419&entry=ttu&g_ep=EgoyMDI2MDUyMC4wIKXMDSoASAFQAw%3D%3D","-33.553252","-70.5872741","La Florida","Metropolitana","Chile","Google Maps web scraping con Playwright","2026-05-24","Completo","Sí","","","","","","","","","","","","","","","","","","","","","","","",""
"Restaurante Mar & Tierra Peruano","4.3","05","Sta. Amalia 1000, 8300344 La Florida, Región Metropolitana","(2) 2629 1567","http://www.marytierraperuano.cl/","Restaurante peruano","https://www.google.com/maps/place/Restaurante+Mar+%26+Tierra+Peruano/@-33.5437912,-70.5764617,17z/data=!3m1!4b1!4m6!3m5!1s0x9662d0de4ce8ae2b:0x577ec0d71cff2a7b!8m2!3d-33.5437912!4d-70.5764617!16s%2Fg%2F11clwmj6vt?authuser=0&hl=es-419&entry=ttu&g_ep=EgoyMDI2MDUyMC4wIKXMDSoASAFQAw%3D%3D","-33.5437912","-70.5764617","La Florida","Metropolitana","Chile","Google Maps web scraping con Playwright","2026-05-24","Completo","Sí","","","","","","","","","","","","","","","","","","","","","","","",""
"Fuente Chilena","4.6","430","Av. Vicuña Mackenna Ote. 7110, 8240000 La Florida, Región Metropolitana","(2) 2938 7481","https://www.fuentechilena.cl/","Restaurante","https://www.google.com/maps/place/Fuente+Chilena/@-33.517436,-70.5977486,17z/data=!3m1!4b1!4m6!3m5!1s0x9662d1680daafe07:0xe6d31f3d02e4e7dd!8m2!3d-33.517436!4d-70.5977486!16s%2Fg%2F11w1k877x1?authuser=0&hl=es-419&entry=ttu&g_ep=EgoyMDI2MDUyMC4wIKXMDSoASAFQAw%3D%3D","-33.517436","-70.5977486","La Florida","Metropolitana","Chile","Google Maps web scraping con Playwright","2026-05-24","Completo","Sí","","","","","","","","","","","","","","","","","","","","","","","",""
"Restaurante Fuente Curicana","4.6","217","Longitudinal sur km 191, 3340000 Curicó, Maule","","","Restaurante","https://www.google.com/maps/place/Restaurante+Fuente+Curicana/data=!4m7!3m6!1s0x9664f956f788b27b:0xbc81ea1f8e364bd2!8m2!3d-34.9884756!4d-71.2225595!16s%2Fg%2F11k58cxts2!19sChIJe7KI91b5ZJYR0ks2jh_qgbw?authuser=0&hl=es-419&rclk=1","-34.9884756","-71.2225595","Curicó","Maule","Chile","Google Maps web scraping con Playwright","2026-05-24","Sin teléfono","Sí","","","","","","","","","","","","","","","","Sin teléfono visible","","","","","","","",""
"Soler Curicó","4.5","59","Longitudinal Sur KM. 189, Curicó, Romeral, Maule","(75) 254 5580","http://www.soler.cl/","Restaurante","https://www.google.com/maps/place/Soler+Curic%C3%B3/@-34.978038,-71.2066912,17z/data=!3m1!4b1!4m6!3m5!1s0x966457c4fef73273:0xfea3825c6c785eed!8m2!3d-34.978038!4d-71.2066912!16s%2Fg%2F11cjj6q9kb?authuser=0&hl=es-419&entry=ttu&g_ep=EgoyMDI2MDUyMC4wIKXMDSoASAFQAw%3D%3D","-34.978038","-71.2066912","Curicó","Maule","Chile","Google Maps web scraping con Playwright","2026-05-24","Completo","Sí","","","","","","","","","","","","","","","","","","","","","","","",""
"Restaurant Polinesia","4.3","84","Cam. A Licantén 1455, 3340000 Curicó, Maule","9 7527 5435","https://www.instagram.com/restaurant_polinesia/?igshid=YmMyMTA2M2Y=","Restaurante","https://www.google.com/maps/place/Restaurant+Polinesia/@-34.9770753,-71.2550231,17z/data=!3m1!4b1!4m6!3m5!1s0x966457711abd2c91:0x32c8d699eabb9281!8m2!3d-34.9770753!4d-71.2550231!16s%2Fg%2F11tdlbm90_?authuser=0&hl=es-419&entry=ttu&g_ep=EgoyMDI2MDUyMC4wIKXMDSoASAFQAw%3D%3D","-34.9770753","-71.2550231","Curicó","Maule","Chile","Google Maps web scraping con Playwright","2026-05-24","Completo","Sí","","","","","","","","","","","","","","","","","","","","","","","",""
"Restaurante Pasion Limeña","4.3","329","Villota 639, 8320000 Curicó, Maule","(75) 274 7311","","Restaurante peruano","https://www.google.com/maps/place/Restaurante+Pasion+Lime%C3%B1a/@-34.9884289,-71.2430858,17z/data=!3m1!4b1!4m6!3m5!1s0x96645716d1584e13:0xe23d5c70d69aec44!8m2!3d-34.9884289!4d-71.2430858!16s%2Fg%2F11j3wh0bb1?authuser=0&hl=es-419&entry=ttu&g_ep=EgoyMDI2MDUyMC4wIKXMDSoASAFQAw%3D%3D","-34.9884289","-71.2430858","Curicó","Maule","Chile","Google Maps web scraping con Playwright","2026-05-24","Parcial","Sí","","","","","","","","","","","","","","","","","","","","","","","",""
"Mi Casa Restaurante","4.4","536","Peña 871, 3341566 Curicó, Maule","(75) 274 7095","https://www.facebook.com/Mi-Casa-Restaurante-167038006818879/","Restaurante chileno","https://www.google.com/maps/place/Mi+Casa+Restaurante/@-34.9819444,-71.2419444,17z/data=!3m1!4b1!4m6!3m5!1s0x9664570989291387:0xae7191c028006b89!8m2!3d-34.9819444!4d-71.2419444!16s%2Fg%2F11f08930gz?authuser=0&hl=es-419&entry=ttu&g_ep=EgoyMDI2MDUyMC4wIKXMDSoASAFQAw%3D%3D","-34.9819444","-71.2419444","Curicó","Maule","Chile","Google Maps web scraping con Playwright","2026-05-24","Completo","Sí","","","","","","","","","","","","","","","","","","","","","","","",""
"Fuente de Soda "" El Panzón ""","4.5","166","Av. Freire 184, 3340000 Curicó, Maule","(75) 274 6048","http://www.panzoncurico.cl/","Restaurante","https://www.google.com/maps/place/Fuente+de+Soda+%22+El+Panz%C3%B3n+%22/data=!4m7!3m6!1s0x966457a1b18ffbc9:0xf8dbe549713d259d!8m2!3d-34.9770172!4d-71.2378876!16s%2Fg%2F119tsr0mn!19sChIJyfuPsaFXZJYRnSU9cUnl2_g?authuser=0&hl=es-419&rclk=1","-34.9770172","-71.2378876","Curicó","Maule","Chile","Google Maps web scraping con Playwright","2026-05-24","Completo","Sí","","","","","","","","","","","","","","","","","","","","","","","",""
"Restaurant Perla Azul","4.4","89","Av. España 109, 3340001 Curicó, Maule","(75) 222 0888","","Restaurante chino","https://www.google.com/maps/place/Restaurant+Perla+Azul/@-34.986116,-71.229345,17z/data=!3m1!4b1!4m6!3m5!1s0x966457afc033d69f:0xa5ffbc7e0cea6f23!8m2!3d-34.986116!4d-71.229345!16s%2Fg%2F11b7q60d8q?authuser=0&hl=es-419&entry=ttu&g_ep=EgoyMDI2MDUyMC4wIKXMDSoASAFQAw%3D%3D","-34.986116","-71.229345","Curicó","Maule","Chile","Google Maps web scraping con Playwright","2026-05-24","Parcial","Sí","","","","","","","","","","","","","","","","","","","","","","","",""
"NOVU","4.0","286","Carrera 301, 3340000 Curicó, Maule","9 9671 7253","http://www.novu.cl/","Pub restaurante","https://www.google.com/maps/place/NOVU/@-34.984909,-71.2295317,17z/data=!3m1!4b1!4m6!3m5!1s0x966457570a4a381b:0xe2725e2bdd47b27e!8m2!3d-34.984909!4d-71.2295317!16s%2Fg%2F11s4w6gg0n?authuser=0&hl=es-419&entry=ttu&g_ep=EgoyMDI2MDUyMC4wIKXMDSoASAFQAw%3D%3D","-34.984909","-71.2295317","Curicó","Maule","Chile","Google Maps web scraping con Playwright","2026-05-24","Completo","Sí","","","","","","","","","","","","","","","","","","","","","","","",""
"Marivá Restaurant","4.8","6","Av. España 692, 3341853 Curicó, Maule","","https://toteat.shop/r/cl/Mariva/22804/checkin/menu","Restaurante","https://www.google.com/maps/place/Mariv%C3%A1+Restaurant/@-34.9857874,-71.2263104,17z/data=!3m1!4b1!4m6!3m5!1s0x9664570043d01c99:0x772b77f7070e01ab!8m2!3d-34.9857874!4d-71.2263104!16s%2Fg%2F11nbnj4x3c?authuser=0&hl=es-419&entry=ttu&g_ep=EgoyMDI2MDUyMC4wIKXMDSoASAFQAw%3D%3D","-34.9857874","-71.2263104","Curicó","Maule","Chile","Google Maps web scraping con Playwright","2026-05-24","Sin teléfono","Sí","","","","","","","","","","","","","","","","Sin teléfono visible","","","","","","","",""
"Restaurente","4.5","96","Av. España 802, 3340000 Curicó, Maule","","","Restaurante","https://www.google.com/maps/place/Restaurente/@-34.9847585,-71.2220893,17z/data=!3m1!4b1!4m6!3m5!1s0x966457b0c904a9bd:0x608405c2125aaa52!8m2!3d-34.9847585!4d-71.2220893!16s%2Fg%2F1tflz2py?authuser=0&hl=es-419&entry=ttu&g_ep=EgoyMDI2MDUyMC4wIKXMDSoASAFQAw%3D%3D","-34.9847585","-71.2220893","Curicó","Maule","Chile","Google Maps web scraping con Playwright","2026-05-24","Sin teléfono","Sí","","","","","","","","","","","","","","","","Sin teléfono visible","","","","","","","",""
"Restaurante La Caleta De Tito","4.5","472","Av. Argentina 747, Chillán, Ñuble","(42) 238 4858","","Restaurante","https://www.google.com/maps/place/Restaurante+La+Caleta+De+Tito/@-36.6117125,-72.0939595,17z/data=!3m1!4b1!4m6!3m5!1s0x966929d4b24978ff:0x56054506a338f247!8m2!3d-36.6117125!4d-72.0939595!16s%2Fg%2F11f03x99wf?authuser=0&hl=es-419&entry=ttu&g_ep=EgoyMDI2MDUyMC4wIKXMDSoASAFQAw%3D%3D","-36.6117125","-72.0939595","Chillán","Ñuble","Chile","Google Maps web scraping con Playwright","2026-05-24","Parcial","Sí","","","","","","","","","","","","","","","","","","","","","","","",""
"Aay Chabela Restaurant","4.7","847","Arauco 660, 3780000 Chillán, Ñuble","9 3503 9550","https://www.facebook.com/aychabelarestaurant/","Restaurante","https://www.google.com/maps/place/Aay+Chabela+Restaurant/@-36.6081967,-72.1033385,17z/data=!3m1!4b1!4m6!3m5!1s0x9668d7dea8c4930b:0x2770903794774fc5!8m2!3d-36.6081967!4d-72.1033385!16s%2Fg%2F11f5v7km71?authuser=0&hl=es-419&entry=ttu&g_ep=EgoyMDI2MDUyMC4wIKXMDSoASAFQAw%3D%3D","-36.6081967","-72.1033385","Chillán","Ñuble","Chile","Google Maps web scraping con Playwright","2026-05-24","Completo","Sí","","","","","","","","","","","","","","","","","","","","","","","",""
"Restaurant La Abuelita","4.3","433","Flores Millán 1093, 3800061 Chillán, Ñuble","(42) 225 3956","","Restaurante","https://www.google.com/maps/place/Restaurant+La+Abuelita/data=!4m7!3m6!1s0x9668d79c79fa8b8d:0xee00d9ad405dd3bc!8m2!3d-36.5906248!4d-72.087245!16s%2Fg%2F11spps83kt!19sChIJjYv6eZzXaJYRvNNdQK3ZAO4?authuser=0&hl=es-419&rclk=1","-36.5906248","-72.087245","Chillán","Ñuble","Chile","Google Maps web scraping con Playwright","2026-05-24","Parcial","Sí","","","","","","","","","","","","","","","","","","","","","","","",""
"Restaurante ""Rocas""","4.4","484","Av. Libertad 684, Chillán, Ñuble","9 4188 5321","","Restaurante","https://www.google.com/maps/place/Restaurante+%22Rocas%22/data=!4m7!3m6!1s0x9668d779cbadee3f:0x7c331be78e0b9dd1!8m2!3d-36.6067519!4d-72.1011348!16s%2Fg%2F11h2jmqsjv!19sChIJP-6ty3nXaJYR0Z0LjucbM3w?authuser=0&hl=es-419&rclk=1","-36.6067519","-72.1011348","Chillán","Ñuble","Chile","Google Maps web scraping con Playwright","2026-05-24","Parcial","Sí","","","","","","","","","","","","","","","","","","","","","","","",""
"Restaurante La Motoneta","4.4","89","Km 7. ruta Termas de Chillán (N-55), Chillán, Ñuble","9 7148 0052","http://www.lamotoneta.cl/","Restaurante","https://www.google.com/maps/place/Restaurante+La+Motoneta/data=!4m7!3m6!1s0x9669299c4b2bf56f:0xa1dd1bdc838da646!8m2!3d-36.6419948!4d-72.062745!16s%2Fg%2F11g9qvdn6g!19sChIJb_UrS5wpaZYRRqaNg9wb3aE?authuser=0&hl=es-419&rclk=1","-36.6419948","-72.062745","Chillán","Ñuble","Chile","Google Maps web scraping con Playwright","2026-05-24","Completo","Sí","","","","","","","","","","","","","","","","","","","","","","","",""
"Restaurant Zasha","4.3","08","Av. Libertad 802, 3780000 Chillán, Ñuble","9 9051 4742","https://zasha.cl/carta/","Restaurante","https://www.google.com/maps/place/Restaurant+Zasha/data=!4m7!3m6!1s0x9668d7d5eec972b7:0xfb0866f2c16242a9!8m2!3d-36.6072718!4d-72.0992526!16s%2Fg%2F11f54mczxm!19sChIJt3LJ7tXXaJYRqUJiwfJmCPs?authuser=0&hl=es-419&rclk=1","-36.6072718","-72.0992526","Chillán","Ñuble","Chile","Google Maps web scraping con Playwright","2026-05-24","Completo","Sí","","","","","","","","","","","","","","","","","","","","","","","",""
"Restaurante El Faro","4.2","438","Claudio Arrau 185, 3820572 Chillán, Ñuble","(42) 224 8409","http://elfarochillan.cl/","Restaurante","https://www.google.com/maps/place/Restaurante+El+Faro/@-36.6012984,-72.1053224,17z/data=!3m1!4b1!4m6!3m5!1s0x9668d7d08707087b:0xa8c8a930456dfcb8!8m2!3d-36.6012984!4d-72.1053224!16s%2Fg%2F11yk5dlr5?authuser=0&hl=es-419&entry=ttu&g_ep=EgoyMDI2MDUyMC4wIKXMDSoASAFQAw%3D%3D","-36.6012984","-72.1053224","Chillán","Ñuble","Chile","Google Maps web scraping con Playwright","2026-05-24","Completo","Sí","","","","","","","","","","","","","","","","","","","","","","","",""
"La Cabaña Sándwich","4.5","972","Av. Argentina 584, 3800851 Chillán, Ñuble","9 8344 6550","https://m.facebook.com/cabanasandwich","Restaurante","https://www.google.com/maps/place/La+Caba%C3%B1a+S%C3%A1ndwich/data=!4m7!3m6!1s0x966929d4d3e5821b:0x8e58af11e8503f06!8m2!3d-36.6101982!4d-72.0940185!16s%2Fg%2F11f1v2p3wj!19sChIJG4Ll09QpaZYRBj9Q6BGvWI4?authuser=0&hl=es-419&rclk=1","-36.6101982","-72.0940185","Chillán","Ñuble","Chile","Google Maps web scraping con Playwright","2026-05-24","Completo","Sí","","","","","","","","","","","","","","","","Revisar: parece sandwich","","","","","","","",""
"TALLER 9215","4.8","167","CWCX+96, Chillán, Ñuble","","","Restaurante","https://www.google.com/maps/place/TALLER+9215/data=!4m7!3m6!1s0x9668d7bc48aa677b:0x6d51c7a6fdebfcb0!8m2!3d-36.5790754!4d-72.0518944!16s%2Fg%2F11sf55vysn!19sChIJe2eqSLzXaJYRsPzr_abHUW0?authuser=0&hl=es-419&rclk=1","-36.5790754","-72.0518944","Chillán","Ñuble","Chile","Google Maps web scraping con Playwright","2026-05-24","Sin teléfono","Sí","","","","","","","","","","","","","","","","Sin teléfono visible","","","","","","","",""
"Restaurante Huasi del Inca","4.5","98","Av. Libertad 779, 3800693 Chillán, Ñuble","9 6492 8078","","Restaurante","https://www.google.com/maps/place/Restaurante+Huasi+del+Inca/data=!4m7!3m6!1s0x9668d706035fa13d:0xe290519111abb910!8m2!3d-36.6068085!4d-72.0995556!16s%2Fg%2F11tjhq6knq!19sChIJPaFfAwbXaJYRELmrEZFRkOI?authuser=0&hl=es-419&rclk=1","-36.6068085","-72.0995556","Chillán","Ñuble","Chile","Google Maps web scraping con Playwright","2026-05-24","Parcial","Sí","","","","","","","","","","","","","","","","","","","","","","","",""
"Cassis Mall Arauco Chillán","4.7","172","El Roble 770, Local 14, piso 1, 3800846 Chillán, Ñuble","9 3400 7643","https://cassiscafe.com/","Restaurante","https://www.google.com/maps/place/Cassis+Mall+Arauco+Chill%C3%A1n/@-36.60968,-72.1009,17z/data=!3m1!4b1!4m6!3m5!1s0x9669291a45c5f073:0x7c6e5e884dd1b012!8m2!3d-36.60968!4d-72.1009!16s%2Fg%2F11wr2vrt08?authuser=0&hl=es-419&entry=ttu&g_ep=EgoyMDI2MDUyMC4wIKXMDSoASAFQAw%3D%3D","-36.60968","-72.1009","Chillán","Ñuble","Chile","Google Maps web scraping con Playwright","2026-05-24","Completo","Sí","","","","","","","","","","","","","","","","","","","","","","","",""
"Tentaciones Gastronómicas","4.5","318","Carrera 380, 3780000 Chillán, Biobío","(42) 221 3382","","Restaurante peruano","https://www.google.com/maps/place/Tentaciones+Gastron%C3%B3micas/data=!4m7!3m6!1s0x9668d7d74b79725b:0x1ab219ed52e6b34c!8m2!3d-36.6039999!4d-72.1049583!16s%2Fg%2F11hbv2h3jp!19sChIJW3J5S9fXaJYRTLPmUu0Zsho?authuser=0&hl=es-419&rclk=1","-36.6039999","-72.1049583","Chillán","Ñuble","Chile","Google Maps web scraping con Playwright","2026-05-24","Parcial","Sí","","","","","","","","","","","","","","","","","","","","","","","",""
"Texas Restaurant","4.3","542","Isabel Riquelme 580, 3780000 Chillán, Ñuble","9 3359 2094","https://sites.google.com/texasrestaurant.cl/texasrestaurant/inicio","Restaurante","https://www.google.com/maps/place/Texas+Restaurant/@-36.6078455,-72.0998168,17z/data=!3m1!4b1!4m6!3m5!1s0x9668d7d5f8d8e8e7:0xa94ba176a177cc8a!8m2!3d-36.6078455!4d-72.0998168!16s%2Fg%2F11c618fx9b?authuser=0&hl=es-419&entry=ttu&g_ep=EgoyMDI2MDUyMC4wIKXMDSoASAFQAw%3D%3D","-36.6078455","-72.0998168","Chillán","Ñuble","Chile","Google Maps web scraping con Playwright","2026-05-24","Completo","Sí","","","","","","","","","","","","","","","","","","","","","","","",""
"Mesón de Ñeko Collín","4.2","767","Av. Collín 1005, 3790068 Chillán, Ñuble","(42) 232 3646","https://www.facebook.com/mesondeneko/","Restaurante","https://www.google.com/maps/place/Mes%C3%B3n+de+%C3%91eko+Coll%C3%ADn/data=!4m7!3m6!1s0x9669282dcc494ddd:0x14098979cdd5984c!8m2!3d-36.6163254!4d-72.0993197!16s%2Fg%2F11c2nbrxm1!19sChIJ3U1JzC0oaZYRTJjVzXmJCRQ?authuser=0&hl=es-419&rclk=1","-36.6163254","-72.0993197","Chillán","Ñuble","Chile","Google Maps web scraping con Playwright","2026-05-24","Completo","Sí","","","","","","","","","","","","","","","","","","","","","","","",""
"La terraza restaurante","4.8","18","Barros Arana 630, 3790738 Chillán, Ñuble","9 7755 1585","","Restaurante","https://www.google.com/maps/place/La+terraza+restaurante/@-36.6242324,-72.0984578,17z/data=!3m1!4b1!4m6!3m5!1s0x966929001a658b19:0x7abe26b15ff8e853!8m2!3d-36.6242324!4d-72.0984578!16s%2Fg%2F11w3zdjggf?authuser=0&hl=es-419&entry=ttu&g_ep=EgoyMDI2MDUyMC4wIKXMDSoASAFQAw%3D%3D","-36.6242324","-72.0984578","Chillán","Ñuble","Chile","Google Maps web scraping con Playwright","2026-05-24","Parcial","Sí","","","","","","","","","","","","","","","","","","","","","","","",""
"Tartara’s Food","4.8","12","Av. Collín 817, 3780000 Chillán, Ñuble","9 2254 0717","","Restaurante familiar","https://www.google.com/maps/place/Tartara%E2%80%99s+Food/data=!4m7!3m6!1s0x966929d1f8fa9f1f:0x486f85247a3365e2!8m2!3d-36.6155259!4d-72.1020643!16s%2Fg%2F11kblvngwx!19sChIJH5_6-NEpaZYR4mUzeiSFb0g?authuser=0&hl=es-419&rclk=1","-36.6155259","-72.1020643","Chillán","Ñuble","Chile","Google Maps web scraping con Playwright","2026-05-24","Parcial","Sí","","","","","","","","","","","","","","","","","","","","","","","",""
"Volcano Restaurant","4.5","184","Casino marina del sol - Variante Nahueltoro 251, local 2, 3820572 Chillán, Ñuble","9 5827 1755","http://www.volcanorestaurant.cl/","Restaurante","https://www.google.com/maps/place/Volcano+Restaurant/@-36.5609654,-72.0933011,17z/data=!3m1!4b1!4m6!3m5!1s0x9668d7ba06c77f91:0x6f3eb74ac17461d!8m2!3d-36.5609654!4d-72.0933011!16s%2Fg%2F11k56967tb?authuser=0&hl=es-419&entry=ttu&g_ep=EgoyMDI2MDUyMC4wIKXMDSoASAFQAw%3D%3D","-36.5609654","-72.0933011","Chillán","Ñuble","Chile","Google Maps web scraping con Playwright","2026-05-24","Completo","Sí","","","","","","","","","","","","","","","","","","","","","","","",""
"La Cabrera Chile Isidora","4.7","56","Isidora Goyenechea 3275, 7550129 Las Condes, Región Metropolitana","9 3452 4440","https://lacabrerachile.cl/","Restaurante","https://www.google.com/maps/place/La+Cabrera+Chile+Isidora/data=!4m7!3m6!1s0x9662cf1a85a95ee5:0x1afc90f8f5200406!8m2!3d-33.4146907!4d-70.5966256!16s%2Fg%2F11pzx6mqls!19sChIJ5V6phRrPYpYRBgQg9fiQ_Bo?authuser=0&hl=es-419&rclk=1","-33.4146907","-70.5966256","Las Condes","Metropolitana","Chile","Google Maps web scraping con Playwright","2026-05-24","Completo","Sí","","","","","","","","","","","","","","","","","","","","","","","",""
"Almuerzo las condes","4.8","84","García Pica 6784, 7560260 Las Condes, Región Metropolitana","9 6231 8141","","Restaurante","https://www.google.com/maps/place/Almuerzo+las+condes/@-33.3995587,-70.5622255,17z/data=!3m1!4b1!4m6!3m5!1s0x9662cfcfd3976653:0x8e38586ff678a61e!8m2!3d-33.3995587!4d-70.5622255!16s%2Fg%2F11h01flnvq?authuser=0&hl=es-419&entry=ttu&g_ep=EgoyMDI2MDUyMC4wIKXMDSoASAFQAw%3D%3D","-33.3995587","-70.5622255","Las Condes","Metropolitana","Chile","Google Maps web scraping con Playwright","2026-05-24","Parcial","Sí","","","","","","","","","","","","","","","","","","","","","","","",""
"Restorant el Castillo","4.5","509","Av. Apoquindo 7092, 7571726 Las Condes, Región Metropolitana","9 5036 3284","https://instagram.com/el.castillo.restaurante?igshid=YWJhMjlhZTc=","Restaurante","https://www.google.com/maps/place/Restorant+el+Castillo/@-33.407713,-70.5556445,17z/data=!3m1!4b1!4m6!3m5!1s0x9662cec1f1885d91:0xa5a6f52ad52d8dab!8m2!3d-33.407713!4d-70.5556445!16s%2Fg%2F1tv25bnz?authuser=0&hl=es-419&entry=ttu&g_ep=EgoyMDI2MDUyMC4wIKXMDSoASAFQAw%3D%3D","-33.407713","-70.5556445","Las Condes","Metropolitana","Chile","Google Maps web scraping con Playwright","2026-05-24","Completo","Sí","","","","","","","","","","","","","","","","","","","","","","","",""
"Chilenazo Las Condes","4.1","89","Av. Apoquindo 6226, 7561215 Las Condes, Región Metropolitana","(2) 2201 7162","https://www.chilenazorestaurant.cl/Locales/las-condes/","Restaurante","https://www.google.com/maps/place/Chilenazo+Las+Condes/data=!4m7!3m6!1s0x9662ceddb1a2b61f:0x2405a15bc5dbaf28!8m2!3d-33.4082051!4d-70.5663157!16s%2Fg%2F1td4frpk!19sChIJH7aisd3OYpYRKK_bxVuhBSQ?authuser=0&hl=es-419&rclk=1","-33.4082051","-70.5663157","Las Condes","Metropolitana","Chile","Google Maps web scraping con Playwright","2026-05-24","Completo","Sí","","","","","","","","","","","","","","","","","","","","","","","",""
"La Perla del Pacífico","4.3","51","Av. Pdte. Kennedy 5413, 372 A, 7550000 Las Condes, Región Metropolitana","(2) 2656 7013","http://www.laperladelpacifico.cl/","Restaurante","https://www.google.com/maps/place/La+Perla+del+Pac%C3%ADfico/data=!4m7!3m6!1s0x9662cf3a8a5dcfad:0xf2ae9b520b7f2c33!8m2!3d-33.4022776!4d-70.5771918!16s%2Fg%2F11cjg5r3fw!19sChIJrc9dijrPYpYRMyx_C1KbrvI?authuser=0&hl=es-419&rclk=1","-33.4022776","-70.5771918","Las Condes","Metropolitana","Chile","Google Maps web scraping con Playwright","2026-05-24","Completo","Sí","","","","","","","","","","","","","","","","","","","","","","","",""
"Olivia Trattoria","4.3","314","O'connell 165, Piso -1, 7560811 Las Condes, Región Metropolitana","9 9569 7805","","Restaurante italiano","https://www.google.com/maps/place/Olivia+Trattoria/data=!4m7!3m6!1s0x9662cfffd614f85b:0x4207972b4cd99e5c!8m2!3d-33.4072818!4d-70.5685356!16s%2Fg%2F11vq56ch5q!19sChIJW_gU1v_PYpYRXJ7ZTCuXB0I?authuser=0&hl=es-419&rclk=1","-33.4072818","-70.5685356","Las Condes","Metropolitana","Chile","Google Maps web scraping con Playwright","2026-05-24","Parcial","Sí","","","","","","","","","","","","","","","","","","","","","","","",""
"La Tasca de Altamar","4.3","17","Noruega 6347, 7561058 Las Condes, Región Metropolitana","(2) 2211 1041","https://www.latascadealtamar.cl/","Marisquería","https://www.google.com/maps/place/La+Tasca+de+Altamar/data=!4m7!3m6!1s0x9662cedcfe4521c9:0xb0a45375f15d87bd!8m2!3d-33.4075293!4d-70.5647395!16s%2Fg%2F1v76_wdp!19sChIJySFF_tzOYpYRvYdd8XVTpLA?authuser=0&hl=es-419&rclk=1","-33.4075293","-70.5647395","Las Condes","Metropolitana","Chile","Google Maps web scraping con Playwright","2026-05-24","Completo","No","","","","","","","","","","","","","","","","","","","","","","","",""
"Nowa´s Cantina","4.3","89","Pdte. Riesco 5330, Local 103, 7560996 Santiago, Las Condes, Región Metropolitana","","http://www.nowascantina.cl/","Restaurante","https://www.google.com/maps/place/Nowa%C2%B4s+Cantina/@-33.4033611,-70.5751261,17z/data=!3m1!4b1!4m6!3m5!1s0x9662cfaeb22d158b:0x64a2d89a3e3c9c03!8m2!3d-33.4033611!4d-70.5751261!16s%2Fg%2F11shs_28h_?authuser=0&hl=es-419&entry=ttu&g_ep=EgoyMDI2MDUyMC4wIKXMDSoASAFQAw%3D%3D","-33.4033611","-70.5751261","Las Condes","Metropolitana","Chile","Google Maps web scraping con Playwright","2026-05-24","Sin teléfono","Sí","","","","","","","","","","","","","","","","Sin teléfono visible","","","","","","","",""
"Margó Isidora Goyenechea","4.4","88","Isidora Goyenechea 3000, S-101, Santiago, Las Condes, Región Metropolitana","(2) 2385 0178","http://margo.cl/","Restaurante","https://www.google.com/maps/place/Marg%C3%B3+Isidora+Goyenechea/data=!4m7!3m6!1s0x9662cf406edb17b7:0xbfbe9d33a013c8e7!8m2!3d-33.4141182!4d-70.598816!16s%2Fg%2F11hdc40fpl!19sChIJtxfbbkDPYpYR58gToDOdvr8?authuser=0&hl=es-419&rclk=1","-33.4141182","-70.598816","Las Condes","Metropolitana","Chile","Google Maps web scraping con Playwright","2026-05-24","Completo","Sí","","","","","","","","","","","","","","","","","","","","","","","",""
"Black Chicken","4.8","69","Cerro El Plomo 5931, 7550000 Las Condes, Región Metropolitana","","http://www.blackchicken.cl/","Restaurante especializado en pollo","https://www.google.com/maps/place/Black+Chicken/data=!4m7!3m6!1s0x9662cb39191c9253:0xbe925edbd3daa79c!8m2!3d-33.4045086!4d-70.5704691!16s%2Fg%2F11l_dz254l!19sChIJU5IcGTnLYpYRnKfa09tekr4?authuser=0&hl=es-419&rclk=1","-33.4045086","-70.5704691","Las Condes","Metropolitana","Chile","Google Maps web scraping con Playwright","2026-05-24","Sin teléfono","Sí","","","","","","","","","","","","","","","","Sin teléfono visible","","","","","","","",""
"APPA Restaurante","4.8","175","Av Vitacura 7501, 7650296 Vitacura, Región Metropolitana","9 7430 8508","https://toteat.app/r/cl/APPA---VITACURA/9255","Restaurante","https://www.google.com/maps/place/APPA+Restaurante/@-33.386285,-70.5618881,17z/data=!3m1!4b1!4m6!3m5!1s0x9662c9004da0f611:0x507e760a4ead2bf0!8m2!3d-33.386285!4d-70.5618881!16s%2Fg%2F11w1k7qgxk?authuser=0&hl=es-419&entry=ttu&g_ep=EgoyMDI2MDUyMC4wIKXMDSoASAFQAw%3D%3D","-33.386285","-70.5618881","Vitacura","Metropolitana","Chile","Google Maps web scraping con Playwright","2026-05-24","Completo","Sí","","","","","","","","","","","","","","","","","","","","","","","",""
"La Cabrera Chile","4.5","76","Alonso de Córdova 4263, 7630530 Vitacura, Región Metropolitana","9 3236 1687","http://www.lacabrerachile.cl/","Restaurante especializado en filetes","https://www.google.com/maps/place/La+Cabrera+Chile/data=!4m7!3m6!1s0x9662cf307ee64289:0x23ce2fd63de5a73b!8m2!3d-33.4035466!4d-70.5885212!16s%2Fg%2F11f5h206bw!19sChIJiULmfjDPYpYRO6flPdYvziM?authuser=0&hl=es-419&rclk=1","-33.4035466","-70.5885212","Vitacura","Metropolitana","Chile","Google Maps web scraping con Playwright","2026-05-24","Completo","Sí","","","","","","","","","","","","","","","","","","","","","","","",""
"NAOKI","4.6","36","Av Vitacura 3875, 7630358 Vitacura, Región Metropolitana","(2) 2656 6281","http://www.naoki.cl/","Restaurante japonés","https://www.google.com/maps/place/NAOKI/data=!4m7!3m6!1s0x9662cf36cf07b1d1:0x85749e2f812b2850!8m2!3d-33.4005682!4d-70.5922715!16s%2Fg%2F11bw82cvts!19sChIJ0bEHzzbPYpYRUCgrgS-edIU?authuser=0&hl=es-419&rclk=1","-33.4005682","-70.5922715","Vitacura","Metropolitana","Chile","Google Maps web scraping con Playwright","2026-05-24","Completo","Sí","","","","","","","","","","","","","","","","","","","","","","","",""
"Restaurant Bidasoa","4.7","971","Av Vitacura 4873, Santiago, Vitacura, Región Metropolitana","9 9165 1370","","Restaurante","https://www.google.com/maps/place/Restaurant+Bidasoa/data=!4m7!3m6!1s0x9662cf2e10900001:0xd59acb69f36fa720!8m2!3d-33.398398!4d-70.5852397!16s%2Fg%2F11ggs33nwx!19sChIJAQCQEC7PYpYRIKdv82nLmtU?authuser=0&hl=es-419&rclk=1","-33.398398","-70.5852397","Vitacura","Metropolitana","Chile","Google Maps web scraping con Playwright","2026-05-24","Parcial","Sí","","","","","","","","","","","","","","","","","","","","","","","",""
"Casa las Cujas","4.4","679","Alonso de Córdova 2467, 7630418 Vitacura, Región Metropolitana","","http://www.lascujas.com/","Restaurante","https://www.google.com/maps/place/Casa+las+Cujas/data=!4m7!3m6!1s0x9662cf479569afc7:0xb190f10166d4f431!8m2!3d-33.4012398!4d-70.5955414!16s%2Fg%2F11g81d0nxs!19sChIJx69plUfPYpYRMfTUZgHxkLE?authuser=0&hl=es-419&rclk=1","-33.4012398","-70.5955414","Vitacura","Metropolitana","Chile","Google Maps web scraping con Playwright","2026-05-24","Sin teléfono","Sí","","","","","","","","","","","","","","","","Sin teléfono visible","","","","","","","",""
"The Crust","4.6","56","Av Vitacura 5321, 7630185 Vitacura, Región Metropolitana","9 4213 3773","https://www.thecrust.cl/","Hamburguesería","https://www.google.com/maps/place/The+Crust/data=!4m7!3m6!1s0x9662cf771d402e65:0x2056fe74e7216ecf!8m2!3d-33.3965954!4d-70.5813768!16s%2Fg%2F11v0grc11k!19sChIJZS5AHXfPYpYRz24h53T-ViA?authuser=0&hl=es-419&rclk=1","-33.3965954","-70.5813768","Vitacura","Metropolitana","Chile","Google Maps web scraping con Playwright","2026-05-24","Completo","No","","","","","","","","","","","","","","","","Revisar: parece hamburgueseria","","","","","","","",""
"Santa Brasa Alonso de Córdova","4.4","47","Alonso de Córdova 4260, 7630504 Vitacura, Región Metropolitana","9 9064 5249","https://www.santabrasa.cl/","Restaurante","https://www.google.com/maps/place/Santa+Brasa+Alonso+de+C%C3%B3rdova/data=!4m7!3m6!1s0x9662cf307ec41f55:0x1d70c27a25d90a09!8m2!3d-33.4031334!4d-70.5885467!16s%2Fg%2F1vh_9l3p!19sChIJVR_EfjDPYpYRCQrZJXrCcB0?authuser=0&hl=es-419&rclk=1","-33.4031334","-70.5885467","Vitacura","Metropolitana","Chile","Google Maps web scraping con Playwright","2026-05-24","Completo","Sí","","","","","","","","","","","","","","","","","","","","","","","",""
"Dipsy's Backyard","4.5","760","Av. Nueva Costanera 3122, 7550000 Vitacura, Región Metropolitana","","http://www.dipsys.cl/","Restaurante americano","https://www.google.com/maps/place/Dipsy's+Backyard/@-33.4062405,-70.599158,17z/data=!3m1!4b1!4m6!3m5!1s0x9662cf32bae7c8db:0x18278e6422944fd9!8m2!3d-33.4062405!4d-70.599158!16s%2Fg%2F11swzwgnvh?authuser=0&hl=es-419&entry=ttu&g_ep=EgoyMDI2MDUyMC4wIKXMDSoASAFQAw%3D%3D","-33.4062405","-70.599158","Vitacura","Metropolitana","Chile","Google Maps web scraping con Playwright","2026-05-24","Sin teléfono","Sí","","","","","","","","","","","","","","","","Sin teléfono visible","","","","","","","",""
"DonDoh Santiago","4.5","43","Av. Nueva Costanera 3969, 7630268 Vitacura, Región Metropolitana","(2) 3210 2289","https://www.dondoh.com/#santiago","Restaurante","https://www.google.com/maps/place/DonDoh+Santiago/data=!4m7!3m6!1s0x9662cf8144be45f1:0x68dab0b63d2b0697!8m2!3d-33.3976336!4d-70.597372!16s%2Fg%2F11qpvd13z_!19sChIJ8UW-RIHPYpYRlwYrPbaw2mg?authuser=0&hl=es-419&rclk=1","-33.3976336","-70.597372","Vitacura","Metropolitana","Chile","Google Maps web scraping con Playwright","2026-05-24","Completo","Sí","","","","","","","","","","","","","","","","","","","","","","","",""
"Mitsuha Nikkei","4.8","72","Padre Alfredo Arteaga Barros 1929, 7690083 Santiago, Lo Barnechea, Región Metropolitana","9 7947 2619","https://www.mitsuhanikkei.cl/","Restaurante de sushi","https://www.google.com/maps/place/Mitsuha+Nikkei/@-33.3524553,-70.5103536,17z/data=!3m1!4b1!4m6!3m5!1s0x9662cbb752bf2579:0x9a980ca317548339!8m2!3d-33.3524553!4d-70.5103536!16s%2Fg%2F11y2mw3138?authuser=0&hl=es-419&entry=ttu&g_ep=EgoyMDI2MDUyMC4wIKXMDSoASAFQAw%3D%3D","-33.3524553","-70.5103536","Lo Barnechea","Metropolitana","Chile","Google Maps web scraping con Playwright","2026-05-24","Completo","Sí","","","","","","","","","","","","","","","","","","","","","","","",""
"Hansel y Gretel Restaurant y Salón de Té en el Arrayán, Lo Barnechea","4.0","717","Cam. los Refugios del Arrayan 15700, 7710012 Lo Barnechea, Región Metropolitana","9 8247 6968","http://www.hanselygretel.cl/","Restaurante chileno","https://www.google.com/maps/place/Hansel+y+Gretel+Restaurant+y+Sal%C3%B3n+de+T%C3%A9+en+el+Array%C3%A1n,+Lo+Barnechea/data=!4m7!3m6!1s0x9662cb9bdd84b467:0x12df1b79a766ed94!8m2!3d-33.3607335!4d-70.4866478!16s%2Fg%2F11btxkdwrp!19sChIJZ7SE3ZvLYpYRlO1mp3kb3xI?authuser=0&hl=es-419&rclk=1","-33.3607335","-70.4866478","Lo Barnechea","Metropolitana","Chile","Google Maps web scraping con Playwright","2026-05-24","Completo","Sí","","","","","","","","","","","","","","","","","","","","","","","",""
"La Birra Bar (Burgers) - Mall Vivo Los Trapenses","4.9","66","Av. José Alcalde Délano 10492, 7590932 Lo Barnechea, Región Metropolitana","","https://delivery.labirrabar.cl/","Hamburguesería","https://www.google.com/maps/place/La+Birra+Bar+%28Burgers%29+-+Mall+Vivo+Los+Trapenses/data=!4m7!3m6!1s0x9662c9006c2cb27d:0x121728200d3d01d0!8m2!3d-33.356383!4d-70.5394653!16s%2Fg%2F11x0rf5k9w!19sChIJfbIsbADJYpYR0AE9DSAoFxI?authuser=0&hl=es-419&rclk=1","-33.356383","-70.5394653","Lo Barnechea","Metropolitana","Chile","Google Maps web scraping con Playwright","2026-05-24","Sin teléfono","No","","","","","","","","","","","","","","","","Revisar: parece hamburgueseria; Sin teléfono visible","","","","","","","",""
"Hostería Las Delicias","4.4","176","Av. Raúl Labbé 14998, Lo Barnechea, Región Metropolitana","(2) 2321 5986","","Restaurante","https://www.google.com/maps/place/Hoster%C3%ADa+Las+Delicias/@-33.3621111,-70.4935024,17z/data=!3m1!4b1!4m6!3m5!1s0x9662cb90dc3a27ef:0x26faa166521d873d!8m2!3d-33.3621111!4d-70.4935024!16s%2Fg%2F1th0zkk6?authuser=0&hl=es-419&entry=ttu&g_ep=EgoyMDI2MDUyMC4wIKXMDSoASAFQAw%3D%3D","-33.3621111","-70.4935024","Lo Barnechea","Metropolitana","Chile","Google Maps web scraping con Playwright","2026-05-24","Parcial","Sí","","","","","","","","","","","","","","","","","","","","","","","",""
"Hijo del Sol Las condes","4.6","309","Isidora Goyenechea 3215, 7550083 Las Condes, Región Metropolitana","9 9770 2222","https://www.instagram.com/hijodelsol.santiago/","Restaurante peruano","https://www.google.com/maps/place/Hijo+del+Sol+Las+condes/@-33.4146584,-70.5968579,17z/data=!3m1!4b1!4m6!3m5!1s0x9662cf00105e07af:0x8803bd86a3a14b42!8m2!3d-33.4146584!4d-70.5968579!16s%2Fg%2F11vxm2gzdv?authuser=0&hl=es-419&entry=ttu&g_ep=EgoyMDI2MDUyMC4wIKXMDSoASAFQAw%3D%3D","-33.4146584","-70.5968579","Las Condes","Metropolitana","Chile","Google Maps web scraping con Playwright","2026-05-24","Completo","Sí","","","","","","","","","","","","","","","","","","","","","","","",""
"Restoran Pinpilinpausha","4.6","79","Isidora Goyenechea 2900, 7550033 Las Condes, Región Metropolitana","(2) 3275 4303","http://www.pinpilinpausha.cl/","Restaurante de cocina española","https://www.google.com/maps/place/Restoran+Pinpilinpausha/@-33.4137939,-70.6017388,17z/data=!3m1!4b1!4m6!3m5!1s0x9662cf41a61d994b:0xf33a25474c22bc39!8m2!3d-33.4137939!4d-70.6017388!16s%2Fg%2F1tg7t6hy?authuser=0&hl=es-419&entry=ttu&g_ep=EgoyMDI2MDUyMC4wIKXMDSoASAFQAw%3D%3D","-33.4137939","-70.6017388","Las Condes","Metropolitana","Chile","Google Maps web scraping con Playwright","2026-05-24","Completo","Sí","","","","","","","","","","","","","","","","","","","","","","","",""
"Bali Hai Chile","4.3","15","Av. Cristóbal Colón 5146, 7580214 Las Condes, Región Metropolitana","(2) 3375 9696","https://www.balihai.cl/","Restaurante polinesio","https://www.google.com/maps/place/Bali+Hai+Chile/@-33.4184462,-70.5716536,17z/data=!3m1!4b1!4m6!3m5!1s0x9662cee3b7afead9:0x5b5b5dfaec2585db!8m2!3d-33.4184462!4d-70.5716536!16s%2Fg%2F1hjgt49yn?authuser=0&hl=es-419&entry=ttu&g_ep=EgoyMDI2MDUyMC4wIKXMDSoASAFQAw%3D%3D","-33.4184462","-70.5716536","Las Condes","Metropolitana","Chile","Google Maps web scraping con Playwright","2026-05-24","Completo","Sí","","","","","","","","","","","","","","","","","","","","","","","",""
"Puerto Del Alto","4.4","13","Mirador del Alto - Av. Pdte. Kennedy 9001, Local 3235, 7591567 Las Condes, Región Metropolitana","(2) 2656 7012","http://www.puertodelalto.cl/","Restaurante","https://www.google.com/maps/place/Puerto+Del+Alto/@-33.3901082,-70.546859,17z/data=!3m1!4b1!4m6!3m5!1s0x9662ceb4360029b3:0xa5e9a254925036d5!8m2!3d-33.3901082!4d-70.546859!16s%2Fg%2F11f10bk9c0?authuser=0&hl=es-419&entry=ttu&g_ep=EgoyMDI2MDUyMC4wIKXMDSoASAFQAw%3D%3D","-33.3901082","-70.546859","Las Condes","Metropolitana","Chile","Google Maps web scraping con Playwright","2026-05-24","Completo","Sí","","","","","","","","","","","","","","","","","","","","","","","",""
"Barra Chalaca - Alto Las Condes","4.6","338","Av. Pdte. Kennedy 9001, 7591567 Las Condes, Región Metropolitana","","https://barrachalaca.cl/","Restaurante","https://www.google.com/maps/place/Barra+Chalaca+-+Alto+Las+Condes/data=!4m7!3m6!1s0x9662cfe010e7fa67:0x74cccfebd6fa726f!8m2!3d-33.391703!4d-70.5459846!16s%2Fg%2F11w48hsbgx!19sChIJZ_rnEODPYpYRb3L61uvPzHQ?authuser=0&hl=es-419&rclk=1","-33.391703","-70.5459846","Las Condes","Metropolitana","Chile","Google Maps web scraping con Playwright","2026-05-24","Sin teléfono","Sí","","","","","","","","","","","","","","","","Sin teléfono visible","","","","","","","",""
"Rubaiyat Chile","4.5","93","Av. Nueva Costanera 4031, 7630244 Vitacura, Región Metropolitana","(2) 2617 9800","https://gruporubaiyat.com/es/","Restaurante","https://www.google.com/maps/place/Rubaiyat+Chile/@-33.3963918,-70.5970912,17z/data=!3m1!4b1!4m6!3m5!1s0x9662cf357c0dc795:0xdfa8171effe5e3bd!8m2!3d-33.3963918!4d-70.5970912!16s%2Fg%2F11cm0584gn?authuser=0&hl=es-419&entry=ttu&g_ep=EgoyMDI2MDUyMC4wIKXMDSoASAFQAw%3D%3D","-33.3963918","-70.5970912","Vitacura","Metropolitana","Chile","Google Maps web scraping con Playwright","2026-05-24","Completo","Sí","","","","","","","","","","","","","","","","","","","","","","","",""
"Bar Santiago Vitacura","4.6","866","Av Vitacura 7120, 7640560 Vitacura, Región Metropolitana","9 7996 4119","https://barsantiago.cl/","Bar restaurante","https://www.google.com/maps/place/Bar+Santiago+Vitacura/@-33.3867402,-70.5649557,17z/data=!3m1!4b1!4m6!3m5!1s0x9662c9465439ed5d:0x1ee5cf0006f07af3!8m2!3d-33.3867402!4d-70.5649557!16s%2Fg%2F11tjf5xr59?authuser=0&hl=es-419&entry=ttu&g_ep=EgoyMDI2MDUyMC4wIKXMDSoASAFQAw%3D%3D","-33.3867402","-70.5649557","Vitacura","Metropolitana","Chile","Google Maps web scraping con Playwright","2026-05-24","Completo","Sí","","","","","","","","","","","","","","","","","","","","","","","",""
"Alemán Experto Providencia","4.3","86","Av. Pedro de Valdivia 1683, 7510592 Providencia, Región Metropolitana","(2) 2906 2538","https://www.alemanexperto.cl/","Restaurante alemán","https://www.google.com/maps/place/Alem%C3%A1n+Experto+Providencia/data=!4m7!3m6!1s0x9662cf77dacbcaed:0xab19042c0872b629!8m2!3d-33.438253!4d-70.607706!16s%2Fg%2F11clsv2mfr!19sChIJ7crL2nfPYpYRKbZyCCwEGas?authuser=0&hl=es-419&rclk=1","-33.438253","-70.607706","Providencia","Metropolitana","Chile","Google Maps web scraping con Playwright","2026-05-24","Completo","Sí","","","","","","","","","","","","","","","","","","","","","","","",""
"sabko namaste","4.9","601","Manuel Montt 1584, 7501149 Providencia, Región Metropolitana","9 5887 9021","https://www.sabkonamaste.cl/","Restaurante indio","https://www.google.com/maps/place/sabko+namaste/@-33.4423407,-70.6147669,17z/data=!3m1!4b1!4m6!3m5!1s0x9662cf849b8941f3:0x338c0521d76c0517!8m2!3d-33.4423407!4d-70.6147669!16s%2Fg%2F11rxmh52ny?authuser=0&hl=es-419&entry=ttu&g_ep=EgoyMDI2MDUyMC4wIKXMDSoASAFQAw%3D%3D","-33.4423407","-70.6147669","Providencia","Metropolitana","Chile","Google Maps web scraping con Playwright","2026-05-24","Completo","Sí","","","","","","","","","","","","","","","","","","","","","","","",""
"Lusitano","4.3","387","Antonio Bellet 345, 7500025 Providencia, Región Metropolitana","9 7648 8018","http://www.lusitano.cl/","Restaurante","https://www.google.com/maps/place/Lusitano/@-33.4245811,-70.6190324,17z/data=!3m1!4b1!4m6!3m5!1s0x9662cfcd7e310725:0xf3f2dc9b2c4c325!8m2!3d-33.4245811!4d-70.6190324!16s%2Fg%2F11n2n3y5wr?authuser=0&hl=es-419&entry=ttu&g_ep=EgoyMDI2MDUyMC4wIKXMDSoASAFQAw%3D%3D","-33.4245811","-70.6190324","Providencia","Metropolitana","Chile","Google Maps web scraping con Playwright","2026-05-24","Completo","Sí","","","","","","","","","","","","","","","","","","","","","","","",""
"Rishtedar Providencia","4.5","40","Holanda 160, 7510021 Providencia, Región Metropolitana","(2) 2231 3257","http://www.rishtedar.cl/","Restaurante indio","https://www.google.com/maps/place/Rishtedar+Providencia/data=!4m7!3m6!1s0x9662cf6c0972185b:0x8e07f728978b72df!8m2!3d-33.4207131!4d-70.60342!16s%2Fg%2F1tk_qgtb!19sChIJWxhyCWzPYpYR33KLlyj3B44?authuser=0&hl=es-419&rclk=1","-33.4207131","-70.60342","Providencia","Metropolitana","Chile","Google Maps web scraping con Playwright","2026-05-24","Completo","Sí","","","","","","","","","","","","","","","","","","","","","","","",""
"Papelón Sabroso","4.4","14","Dentro de la plaza, del lado de - Av. Providencia 1669, 7500540 Providencia, Región Metropolitana","9 9169 1222","https://www.papelonsabroso.com/pedir","Restaurante","https://www.google.com/maps/place/Papel%C3%B3n+Sabroso/@-33.4271201,-70.6155139,17z/data=!3m1!4b1!4m6!3m5!1s0x9662cf6483b2a03b:0xe2687b20d03f3b7f!8m2!3d-33.4271201!4d-70.6155139!16s%2Fg%2F11c1m_dxch?authuser=0&hl=es-419&entry=ttu&g_ep=EgoyMDI2MDUyMC4wIKXMDSoASAFQAw%3D%3D","-33.4271201","-70.6155139","Providencia","Metropolitana","Chile","Google Maps web scraping con Playwright","2026-05-24","Completo","Sí","","","","","","","","","","","","","","","","","","","","","","","",""
"Nativo La Reina","4.6","456","Av. Príncipe de Gales 9140, 7860491 La Reina, Región Metropolitana","9 9098 4332","http://nativobar.cl/","Bar restaurante","https://www.google.com/maps/place/Nativo+La+Reina/@-33.4399398,-70.5352481,17z/data=!3m1!4b1!4m6!3m5!1s0x9662cf98005e3acf:0xb38e80ec60c96241!8m2!3d-33.4399398!4d-70.5352481!16s%2Fg%2F11jsy_22np?authuser=0&hl=es-419&entry=ttu&g_ep=EgoyMDI2MDUyMC4wIKXMDSoASAFQAw%3D%3D","-33.4399398","-70.5352481","La Reina","Metropolitana","Chile","Google Maps web scraping con Playwright","2026-05-24","Completo","Sí","","","","","","","","","","","","","","","","","","","","","","","",""
"Casa Valerio Restaurant","4.4","64","Av. Larraín 6580, 7870165 La Reina, Región Metropolitana","(2) 2699 6349","https://casavalerio.cl/","Restaurante peruano","https://www.google.com/maps/place/Casa+Valerio+Restaurant/@-33.4522001,-70.5618285,17z/data=!3m1!4b1!4m6!3m5!1s0x9662c5ad21577f41:0xba98ab0e8dbffc96!8m2!3d-33.4522001!4d-70.5618285!16s%2Fg%2F11b_2njgy4?authuser=0&hl=es-419&entry=ttu&g_ep=EgoyMDI2MDUyMC4wIKXMDSoASAFQAw%3D%3D","-33.4522001","-70.5618285","La Reina","Metropolitana","Chile","Google Maps web scraping con Playwright","2026-05-24","Completo","Sí","","","","","","","","","","","","","","","","","","","","","","","",""
"Lima Limón La Reina","4.3","43","Av. Príncipe de Gales 7218, 7850291 La Reina, Región Metropolitana","(2) 2839 0285","http://www.limalimonrest.cl/","Restaurante peruano","https://www.google.com/maps/place/Lima+Lim%C3%B3n+La+Reina/@-33.4386034,-70.5572379,17z/data=!3m1!4b1!4m6!3m5!1s0x9662ce5b7f2954d1:0xe7f1362d3d2bd41b!8m2!3d-33.4386034!4d-70.5572379!16s%2Fg%2F11c0vldmsf?authuser=0&hl=es-419&entry=ttu&g_ep=EgoyMDI2MDUyMC4wIKXMDSoASAFQAw%3D%3D","-33.4386034","-70.5572379","La Reina","Metropolitana","Chile","Google Maps web scraping con Playwright","2026-05-24","Completo","Sí","","","","","","","","","","","","","","","","","","","","","","","",""
"El Gordito","4.2","518","Av. Larraín 6011, 7870203 La Reina, Región Metropolitana","9 6663 3388","https://www.instagram.com/elgorditotenedorlibr?igsh=MWNyb2ZrazdxMXB1dA==","Restaurante","https://www.google.com/maps/place/El+Gordito/@-33.4535739,-70.5678384,17z/data=!3m1!4b1!4m6!3m5!1s0x9662cfc00f2689bb:0x6828f0b054308a05!8m2!3d-33.4535739!4d-70.5678384!16s%2Fg%2F11lnjxsn6g?authuser=0&hl=es-419&entry=ttu&g_ep=EgoyMDI2MDUyMC4wIKXMDSoASAFQAw%3D%3D","-33.4535739","-70.5678384","La Reina","Metropolitana","Chile","Google Maps web scraping con Playwright","2026-05-24","Completo","Sí","","","","","","","","","","","","","","","","","","","","","","","",""
"Sol Sublime Restaurant","4.5","678","Av. Príncipe de Gales 6580, 7850286 Santiago, La Reina, Región Metropolitana","(2) 2226 1145","http://www.solsublime.cl/","Restaurante","https://www.google.com/maps/place/Sol+Sublime+Restaurant/@-33.4383546,-70.563731,17z/data=!3m1!4b1!4m6!3m5!1s0x9662ce50d8cacb11:0xddaab3805dc26123!8m2!3d-33.4383546!4d-70.563731!16s%2Fg%2F11b5wffrkb?authuser=0&hl=es-419&entry=ttu&g_ep=EgoyMDI2MDUyMC4wIKXMDSoASAFQAw%3D%3D","-33.4383546","-70.563731","La Reina","Metropolitana","Chile","Google Maps web scraping con Playwright","2026-05-24","Completo","Sí","","","","","","","","","","","","","","","","","","","","","","","",""
"Sabores de Lima","4.5","636","Av. Nueva - Av. Alcalde Fernando Castillo Velasco 9097, 7850000 La Reina, Región Metropolitana","(2) 2275 3068","http://www.saboresdelima.cl/","Restaurante peruano","https://www.google.com/maps/place/Sabores+de+Lima/@-33.4521068,-70.5379765,17z/data=!3m1!4b1!4m6!3m5!1s0x9662ce0d786dcbdf:0x9dade29717f28e9c!8m2!3d-33.4521068!4d-70.5379765!16s%2Fg%2F11g8pbzph6?authuser=0&hl=es-419&entry=ttu&g_ep=EgoyMDI2MDUyMC4wIKXMDSoASAFQAw%3D%3D","-33.4521068","-70.5379765","La Reina","Metropolitana","Chile","Google Maps web scraping con Playwright","2026-05-24","Completo","Sí","","","","","","","","","","","","","","","","","","","","","","","",""
"¡Ay mi Madre! Restobar Plaza Ñuñoa","4.9","157","Alcaldesa Balbina Vera 3550, 7750000 Ñuñoa, Región Metropolitana","9 4497 8597","","Restaurante","https://www.google.com/maps/place/%C2%A1Ay+mi+Madre!+Restobar+Plaza+%C3%91u%C3%B1oa/@-33.4536316,-70.5936559,17z/data=!3m1!4b1!4m6!3m5!1s0x9662cfd02d008955:0x95e3c1a6b2a42343!8m2!3d-33.4536316!4d-70.5936559!16s%2Fg%2F11ms539982?authuser=0&hl=es-419&entry=ttu&g_ep=EgoyMDI2MDUyMC4wIKXMDSoASAFQAw%3D%3D","-33.4536316","-70.5936559","Ñuñoa","Metropolitana","Chile","Google Maps web scraping con Playwright","2026-05-24","Parcial","Sí","","","","","","","","","","","","","","","","","","","","","","","",""
"Punto País Restaurant","4.5","780","Av. Simón Bolívar 3175, 7770110 Ñuñoa, Región Metropolitana","(2) 3287 2188","https://www.puntopais.cl/","Restaurante","https://www.google.com/maps/place/Punto+Pa%C3%ADs+Restaurant/@-33.4492307,-70.5965692,17z/data=!3m1!4b1!4m6!3m5!1s0x9662cfbd41051cef:0x6c5bb104ce58f86!8m2!3d-33.4492307!4d-70.5965692!16s%2Fg%2F11f1zlnj_7?authuser=0&hl=es-419&entry=ttu&g_ep=EgoyMDI2MDUyMC4wIKXMDSoASAFQAw%3D%3D","-33.4492307","-70.5965692","Ñuñoa","Metropolitana","Chile","Google Maps web scraping con Playwright","2026-05-24","Completo","Sí","","","","","","","","","","","","","","","","","","","","","","","",""
"Abbatia Casona Restaurant","4.2","405","Av. Campos de Deportes 329, 7750126 Ñuñoa, Región Metropolitana","9 3893 2224","https://abbatiarestaurant.ola.click/","Restaurante","https://www.google.com/maps/place/Abbatia+Casona+Restaurant/data=!4m7!3m6!1s0x9662cf05615f4f63:0x9766ecdf65522666!8m2!3d-33.4564871!4d-70.6095265!16s%2Fg%2F11rjjvb7j5!19sChIJY09fYQXPYpYRZiZSZd_sZpc?authuser=0&hl=es-419&rclk=1","-33.4564871","-70.6095265","Ñuñoa","Metropolitana","Chile","Google Maps web scraping con Playwright","2026-05-24","Completo","Sí","","","","","","","","","","","","","","","","","","","","","","","",""
"Restaurante Warique","4.4","58","José Domingo Cañas 1879, 7750000 Ñuñoa, Región Metropolitana","(2) 2341 1495","http://warique.cl/","Restaurante peruano","https://www.google.com/maps/place/Restaurante+Warique/data=!4m7!3m6!1s0x9662cf8dc4d9b1e5:0xab46c3f5ef0fac4d!8m2!3d-33.4566764!4d-70.6116943!16s%2Fg%2F11bwydc2dt!19sChIJ5bHZxI3PYpYRTawP7_XDRqs?authuser=0&hl=es-419&rclk=1","-33.4566764","-70.6116943","Ñuñoa","Metropolitana","Chile","Google Maps web scraping con Playwright","2026-05-24","Completo","Sí","","","","","","","","","","","","","","","","","","","","","","","",""
"Mr. Sabroso Restaurant","4.5","676","Condell 1701, 7770331 Santiago, Ñuñoa, Región Metropolitana","","http://mrsabroso.cl/","Bar restaurante","https://www.google.com/maps/place/Mr.+Sabroso+Restaurant/data=!4m7!3m6!1s0x9662c5fcff776ced:0xbe068199878f51ef!8m2!3d-33.4502879!4d-70.6251398!16s%2Fg%2F11t8g9tb3q!19sChIJ7Wx3__zFYpYR71GPh5mBBr4?authuser=0&hl=es-419&rclk=1","-33.4502879","-70.6251398","Ñuñoa","Metropolitana","Chile","Google Maps web scraping con Playwright","2026-05-24","Sin teléfono","Sí","","","","","","","","","","","","","","","","Sin teléfono visible","","","","","","","",""
"Shawarmas Chile Nuñoa","4.6","128","Av. Irarrázaval 1822, 7501173 Ñuñoa, Región Metropolitana","9 9412 3085","https://linktr.ee/shawarmas_chile","","https://www.google.com/maps/place/Shawarmas+Chile+Nu%C3%B1oa/data=!4m7!3m6!1s0x9662cfea36ee092d:0x359a13b5db25fcd2!8m2!3d-33.4531813!4d-70.6119221!16s%2Fg%2F11wj9s0xxt!19sChIJLQnuNurPYpYR0vwl27UTmjU?authuser=0&hl=es-419&rclk=1","-33.4531813","-70.6119221","Ñuñoa","Metropolitana","Chile","Google Maps web scraping con Playwright","2026-05-24","Completo","No","","","","","","","","","","","","","","","","","","","","","","","",""
"12 Food, La Florida","4.4","89","Perú 10047, 8240000 La Florida, Región Metropolitana","9 5467 2148","https://www.instagram.com/12foodlaflorida/?hl=es-la","Restaurante","https://www.google.com/maps/place/12+Food,+La+Florida/@-33.5486896,-70.5831831,17z/data=!3m1!4b1!4m6!3m5!1s0x9662d109cd97fa03:0x2c1e122440b54e76!8m2!3d-33.5486896!4d-70.5831831!16s%2Fg%2F11rwmftnj8?authuser=0&hl=es-419&entry=ttu&g_ep=EgoyMDI2MDUyMC4wIKXMDSoASAFQAw%3D%3D","-33.5486896","-70.5831831","La Florida","Metropolitana","Chile","Google Maps web scraping con Playwright","2026-05-24","Completo","Sí","","","","","","","","","","","","","","","","","","","","","","","",""
"Sabor X2 La Florida","4.6","436","Serafín Zamora 87, 8240000 La Florida, Región Metropolitana","9 2205 1954","http://www.saborx2.cl/","Restaurante","https://www.google.com/maps/place/Sabor+X2+La+Florida/@-33.5205823,-70.5995334,17z/data=!3m1!4b1!4m6!3m5!1s0x9662d1eb98d949d3:0xed7775e8b16f208!8m2!3d-33.5205823!4d-70.5995334!16s%2Fg%2F11vlxfg6nt?authuser=0&hl=es-419&entry=ttu&g_ep=EgoyMDI2MDUyMC4wIKXMDSoASAFQAw%3D%3D","-33.5205823","-70.5995334","La Florida","Metropolitana","Chile","Google Maps web scraping con Playwright","2026-05-24","Completo","Sí","","","","","","","","","","","","","","","","","","","","","","","",""
"Restaurant Chilenazo La Florida","4.2","32","Vicuña Mackenna N° 8855, 8260941 La Florida, Región Metropolitana","9 7277 2596","https://www.chilenazorestaurant.cl/Locales/la-florida/","Parrilla","https://www.google.com/maps/place/Restaurant+Chilenazo+La+Florida/@-33.5366392,-70.5930343,17z/data=!3m1!4b1!4m6!3m5!1s0x9662d0ec33856031:0x1de315c7437cb08d!8m2!3d-33.5366392!4d-70.5930343!16s%2Fg%2F11bycly77h?authuser=0&hl=es-419&entry=ttu&g_ep=EgoyMDI2MDUyMC4wIKXMDSoASAFQAw%3D%3D","-33.5366392","-70.5930343","La Florida","Metropolitana","Chile","Google Maps web scraping con Playwright","2026-05-24","Completo","Sí","","","","","","","","","","","","","","","","","","","","","","","",""
"Restaurante Xing Yun","4.5","93","Av. San José de la Estrella 501, 8300968 La Florida, Región Metropolitana","(2) 2318 4758","","Restaurante cantonés","https://www.google.com/maps/place/Restaurante+Xing+Yun/data=!4m7!3m6!1s0x9662d0c571140129:0xe09058224870ea25!8m2!3d-33.5532257!4d-70.5807912!16s%2Fg%2F11f122bkxz!19sChIJKQEUccXQYpYRJepwSCJYkOA?authuser=0&hl=es-419&rclk=1","-33.5532257","-70.5807912","La Florida","Metropolitana","Chile","Google Maps web scraping con Playwright","2026-05-24","Parcial","Sí","","","","","","","","","","","","","","","","","","","","","","","",""
"Milenario Restaurante","4.6","114","Merced 150, 3340001 Curicó, Maule","9 8148 9132","","Restaurante peruano","https://www.google.com/maps/place/Milenario+Restaurante/@-34.9846867,-71.2367248,17z/data=!3m1!4b1!4m6!3m5!1s0x96645783fd458cbb:0x44f6dfab4b45c6d5!8m2!3d-34.9846867!4d-71.2367248!16s%2Fg%2F11vr1d1ll3?authuser=0&hl=es-419&entry=ttu&g_ep=EgoyMDI2MDUyMC4wIKXMDSoASAFQAw%3D%3D","-34.9846867","-71.2367248","Curicó","Maule","Chile","Google Maps web scraping con Playwright","2026-05-24","Parcial","Sí","","","","","","","","","","","","","","","","","","","","","","","",""
"Restaurant Mi Perú Curicó","4.7","486","yungay 767 Curicó, 3340000 Maule, Curicó, Maule","(75) 234 2987","http://www.miperu.cl/","Restaurante peruano","https://www.google.com/maps/place/Restaurant+Mi+Per%C3%BA+Curic%C3%B3/@-34.9829755,-71.2404993,17z/data=!3m1!4b1!4m6!3m5!1s0x966457e056870285:0x37b9a0af8159ac3a!8m2!3d-34.9829755!4d-71.2404993!16s%2Fg%2F11h4lcbpfb?authuser=0&hl=es-419&entry=ttu&g_ep=EgoyMDI2MDUyMC4wIKXMDSoASAFQAw%3D%3D","-34.9829755","-71.2404993","Curicó","Maule","Chile","Google Maps web scraping con Playwright","2026-05-24","Completo","Sí","","","","","","","","","","","","","","","","","","","","","","","",""
"Restaurante Inti Pehuen Curico","4.8","26","Av. Manuel Labra Lillo 350, 3340001 Curicó, Maule","9 2198 7124","https://www.instagram.com/intipehuencurico?igsh=MTkwY2tmZzd0Y3cwMQ==","Restaurante","https://www.google.com/maps/place/Restaurante+Inti+Pehuen+Curico/@-34.9869479,-71.2136668,17z/data=!3m1!4b1!4m6!3m5!1s0x966457000f16e50d:0x658865810c1db26e!8m2!3d-34.9869479!4d-71.2136668!16s%2Fg%2F11vk4l61n8?authuser=0&hl=es-419&entry=ttu&g_ep=EgoyMDI2MDUyMC4wIKXMDSoASAFQAw%3D%3D","-34.9869479","-71.2136668","Curicó","Maule","Chile","Google Maps web scraping con Playwright","2026-05-24","Completo","Sí","","","","","","","","","","","","","","","","","","","","","","","",""
"Restaurant Chino El León Dorado","4.5","63","Carrera 7, 3341735 Curicó, Maule","9 8494 8366","","Restaurante","https://www.google.com/maps/place/Restaurant+Chino+El+Le%C3%B3n+Dorado/data=!4m7!3m6!1s0x966457a5f8854d1d:0x812b648301ea7c41!8m2!3d-34.9853675!4d-71.2334501!16s%2Fg%2F11tsjyt70j!19sChIJHU2F-KVXZJYRQXzqAYNkK4E?authuser=0&hl=es-419&rclk=1","-34.9853675","-71.2334501","Curicó","Maule","Chile","Google Maps web scraping con Playwright","2026-05-24","Parcial","Sí","","","","","","","","","","","","","","","","","","","","","","","",""
"Restaurante 3 Regiones","4.6","279","Av. Argentina 431, 3820572 Chillán, Ñuble","9 6417 7736","","Restaurante peruano","https://www.google.com/maps/place/Restaurante+3+Regiones/@-36.6078265,-72.092205,17z/data=!3m1!4b1!4m6!3m5!1s0x9668d757623c17bb:0xf348bc1a5fa133b8!8m2!3d-36.6078265!4d-72.092205!16s%2Fg%2F11qbr9886l?authuser=0&hl=es-419&entry=ttu&g_ep=EgoyMDI2MDUyMC4wIKXMDSoASAFQAw%3D%3D","-36.6078265","-72.092205","Chillán","Ñuble","Chile","Google Maps web scraping con Playwright","2026-05-24","Parcial","Sí","","","","","","","","","","","","","","","","","","","","","","","",""
"Restaurant El Chapu","4.4","822","Las Rosas 641, Chillán, Biobío","9 9711 3623","","Restaurante","https://www.google.com/maps/place/Restaurant+El+Chapu/@-36.611892,-72.0821374,17z/data=!3m1!4b1!4m6!3m5!1s0x9669ca19b111c019:0x70fd64e57055940c!8m2!3d-36.611892!4d-72.0821374!16s%2Fg%2F1tgwc36w?authuser=0&hl=es-419&entry=ttu&g_ep=EgoyMDI2MDUyMC4wIKXMDSoASAFQAw%3D%3D","-36.611892","-72.0821374","Chillán","Ñuble","Chile","Google Maps web scraping con Playwright","2026-05-24","Parcial","Sí","","","","","","","","","","","","","","","","","","","","","","","",""
"La Choza Restaurant Peruano","4.2","60","Isabel Riquelme 15, 3800497 Chillán, Ñuble","(42) 223 4518","http://www.lachozarestaurant.cl/","Restaurante peruano","https://www.google.com/maps/place/La+Choza+Restaurant+Peruano/data=!4m7!3m6!1s0x9668d7d30a3e4625:0x7bc5361c4849aed4!8m2!3d-36.6011418!4d-72.0968693!16s%2Fg%2F11c1pgbphg!19sChIJJUY-CtPXaJYR1K5JSBw2xXs?authuser=0&hl=es-419&rclk=1","-36.6011418","-72.0968693","Chillán","Ñuble","Chile","Google Maps web scraping con Playwright","2026-05-24","Completo","Sí","","","","","","","","","","","","","","","","","","","","","","","",""
"Kuranepe Restaurante","4.3","430","Longitudinal norte 420, 3800043 Chillán, Ñuble","(42) 227 1419","https://www.facebook.com/Kuraneperestauranteoficial/","Restaurante","https://www.google.com/maps/place/Kuranepe+Restaurante/@-36.5936079,-72.10458,17z/data=!3m1!4b1!4m6!3m5!1s0x9668d7cf4a03463b:0xa8f50977d8bae1a5!8m2!3d-36.5936079!4d-72.10458!16s%2Fg%2F11fx7vrwgg?authuser=0&hl=es-419&entry=ttu&g_ep=EgoyMDI2MDUyMC4wIKXMDSoASAFQAw%3D%3D","-36.5936079","-72.10458","Chillán","Ñuble","Chile","Google Maps web scraping con Playwright","2026-05-24","Completo","Sí","","","","","","","","","","","","","","","","","","","","","","","",""
"Casona Villablanca","4.2","177","Baquedano 1085, 3820489 Chillán Viejo, Ñuble","","https://www.instagram.com/casona_villablanca/","Restaurante","https://www.google.com/maps/place/Casona+Villablanca/data=!4m7!3m6!1s0x966929654d71af3b:0xa6f81422452bf72d!8m2!3d-36.6326317!4d-72.1255024!16s%2Fg%2F11rq467bb9!19sChIJO69xTWUpaZYRLfcrRSIU-KY?authuser=0&hl=es-419&rclk=1","-36.6326317","-72.1255024","Chillán","Ñuble","Chile","Google Maps web scraping con Playwright","2026-05-24","Sin teléfono","Sí","","","","","","","","","","","","","","","","Sin teléfono visible","","","","","","","",""
"Sushi Ryge Chillán","4.7","273","Arauco 861, local 103, 3780000 Chillán, Ñuble","(2) 2214 1534","https://www.ryge.cl/","Restaurante","https://www.google.com/maps/place/Sushi+Ryge+Chill%C3%A1n/@-36.6107928,-72.1035736,17z/data=!3m1!4b1!4m6!3m5!1s0x966929d8d05a5faf:0x7f750009ff92d948!8m2!3d-36.6107928!4d-72.1035736!16s%2Fg%2F11yb7m828n?authuser=0&hl=es-419&entry=ttu&g_ep=EgoyMDI2MDUyMC4wIKXMDSoASAFQAw%3D%3D","-36.6107928","-72.1035736","Chillán","Ñuble","Chile","Google Maps web scraping con Playwright","2026-05-24","Completo","Sí","","","","","","","","","","","","","","","","","","","","","","","",""
"Restaurante El Faraón Comida Árabe","5.0","25","Av. Argentina 1156, Chillán, Ñuble","9 7376 8741","","Restaurante","https://www.google.com/maps/place/Restaurante+El+Fara%C3%B3n+Comida+%C3%81rabe/@-36.6165257,-72.0962917,17z/data=!3m1!4b1!4m6!3m5!1s0x96692900287adec7:0xb9d717b7f3d051ac!8m2!3d-36.6165257!4d-72.0962917!16s%2Fg%2F11y3yrq3jk?authuser=0&hl=es-419&entry=ttu&g_ep=EgoyMDI2MDUyMC4wIKXMDSoASAFQAw%3D%3D","-36.6165257","-72.0962917","Chillán","Ñuble","Chile","Google Maps web scraping con Playwright","2026-05-24","Parcial","Sí","","","","","","","","","","","","","","","","","","","","","","","",""
"Aligot restaurant","4.5","26","Isidora Goyenechea 2890, 7550033 Las Condes, Región Metropolitana","(41) 324 8475","https://toto.menu/aligot?s=googlemaps","Restaurante","https://www.google.com/maps/place/Aligot+restaurant/data=!4m7!3m6!1s0x9662cfac435bdaad:0x7ed19e2ff27dfbdf!8m2!3d-33.413808!4d-70.6019947!16s%2Fg%2F11h3swvrz_!19sChIJrdpbQ6zPYpYR3_t98i-e0X4?authuser=0&hl=es-419&rclk=1","-33.413808","-70.6019947","Las Condes","Metropolitana","Chile","Google Maps web scraping con Playwright","2026-05-24","Completo","Sí","","","","","","","","","","","","","","","","","","","","","","","",""
"Guayaquil Fusión","4.7","281","Balmoral 309, Local 103, 7561282 Las Condes, Región Metropolitana","9 2386 2149","","Restaurante ecuatoriano","https://www.google.com/maps/place/Guayaquil+Fusi%C3%B3n/data=!4m7!3m6!1s0x9662cfd35d3889cf:0x13caab7bac657e06!8m2!3d-33.4059401!4d-70.5698454!16s%2Fg%2F11xn7y4vf8!19sChIJz4k4XdPPYpYRBn5lrHuryhM?authuser=0&hl=es-419&rclk=1","-33.4059401","-70.5698454","Las Condes","Metropolitana","Chile","Google Maps web scraping con Playwright","2026-05-24","Parcial","Sí","","","","","","","","","","","","","","","","","","","","","","","",""
"Nuna","4.3","233","Alonso de Córdova 5199, 7560873 Las Condes, Región Metropolitana","(2) 2422 7912","https://restaurants.accor.com/pt-br/restaurant-B469_R001-bravo-restaurant-and-bar-santiago.shtml","Restaurante","https://www.google.com/maps/place/Nuna/@-33.4066744,-70.5762731,17z/data=!3m1!4b1!4m6!3m5!1s0x9662cf272fb70dd1:0x7385ade5d651ea30!8m2!3d-33.4066744!4d-70.5762731!16s%2Fg%2F11c7wdmzsw?authuser=0&hl=es-419&entry=ttu&g_ep=EgoyMDI2MDUyMC4wIKXMDSoASAFQAw%3D%3D","-33.4066744","-70.5762731","Las Condes","Metropolitana","Chile","Google Maps web scraping con Playwright","2026-05-24","Completo","Sí","","","","","","","","","","","","","","","","","","","","","","","",""
"Osaka","4.6","30","Av. Nueva Costanera 3736, 7630428 Vitacura, Región Metropolitana","9 8879 0342","https://www.osakanikkei.com/es/local/santiago","Restaurante de sushi","https://www.google.com/maps/place/Osaka/@-33.401405,-70.598515,17z/data=!3m1!4b1!4m6!3m5!1s0x9662cf4076d010a1:0xde17a5a2f4e9a102!8m2!3d-33.401405!4d-70.598515!16s%2Fg%2F11byxfkkrn?authuser=0&hl=es-419&entry=ttu&g_ep=EgoyMDI2MDUyMC4wIKXMDSoASAFQAw%3D%3D","-33.401405","-70.598515","Vitacura","Metropolitana","Chile","Google Maps web scraping con Playwright","2026-05-24","Completo","Sí","","","","","","","","","","","","","","","","","","","","","","","",""
"Moha Shawarma Libanés, Café Árabe","4.6","535","San Pío X 2389, 7500000 Providencia, Región Metropolitana","9 3108 9996","http://mohashawarma.com/","Restaurante","https://www.google.com/maps/place/Moha+Shawarma+Liban%C3%A9s,+Caf%C3%A9+%C3%81rabe/data=!4m7!3m6!1s0x9662cfb8fb02d53f:0x16d513f1e7885ca1!8m2!3d-33.421628!4d-70.605708!16s%2Fg%2F11gnsbxml2!19sChIJP9UC-7jPYpYRoVyI5_ET1RY?authuser=0&hl=es-419&rclk=1","-33.421628","-70.605708","Vitacura","Metropolitana","Chile","Google Maps web scraping con Playwright","2026-05-24","Completo","No","","","","","","","","","","","","","","","","Revisar: parece cafe","","","","","","","",""
"Cuerovaca","4.4","04","P.º Peatonal El Mañío 1659, 7630244 Vitacura, Región Metropolitana","9 8211 1171","http://www.cuerovaca.com/","Restaurante de platos de carne","https://www.google.com/maps/place/Cuerovaca/data=!4m7!3m6!1s0x9662cf36d3d4af5f:0xe24d7290d306857d!8m2!3d-33.4008501!4d-70.5925091!16s%2Fg%2F1w347tmr!19sChIJX6_U0zbPYpYRfYUG05ByTeI?authuser=0&hl=es-419&rclk=1","-33.4008501","-70.5925091","Vitacura","Metropolitana","Chile","Google Maps web scraping con Playwright","2026-05-24","Completo","Sí","","","","","","","","","","","","","","","","","","","","","","","",""
"Zûlu Kitchen & Bar","4.4","604","Alonso de Córdova 2337, 7630415 Vitacura, Región Metropolitana","9 5197 9846","https://gour.media/zulu-bar","Bar restaurante","https://www.google.com/maps/place/Z%C3%BBlu+Kitchen+%26+Bar/data=!4m7!3m6!1s0x9662cf71c46dc8c3:0x47cc38cee9de2e0f!8m2!3d-33.4015417!4d-70.594338!16s%2Fg%2F11kpjhj2_g!19sChIJw8htxHHPYpYRDy7e6c44zEc?authuser=0&hl=es-419&rclk=1","-33.4015417","-70.594338","Vitacura","Metropolitana","Chile","Google Maps web scraping con Playwright","2026-05-24","Completo","Sí","","","","","","","","","","","","","","","","","","","","","","","",""
"El Ancla Providencia","4.4","16","Sta. Beatriz 191, Providencia, Región Metropolitana","9 6122 0801","http://www.elancla.cl/","Restaurante","https://www.google.com/maps/place/El+Ancla+Providencia/@-33.4260057,-70.6186499,17z/data=!3m1!4b1!4m6!3m5!1s0x9662cf624adfc5c7:0x1baee6a121460f2c!8m2!3d-33.4260057!4d-70.6186499!16s%2Fg%2F11bycjg_bd?authuser=0&hl=es-419&entry=ttu&g_ep=EgoyMDI2MDUyMC4wIKXMDSoASAFQAw%3D%3D","-33.4260057","-70.6186499","Providencia","Metropolitana","Chile","Google Maps web scraping con Playwright","2026-05-24","Completo","Sí","","","","","","","","","","","","","","","","","","","","","","","",""
"Eladio Restaurant Providencia","4.4","99","Av. Nueva Providencia 2250, 7510086 Providencia, Región Metropolitana","9 9530 4537","http://www.eladio.cl/","Restaurante","https://www.google.com/maps/place/Eladio+Restaurant+Providencia/@-33.421716,-70.6085802,17z/data=!3m1!4b1!4m6!3m5!1s0x9662cf68bef264ff:0xeb1ffbda7ce6dec6!8m2!3d-33.421716!4d-70.6085802!16s%2Fg%2F1v2kymky?authuser=0&hl=es-419&entry=ttu&g_ep=EgoyMDI2MDUyMC4wIKXMDSoASAFQAw%3D%3D","-33.421716","-70.6085802","Providencia","Metropolitana","Chile","Google Maps web scraping con Playwright","2026-05-24","Completo","Sí","","","","","","","","","","","","","","","","","","","","","","","",""
"Zacarías - Cocina Chilena","4.5","04","Constitución 241, Local B, 7520291 Providencia, Región Metropolitana","9 4071 2324","https://zacariascocinachilena.cl/","Restaurante chileno","https://www.google.com/maps/place/Zacar%C3%ADas+-+Cocina+Chilena/@-33.4314606,-70.6348948,17z/data=!3m1!4b1!4m6!3m5!1s0x9662c92d0398837b:0xa041c10b71341e96!8m2!3d-33.4314606!4d-70.6348948!16s%2Fg%2F11hbv7lkrd?authuser=0&hl=es-419&entry=ttu&g_ep=EgoyMDI2MDUyMC4wIKXMDSoASAFQAw%3D%3D","-33.4314606","-70.6348948","Providencia","Metropolitana","Chile","Google Maps web scraping con Playwright","2026-05-24","Completo","Sí","","","","","","","","","","","","","","","","","","","","","","","",""
"Baco","4.5","70","Nueva de Lyon 113, 7510054 Providencia, Región Metropolitana","(2) 2231 4444","https://www.toto.menu/baco?s=googlemaps","Restaurante","https://www.google.com/maps/place/Baco/@-33.4207153,-70.610321,17z/data=!3m1!4b1!4m6!3m5!1s0x9662cf6633ae5805:0x9cd71edc5c022144!8m2!3d-33.4207153!4d-70.610321!16s%2Fg%2F1tfc36ty?authuser=0&hl=es-419&entry=ttu&g_ep=EgoyMDI2MDUyMC4wIKXMDSoASAFQAw%3D%3D","-33.4207153","-70.610321","Providencia","Metropolitana","Chile","Google Maps web scraping con Playwright","2026-05-24","Completo","Sí","","","","","","","","","","","","","","","","","","","","","","","",""
"La Burguesía","4.6","33","Sta. Magdalena 99, Providencia, Región Metropolitana","(2) 2231 3407","https://www.instagram.com/la_burguesia/","Restaurante","https://www.google.com/maps/place/La+Burgues%C3%ADa/data=!4m7!3m6!1s0x9662cf6880f66fa9:0x6200e82d5ce160f6!8m2!3d-33.4203949!4d-70.6095657!16s%2Fg%2F11c1rhvx56!19sChIJqW_2gGjPYpYR9mDhXC3oAGI?authuser=0&hl=es-419&rclk=1","-33.4203949","-70.6095657","Providencia","Metropolitana","Chile","Google Maps web scraping con Playwright","2026-05-24","Completo","Sí","","","","","","","","","","","","","","","","","","","","","","","",""
"Galindo","4.3","03","Dardignac 098, 8420434 Providencia, Región Metropolitana","(2) 2777 0116","","Bar restaurante","https://www.google.com/maps/place/Galindo/@-33.4331291,-70.6348492,17z/data=!3m1!4b1!4m6!3m5!1s0x9662c59aa34fd6c7:0x84cd30736f904c51!8m2!3d-33.4331291!4d-70.6348492!16s%2Fg%2F1tffqjyc?authuser=0&hl=es-419&entry=ttu&g_ep=EgoyMDI2MDUyMC4wIKXMDSoASAFQAw%3D%3D","-33.4331291","-70.6348492","Providencia","Metropolitana","Chile","Google Maps web scraping con Playwright","2026-05-24","Parcial","Sí","","","","","","","","","","","","","","","","","","","","","","","",""
"Restaurante Peruano Mar Azul - La Reina","4.6","84","Av. Ossa 2294, 7850054 La Reina, Región Metropolitana","9 6520 5381","https://instagram.com/marazul_lareina?igshid=YmMyMTA2M2Y=","Restaurante peruano","https://www.google.com/maps/place/Restaurante+Peruano+Mar+Azul+-+La+Reina/@-33.4318791,-70.574902,17z/data=!3m1!4b1!4m6!3m5!1s0x9662cfd6a982ad4f:0x3ef9442dc655264c!8m2!3d-33.4318791!4d-70.574902!16s%2Fg%2F11rz4qssd2?authuser=0&hl=es-419&entry=ttu&g_ep=EgoyMDI2MDUyMC4wIKXMDSoASAFQAw%3D%3D","-33.4318791","-70.574902","La Reina","Metropolitana","Chile","Google Maps web scraping con Playwright","2026-05-24","Completo","Sí","","","","","","","","","","","","","","","","","","","","","","","",""
"La Pizzarra","4.4","87","Av. Príncipe de Gales 6519, 7850308 La Reina, Región Metropolitana","(2) 2920 1291","http://lapizzarra.cl/","Restaurante","https://www.google.com/maps/place/La+Pizzarra/data=!4m7!3m6!1s0x9662ce50e4383d1f:0x6aca56cb3a0148a1!8m2!3d-33.4386338!4d-70.5647239!16s%2Fg%2F11c3trgbg3!19sChIJHz045FDOYpYRoUgBOstWymo?authuser=0&hl=es-419&rclk=1","-33.4386338","-70.5647239","La Reina","Metropolitana","Chile","Google Maps web scraping con Playwright","2026-05-24","Completo","Sí","","","","","","","","","","","","","","","","","","","","","","","",""
"Bar La Virgen La Reina","4.7","741","Monseñor Edwards 1636, 7850305 La Reina, Región Metropolitana","9 3413 2333","https://www.barlavirgen.cl/","Bar","https://www.google.com/maps/place/Bar+La+Virgen+La+Reina/@-33.4393785,-70.5621623,17z/data=!3m1!4b1!4m6!3m5!1s0x9662cf1ddff3561d:0xc1ca522a97e1b8f!8m2!3d-33.4393785!4d-70.5621623!16s%2Fg%2F11x7j0y19r?authuser=0&hl=es-419&entry=ttu&g_ep=EgoyMDI2MDUyMC4wIKXMDSoASAFQAw%3D%3D","-33.4393785","-70.5621623","La Reina","Metropolitana","Chile","Google Maps web scraping con Playwright","2026-05-24","Completo","No","","","","","","","","","","","","","","","","","","","","","","","",""
"Santa leña Providencia","4.8","150","Providencia Región Metropolitana CL, Holanda 100, local 110, 7510021 Santiago, Providencia, Región Metropolitana","9 5145 6044","https://linktr.ee/santalena_cl","Restaurante","https://www.google.com/maps/place/Santa+le%C3%B1a+Providencia/@-33.4200389,-70.6034948,17z/data=!3m1!4b1!4m6!3m5!1s0x9662cf8a6fcff35f:0x6ea1d20f035c20f4!8m2!3d-33.4200389!4d-70.6034948!16s%2Fg%2F11x6444w2l?authuser=0&hl=es-419&entry=ttu&g_ep=EgoyMDI2MDUyMC4wIKXMDSoASAFQAw%3D%3D","-33.4200389","-70.6034948","Ñuñoa","Metropolitana","Chile","Google Maps web scraping con Playwright","2026-05-24","Completo","Sí","","","","","","","","","","","","","","","","","","","","","","","",""
"Casa Estadio","4.5","441","Av. Ricardo Lyon 3387, 7750000 Ñuñoa, Región Metropolitana","","","Restaurante","https://www.google.com/maps/place/Casa+Estadio/data=!4m7!3m6!1s0x9662cf3ef868e6c3:0x6dbbca347849ab9!8m2!3d-33.4522987!4d-70.6024077!16s%2Fg%2F11n8vcj_bg!19sChIJw-Zo-D7PYpYRuZqER6O82wY?authuser=0&hl=es-419&rclk=1","-33.4522987","-70.6024077","Ñuñoa","Metropolitana","Chile","Google Maps web scraping con Playwright","2026-05-24","Sin teléfono","Sí","","","","","","","","","","","","","","","","Sin teléfono visible","","","","","","","",""
"Restaurant La Abuely","4.0","563","Av. Vicuña Mackenna 9987, 8250721 La Florida, Región Metropolitana","9 3696 6118","","Restaurante","https://www.google.com/maps/place/Restaurant+La+Abuely/@-33.5491741,-70.5876885,17z/data=!3m1!4b1!4m6!3m5!1s0x9662d0c49efb8c47:0xaab136974c576b03!8m2!3d-33.5491741!4d-70.5876885!16s%2Fg%2F11g6yz_6gb?authuser=0&hl=es-419&entry=ttu&g_ep=EgoyMDI2MDUyMC4wIKXMDSoASAFQAw%3D%3D","-33.5491741","-70.5876885","La Florida","Metropolitana","Chile","Google Maps web scraping con Playwright","2026-05-24","Parcial","Sí","","","","","","","","","","","","","","","","","","","","","","","",""
"Aleman Experto Quilín","4.6","412","Mar Tirreno 3349, 1020, 7921452 Peñalolén, Región Metropolitana","9 5881 4464","https://www.alemanexperto.cl/","Restaurante","https://www.google.com/maps/place/Aleman+Experto+Quil%C3%ADn/@-33.4877753,-70.57827,17z/data=!3m1!4b1!4m6!3m5!1s0x9662d1d9b466e775:0x2ce5fe14ed95d7cc!8m2!3d-33.4877753!4d-70.57827!16s%2Fg%2F11ld3m0lpv?authuser=0&hl=es-419&entry=ttu&g_ep=EgoyMDI2MDUyMC4wIKXMDSoASAFQAw%3D%3D","-33.4877753","-70.57827","La Florida","Metropolitana","Chile","Google Maps web scraping con Playwright","2026-05-24","Completo","Sí","","","","","","","","","","","","","","","","","","","","","","","",""
"Hamburg Schop","4.2","78","Av. Vicuña Mackenna 11145, 8311440 La Florida, Región Metropolitana","","","Restaurante","https://www.google.com/maps/place/Hamburg+Schop/data=!4m7!3m6!1s0x9662d0ce21297803:0x294a5778268cbdfc!8m2!3d-33.5577189!4d-70.5861681!16s%2Fg%2F11f03phg5v!19sChIJA3gpIc7QYpYR_L2MJnhXSik?authuser=0&hl=es-419&rclk=1","-33.5577189","-70.5861681","La Florida","Metropolitana","Chile","Google Maps web scraping con Playwright","2026-05-24","Sin teléfono","Sí","","","","","","","","","","","","","","","","Sin teléfono visible","","","","","","","",""
"Restaurante Oveja huasa","4.7","32","Los Olivos 226, 3340000 Curicó, Maule","9 6553 7030","http://www.ovejahuasa.cl/","Restaurante chileno","https://www.google.com/maps/place/Restaurante+Oveja+huasa/@-34.9741027,-71.2177091,17z/data=!3m1!4b1!4m6!3m5!1s0x966457e1225f383f:0x361e5e6dd7901317!8m2!3d-34.9741027!4d-71.2177091!16s%2Fg%2F11v3sv_834?authuser=0&hl=es-419&entry=ttu&g_ep=EgoyMDI2MDUyMC4wIKXMDSoASAFQAw%3D%3D","-34.9741027","-71.2177091","Curicó","Maule","Chile","Google Maps web scraping con Playwright","2026-05-24","Completo","Sí","","","","","","","","","","","","","","","","","","","","","","","",""
"Lungo Restaurante y Cafetería","4.8","154","Av. España 734, 3340000 Curicó, Maule","9 7545 3633","http://lungo.cl/carta-restaurante","Cafetería","https://www.google.com/maps/place/Lungo+Restaurante+y+Cafeter%C3%ADa/@-34.9854289,-71.2250875,17z/data=!3m1!4b1!4m6!3m5!1s0x966457115e8eb7f7:0xde6ecfb1c763127c!8m2!3d-34.9854289!4d-71.2250875!16s%2Fg%2F11y1rvfcl4?authuser=0&hl=es-419&entry=ttu&g_ep=EgoyMDI2MDUyMC4wIKXMDSoASAFQAw%3D%3D","-34.9854289","-71.2250875","Curicó","Maule","Chile","Google Maps web scraping con Playwright","2026-05-24","Completo","No","","","","","","","","","","","","","","","","Revisar: parece cafeteria; Revisar: parece cafe","","","","","","","",""
"La Vizcaya Curicó","5.0","25","Av. España 215, Local 4, 3340000 Curicó, Maule","9 2724 5151","https://www.instagram.com/lavizcaya.curico","Restaurante de cocina española","https://www.google.com/maps/place/La+Vizcaya+Curic%C3%B3/@-34.9861526,-71.2283424,17z/data=!3m1!4b1!4m6!3m5!1s0x9664576c93ab7fc7:0xd439b67218823c36!8m2!3d-34.9861526!4d-71.2283424!16s%2Fg%2F11xkwk5ydv?authuser=0&hl=es-419&entry=ttu&g_ep=EgoyMDI2MDUyMC4wIKXMDSoASAFQAw%3D%3D","-34.9861526","-71.2283424","Curicó","Maule","Chile","Google Maps web scraping con Playwright","2026-05-24","Completo","Sí","","","","","","","","","","","","","","","","","","","","","","","",""
"Troya Restaurant","4.3","78","Camino a cato - km 1.8, 3820572 Chillán, Ñuble","","","Restaurante","https://www.google.com/maps/place/Troya+Restaurant/data=!4m7!3m6!1s0x9668d7dbc86275c3:0x8bbbd2399dc2d8a5!8m2!3d-36.5735557!4d-72.0518263!16s%2Fg%2F11tjqmm4lv!19sChIJw3ViyNvXaJYRpdjCnTnSu4s?authuser=0&hl=es-419&rclk=1","-36.5735557","-72.0518263","Chillán","Ñuble","Chile","Google Maps web scraping con Playwright","2026-05-24","Sin teléfono","Sí","","","","","","","","","","","","","","","","Sin teléfono visible","","","","","","","",""
"Entre Amigos Restobar","4.4","397","Av. Argentina 384, 3780000 Chillán, Ñuble","(42) 231 6137","","Restaurante","https://www.google.com/maps/place/Entre+Amigos+Restobar/@-36.6070194,-72.0927345,17z/data=!3m1!4b1!4m6!3m5!1s0x966929d560055555:0x230485888c285b29!8m2!3d-36.6070194!4d-72.0927345!16s%2Fg%2F11dxddx27g?authuser=0&hl=es-419&entry=ttu&g_ep=EgoyMDI2MDUyMC4wIKXMDSoASAFQAw%3D%3D","-36.6070194","-72.0927345","Chillán","Ñuble","Chile","Google Maps web scraping con Playwright","2026-05-24","Parcial","Sí","","","","","","","","","","","","","","","","","","","","","","","",""
"Milá - Alto Las Condes","4.4","872","Av. Pdte. Kennedy Lateral 8955, 8973, Las Condes, Región Metropolitana","","https://grupomilsabores.cl/","Restaurante","https://www.google.com/maps/place/Mil%C3%A1+-+Alto+Las+Condes/data=!4m7!3m6!1s0x9662ceb447eaaaad:0x11b1030555b4786b!8m2!3d-33.389963!4d-70.546442!16s%2Fg%2F11g6htdj6w!19sChIJrarqR7TOYpYRa3i0VQUDsRE?authuser=0&hl=es-419&rclk=1","-33.389963","-70.546442","Las Condes","Metropolitana","Chile","Google Maps web scraping con Playwright","2026-05-24","Sin teléfono","Sí","","","","","","","","","","","","","","","","Sin teléfono visible","","","","","","","",""
"Santa Brasa Parque Arauco","4.5","88","Av. Pdte. Kennedy 5413, Local 385, Piso 2, 7550000 Vitacura, Las Condes, Región Metropolitana","9 3261 2426","http://www.santabrasa.cl/","Restaurante","https://www.google.com/maps/place/Santa+Brasa+Parque+Arauco/data=!4m7!3m6!1s0x9662cf262a2df3af:0xd0ac3af4691101f3!8m2!3d-33.4019406!4d-70.5774412!16s%2Fg%2F11fzblgr_v!19sChIJr_MtKibPYpYR8wERafQ6rNA?authuser=0&hl=es-419&rclk=1","-33.4019406","-70.5774412","Las Condes","Metropolitana","Chile","Google Maps web scraping con Playwright","2026-05-24","Completo","Sí","","","","","","","","","","","","","","","","","","","","","","","",""
"Margó Parque Arauco","4.4","75","Av. Pdte. Kennedy 5413, Local 436, Piso 3, 7550000 Las Condes, Región Metropolitana","(2) 3262 6507","http://margo.cl/","Restaurante","https://www.google.com/maps/place/Marg%C3%B3+Parque+Arauco/data=!4m7!3m6!1s0x9662cf289b45eacf:0x20f04580eaa0b9b!8m2!3d-33.4021934!4d-70.5782494!16s%2Fg%2F11c30wmxgx!19sChIJz-pFmyjPYpYRmwuqDlgEDwI?authuser=0&hl=es-419&rclk=1","-33.4021934","-70.5782494","Las Condes","Metropolitana","Chile","Google Maps web scraping con Playwright","2026-05-24","Completo","Sí","","","","","","","","","","","","","","","","","","","","","","","",""
"Mr. Dumpling Chile","4.7","34","Encomenderos 210, 7550152 Las Condes, Región Metropolitana","9 4267 3634","http://www.instagram.com/mrdumplingcl","Restaurante asiático","https://www.google.com/maps/place/Mr.+Dumpling+Chile/data=!4m7!3m6!1s0x9662cfebddb23037:0x4fc60f30b484c467!8m2!3d-33.4164598!4d-70.6027326!16s%2Fg%2F11k5540ldp!19sChIJNzCy3evPYpYRZ8SEtDAPxk8?authuser=0&hl=es-419&rclk=1","-33.4164598","-70.6027326","Las Condes","Metropolitana","Chile","Google Maps web scraping con Playwright","2026-05-24","Completo","Sí","","","","","","","","","","","","","","","","","","","","","","","",""
"La Cabrera Al Paso","4.6","870","Av. Pdte. Kennedy 5413, 7560994 Las Condes, Región Metropolitana","9 5771 3970","https://lacabreraalpaso.cl/","Restaurante","https://www.google.com/maps/place/La+Cabrera+Al+Paso/data=!4m7!3m6!1s0x9662cff3bcb54551:0x1ed59e2fab0fbf99!8m2!3d-33.4021934!4d-70.5782494!16s%2Fg%2F11tmrj7bxg!19sChIJUUW1vPPPYpYRmb8Pqy-e1R4?authuser=0&hl=es-419&rclk=1","-33.4021934","-70.5782494","Las Condes","Metropolitana","Chile","Google Maps web scraping con Playwright","2026-05-24","Completo","Sí","","","","","","","","","","","","","","","","","","","","","","","",""
"Alemán Experto Vitacura","4.5","19","Av Vitacura 6345, 7650509 Vitacura, Región Metropolitana","(2) 2317 8233","http://www.alemanexperto.cl/","Restaurante","https://www.google.com/maps/place/Alem%C3%A1n+Experto+Vitacura/data=!4m7!3m6!1s0x9662cf03750af889:0xc69a0b6a732df229!8m2!3d-33.3902761!4d-70.5701339!16s%2Fg%2F11gk5xx275!19sChIJifgKdQPPYpYRKfItc2oLmsY?authuser=0&hl=es-419&rclk=1","-33.3902761","-70.5701339","Vitacura","Metropolitana","Chile","Google Maps web scraping con Playwright","2026-05-24","Completo","Sí","","","","","","","","","","","","","","","","","","","","","","","",""
"Le Due Torri","4.6","22","Costanera Sur S.J.E. de Balaguer 6400, 7640859 Vitacura, Región Metropolitana","(2) 2247 8484","https://leduetorri.cl/","Restaurante","https://www.google.com/maps/place/Le+Due+Torri/data=!4m7!3m6!1s0x9662c8d0b564a891:0x11acf74dd4857ee3!8m2!3d-33.3817648!4d-70.5795313!16s%2Fg%2F11c2nr3b8j!19sChIJkahktdDIYpYR436F1E33rBE?authuser=0&hl=es-419&rclk=1","-33.3817648","-70.5795313","Vitacura","Metropolitana","Chile","Google Maps web scraping con Playwright","2026-05-24","Completo","Sí","","","","","","","","","","","","","","","","","","","","","","","",""
"Hijo del Sol Vitacura","4.2","82","Av Vitacura 3809, 7630422 Vitacura, Región Metropolitana","","https://www.instagram.com/hijodelsol.santiago/","Bar restaurante","https://www.google.com/maps/place/Hijo+del+Sol+Vitacura/data=!4m7!3m6!1s0x9662cfaf49736aa7:0xc398d0adff0f7d78!8m2!3d-33.4014357!4d-70.5929822!16s%2Fg%2F11l31rbg3d!19sChIJp2pzSa_PYpYReH0P_63QmMM?authuser=0&hl=es-419&rclk=1","-33.4014357","-70.5929822","Vitacura","Metropolitana","Chile","Google Maps web scraping con Playwright","2026-05-24","Sin teléfono","Sí","","","","","","","","","","","","","","","","Sin teléfono visible","","","","","","","",""
"Chicken Love You Vitacura ️","4.5","59","Av Vitacura 3269, 7630578 Vitacura, Región Metropolitana","9 3140 2066","https://chickenloveyou.cl/","Hamburguesería","https://www.google.com/maps/place/Chicken+Love+You+Vitacura+%EF%B8%8F/data=!4m7!3m6!1s0x9662cfa9f0fecc93:0xaabd07d54cdfb8b7!8m2!3d-33.4067175!4d-70.5986618!16s%2Fg%2F11tk0k84zs!19sChIJk8z-8KnPYpYRt7jfTNUHvao?authuser=0&hl=es-419&rclk=1","-33.4067175","-70.5986618","Vitacura","Metropolitana","Chile","Google Maps web scraping con Playwright","2026-05-24","Completo","No","","","","","","","","","","","","","","","","Revisar: parece hamburgueseria","","","","","","","",""
"Social","4.5","87","Av Vitacura 3390, 7630547 Vitacura, Región Metropolitana","9 7254 3443","https://socialbyfoodlab.com/","Bar","https://www.google.com/maps/place/Social/data=!4m7!3m6!1s0x9662cf21e346cb3b:0xebea82c8f2e2dd1b!8m2!3d-33.4052165!4d-70.5978391!16s%2Fg%2F11gxszz4qb!19sChIJO8tG4yHPYpYRG93i8siC6us?authuser=0&hl=es-419&rclk=1","-33.4052165","-70.5978391","Vitacura","Metropolitana","Chile","Google Maps web scraping con Playwright","2026-05-24","Completo","No","","","","","","","","","","","","","","","","","","","","","","","",""
"Fuente Chilena","4.5","462","Av Vitacura 5456, 7630629 Vitacura, Región Metropolitana","(2) 6469 2487","https://www.fuentechilena.cl/","Restaurante","https://www.google.com/maps/place/Fuente+Chilena/data=!4m7!3m6!1s0x9662cf46db2e08c1:0x768120e0ee74b82d!8m2!3d-33.3950191!4d-70.579682!16s%2Fg%2F11ky9xpf4b!19sChIJwQgu20bPYpYRLbh07uAggXY?authuser=0&hl=es-419&rclk=1","-33.3950191","-70.579682","Vitacura","Metropolitana","Chile","Google Maps web scraping con Playwright","2026-05-24","Completo","Sí","","","","","","","","","","","","","","","","","","","","","","","",""
"Pomeriggio Bistro","4.3","81","nivel calle - Av. Nueva Costanera 3900, Vitacura, Región Metropolitana","(2) 2486 2076","http://www.pomeriggio.cl/","Restaurante italiano","https://www.google.com/maps/place/Pomeriggio+Bistro/data=!4m7!3m6!1s0x9662cf4a0b9d819d:0xf4e3dcd5363b063c!8m2!3d-33.3986935!4d-70.5985171!16s%2Fg%2F11c45s7bbf!19sChIJnYGdC0rPYpYRPAY7NtXc4_Q?authuser=0&hl=es-419&rclk=1","-33.3986935","-70.5985171","Vitacura","Metropolitana","Chile","Google Maps web scraping con Playwright","2026-05-24","Completo","Sí","","","","","","","","","","","","","","","","","","","","","","","",""
"Brunapoli Los Trapenses","4.6","74","Mall Vivo Los Trapenses, Av. José Alcalde Délano 10545, Local 1062, Lo Barnechea, Región Metropolitana","9 3940 5997","http://www.brunapoli.cl/","Restaurante italiano","https://www.google.com/maps/place/Brunapoli+Los+Trapenses/data=!4m7!3m6!1s0x9662c96f48addef7:0xb67cff29f4616058!8m2!3d-33.3564637!4d-70.5394709!16s%2Fg%2F11f055lzxt!19sChIJ996tSG_JYpYRWGBh9Cn_fLY?authuser=0&hl=es-419&rclk=1","-33.3564637","-70.5394709","Lo Barnechea","Metropolitana","Chile","Google Maps web scraping con Playwright","2026-05-24","Completo","Sí","","","","","","","","","","","","","","","","","","","","","","","",""
"De Costa a Costa Lo Barnechea","5.0","3","Sta Blanca 1967, 7690000 Lo Barnechea, Región Metropolitana","9 7984 0551","https://www.decostaacosta.cl/","Marisquería","https://www.google.com/maps/place/De+Costa+a+Costa+Lo+Barnechea/data=!4m7!3m6!1s0x9662c9cf09156f77:0xc96d8a08921c6c81!8m2!3d-33.3554884!4d-70.531741!16s%2Fg%2F11ynb8j4p7!19sChIJd28VCc_JYpYRgWwckgiKbck?authuser=0&hl=es-419&rclk=1","-33.3554884","-70.531741","Lo Barnechea","Metropolitana","Chile","Google Maps web scraping con Playwright","2026-05-24","Completo","No","","","","","","","","","","","","","","","","","","","","","","","",""
"Tommy Beans La Dehesa","4.7","44","Av. La Dehesa 2035, local 5, 7691188 Lo Barnechea, Región Metropolitana","","http://www.tommybeans.cl/","Restaurante mexicano","https://www.google.com/maps/place/Tommy+Beans+La+Dehesa/data=!4m7!3m6!1s0x9662cb005dca5703:0x414e11a4df2d0974!8m2!3d-33.3520201!4d-70.5184035!16s%2Fg%2F11y0pm7506!19sChIJA1fKXQDLYpYRdAkt36QRTkE?authuser=0&hl=es-419&rclk=1","-33.3520201","-70.5184035","Lo Barnechea","Metropolitana","Chile","Google Maps web scraping con Playwright","2026-05-24","Sin teléfono","Sí","","","","","","","","","","","","","","","","Sin teléfono visible","","","","","","","",""
"Comida China Barrio Nuevo (Delivery)","4.6","77","Comandante Malbec 13486, 7690219 Lo Barnechea, Región Metropolitana","(2) 2216 4169","http://barrionuevochino.cl/","Restaurante","https://www.google.com/maps/place/Comida+China+Barrio+Nuevo+%28Delivery%29/data=!4m7!3m6!1s0x9662cb8f5add65df:0xc162677888f877a7!8m2!3d-33.3567432!4d-70.5107276!16s%2Fg%2F11fjz_4j9y!19sChIJ32XdWo_LYpYRp3f4iHhnYsE?authuser=0&hl=es-419&rclk=1","-33.3567432","-70.5107276","Lo Barnechea","Metropolitana","Chile","Google Maps web scraping con Playwright","2026-05-24","Completo","No","","","","","","","","","","","","","","","","Revisar: parece delivery","","","","","","","",""
"Acevichados Lo Barnechea","4.2","19","Padre Alfredo Arteaga Barros 550, 7690000 Lo Barnechea, Región Metropolitana","9 4739 7381","https://acevichados.cl/","Restaurante japonés","https://www.google.com/maps/place/Acevichados+Lo+Barnechea/data=!4m7!3m6!1s0x9662cbca42fe1849:0x653b5f233f977717!8m2!3d-33.3618654!4d-70.5090487!16s%2Fg%2F11zj4v3p5v!19sChIJSRj-QsrLYpYRF3eXPyNfO2U?authuser=0&hl=es-419&rclk=1","-33.3618654","-70.5090487","Lo Barnechea","Metropolitana","Chile","Google Maps web scraping con Playwright","2026-05-24","Completo","Sí","","","","","","","","","","","","","","","","","","","","","","","",""
"LA RONERIA","4.6","544","Condell 1026, 7501294 Providencia, Región Metropolitana","9 4935 4818","https://instagram.com/laroneriachile?igshid=YmMyMTA2M2Y=","Bar restaurante","https://www.google.com/maps/place/LA+RONERIA/data=!4m7!3m6!1s0x9662c5e4181a9119:0xd2cc84d8a89d65ff!8m2!3d-33.4442563!4d-70.6263982!16s%2Fg%2F11ttbb9wbp!19sChIJGZEaGOTFYpYR_2WdqNiEzNI?authuser=0&hl=es-419&rclk=1","-33.4442563","-70.6263982","Providencia","Metropolitana","Chile","Google Maps web scraping con Playwright","2026-05-24","Completo","Sí","","","","","","","","","","","","","","","","","","","","","","","",""
"Casa Salvo Café","4.9","94","General Salvo 18, Gral. Salvo 20, 7500000 Santiago, Providencia, Región Metropolitana","9 5410 7550","https://www.instagram.com/casasalvo.cl?igsh=MTlpaTl0cHdhbTBiNQ==","Cafetería","https://www.google.com/maps/place/Casa+Salvo+Caf%C3%A9/data=!4m7!3m6!1s0x9662c5c90d316247:0xb595b318dc7c828!8m2!3d-33.4333428!4d-70.6254437!16s%2Fg%2F11kjl39y_j!19sChIJR2IxDcnFYpYRKMjHjTFbWQs?authuser=0&hl=es-419&rclk=1","-33.4333428","-70.6254437","Providencia","Metropolitana","Chile","Google Maps web scraping con Playwright","2026-05-24","Completo","No","","","","","","","","","","","","","","","","Revisar: parece cafeteria; Revisar: parece cafe","","","","","","","",""
"Restaurant Mendo's (Providencia)","4.4","690","Seminario 96, Santiago, Providencia, Región Metropolitana","(2) 2341 8964","","Restaurante peruano","https://www.google.com/maps/place/Restaurant+Mendo%27s+%28Providencia%29/data=!4m7!3m6!1s0x9662c5825ac29363:0x1ea085937e5e9fd3!8m2!3d-33.44065!4d-70.6298941!16s%2Fg%2F1q62d7s21!19sChIJY5PCWoLFYpYR059efpOFoB4?authuser=0&hl=es-419&rclk=1","-33.44065","-70.6298941","Providencia","Metropolitana","Chile","Google Maps web scraping con Playwright","2026-05-24","Parcial","Sí","","","","","","","","","","","","","","","","","","","","","","","",""
"Avenida Gourmet","5.0","47","Av. Providencia 1033, 7500620 Providencia, Región Metropolitana","(2) 3339 9207","https://www.lacarte.cl/menu/163/avenida-gourmet/","Restaurante","https://www.google.com/maps/place/Avenida+Gourmet/data=!4m7!3m6!1s0x9662c5d3c3a0327f:0x5b4f8ea98c11123a!8m2!3d-33.4307603!4d-70.6228736!16s%2Fg%2F11qvd8gj2r!19sChIJfzKgw9PFYpYROhIRjKmOT1s?authuser=0&hl=es-419&rclk=1","-33.4307603","-70.6228736","Providencia","Metropolitana","Chile","Google Maps web scraping con Playwright","2026-05-24","Completo","Sí","","","","","","","","","","","","","","","","","","","","","","","",""
"Campo Marzio Pinseria","4.9","276","Av. Los Leones 2475, 7511180 Providencia, Región Metropolitana","9 9420 1020","https://linktr.ee/CampoMarzioPinseria","Pizzería","https://www.google.com/maps/place/Campo+Marzio+Pinseria/data=!4m7!3m6!1s0x9662cfef84d6c481:0x1d67c48bfb65c91!8m2!3d-33.4418156!4d-70.5998159!16s%2Fg%2F11ptnyx94c!19sChIJgcTWhO_PYpYRkVy2v0h81gE?authuser=0&hl=es-419&rclk=1","-33.4418156","-70.5998159","Providencia","Metropolitana","Chile","Google Maps web scraping con Playwright","2026-05-24","Completo","Sí","","","","","","","","","","","","","","","","","","","","","","","",""
"PISO UNO","4.4","47","Sta. Magdalena 116, 7510057 Providencia, Región Metropolitana","(2) 2840 1800","http://www.pisounorestaurant.cl/","Restaurante","https://www.google.com/maps/place/PISO+UNO/data=!4m7!3m6!1s0x9662cf67d3563f4f:0x117c17525a6bdf68!8m2!3d-33.4202915!4d-70.6099986!16s%2Fg%2F11fy4nwztv!19sChIJTz9W02fPYpYRaN9rWlIXfBE?authuser=0&hl=es-419&rclk=1","-33.4202915","-70.6099986","Providencia","Metropolitana","Chile","Google Maps web scraping con Playwright","2026-05-24","Completo","Sí","","","","","","","","","","","","","","","","","","","","","","","",""
"El Zocalo Providencia","4.2","13","Av. Providencia 455, Local 107, 7500709 Santiago, Providencia, Región Metropolitana","9 4888 4107","http://www.elzocalo.cl/","Restaurante mexicano","https://www.google.com/maps/place/El+Zocalo+Providencia/data=!4m7!3m6!1s0x9662cf950b0d289d:0x938a857693a2039!8m2!3d-33.4352771!4d-70.6274337!16s%2Fg%2F11f7r42nz6!19sChIJnSgNC5XPYpYROSA6aVeoOAk?authuser=0&hl=es-419&rclk=1","-33.4352771","-70.6274337","Providencia","Metropolitana","Chile","Google Maps web scraping con Playwright","2026-05-24","Completo","Sí","","","","","","","","","","","","","","","","","","","","","","","",""
"Sociedad 0306 Restaurant","4.4","776","Av. Sta. Isabel 0306, 7500000 Providencia, Región Metropolitana","9 6427 5043","https://www.instagram.com/sociedad0306","Restaurante","https://www.google.com/maps/place/Sociedad+0306+Restaurant/data=!4m7!3m6!1s0x9662c5fe45c7d5b1:0x60c941e4e5ed2ad!8m2!3d-33.4464804!4d-70.6271165!16s%2Fg%2F11q40p33w9!19sChIJsdXHRf7FYpYRrdJeTh6UDAY?authuser=0&hl=es-419&rclk=1","-33.4464804","-70.6271165","Providencia","Metropolitana","Chile","Google Maps web scraping con Playwright","2026-05-24","Completo","Sí","","","","","","","","","","","","","","","","","","","","","","","",""
"PECES DE CIUDAD Bar Restaurant","4.6","519","Condell 1333, 7501485 Providencia, Región Metropolitana","9 2379 5122","https://l.instagram.com/?u=https%3A%2F%2Ffiweex.com%2Flinks%2Fpecesdeciudad%3Futm_source%3Dig%26utm_medium%3Dsocial%26utm_content%3Dlink_in_bio%26fbclid%3DPAZXh0bgNhZW0CMTEAc3J0YwZhcHBfaWQMMjU2MjgxMDQwNTU4AAGnUKjoptzAzK0TDLPQ0EL5GOUD4taR_jZwHqSM5IKht-ELZEtETQibsgfKFVM_aem_aY5jyG89y88ZgFgi3ywr4g&e=AT6PIssC5VtOZgTiiRogyiTA5A0eg256thrKMcVG45m3KgCu3l3jgb1FGygb-FerngOmfCkWkV_J_ejJ0i6VtlY3t6v2WLxKLxPqlLY_D1jPZkprKsfUgni9Cg","Bar restaurante","https://www.google.com/maps/place/PECES+DE+CIUDAD+Bar+Restaurant/data=!4m7!3m6!1s0x9662c5686ecd9e39:0xdc142c87703d395d!8m2!3d-33.4470241!4d-70.6261108!16s%2Fg%2F11rhnq5_03!19sChIJOZ7NbmjFYpYRXTk9cIcsFNw?authuser=0&hl=es-419&rclk=1","-33.4470241","-70.6261108","Providencia","Metropolitana","Chile","Google Maps web scraping con Playwright","2026-05-24","Completo","Sí","","","","","","","","","","","","","","","","","","","","","","","",""
"Taipá Cevichería","4.9","284","Dardignac 081 providencia, 8320000 Santiago, Providencia, Región Metropolitana","9 4574 2092","https://mi.cuaaq.com/negocio/taip%C3%A1","Restaurante peruano","https://www.google.com/maps/place/Taip%C3%A1+Cevicher%C3%ADa/data=!4m7!3m6!1s0x9662c5fd16871d07:0x733f82fbe132d779!8m2!3d-33.4333025!4d-70.6349334!16s%2Fg%2F11v12w5m3z!19sChIJBx2HFv3FYpYRedcy4fuCP3M?authuser=0&hl=es-419&rclk=1","-33.4333025","-70.6349334","Providencia","Metropolitana","Chile","Google Maps web scraping con Playwright","2026-05-24","Completo","Sí","","","","","","","","","","","","","","","","","","","","","","","",""
"Mirchi - The Aroma","4.8","113","Centro Comercial Cantagallo - Nueva Las Condes 12253, local 80-81, 7550000 Las Condes, Región Metropolitana","9 7796 0058","http://mirchi.cl/","Restaurante indio","https://www.google.com/maps/place/Mirchi+-+The+Aroma/data=!4m7!3m6!1s0x9662cb606be2f0bf:0xfff8a35852ba5ec8!8m2!3d-33.373971!4d-70.518134!16s%2Fg%2F11vyt8jmnx!19sChIJv_Dia2DLYpYRyF66Ulij-P8?authuser=0&hl=es-419&rclk=1","-33.373971","-70.518134","La Reina","Metropolitana","Chile","Google Maps web scraping con Playwright","2026-05-24","Completo","Sí","","","","","","","","","","","","","","","","","","","","","","","",""
"Sushiban La Reina","5.0","3","Aguas Claras 1700, Local 11, 7850000 La Reina, Región Metropolitana","9 9158 6790","http://www.sushiban.cl/","Restaurante","https://www.google.com/maps/place/Sushiban+La+Reina/data=!4m7!3m6!1s0x9662cf8060ee1dab:0x241bb03a457cf55b!8m2!3d-33.4391643!4d-70.5568457!16s%2Fg%2F11yz_mhncc!19sChIJqx3uYIDPYpYRW_V8RTqwGyQ?authuser=0&hl=es-419&rclk=1","-33.4391643","-70.5568457","La Reina","Metropolitana","Chile","Google Maps web scraping con Playwright","2026-05-24","Completo","Sí","","","","","","","","","","","","","","","","","","","","","","","",""
"Sushi Ryge La Reina","4.3","296","Av. Larraín 6738, 7850000 La Reina, Región Metropolitana","(2) 3315 3107","http://www.ryge.cl/","Restaurante","https://www.google.com/maps/place/Sushi+Ryge+La+Reina/data=!4m7!3m6!1s0x9662cf3642e619e3:0xf44409c635a5e38!8m2!3d-33.4520405!4d-70.5601003!16s%2Fg%2F11s_z5pq8l!19sChIJ4xnmQjbPYpYROF5aY5xARA8?authuser=0&hl=es-419&rclk=1","-33.4520405","-70.5601003","La Reina","Metropolitana","Chile","Google Maps web scraping con Playwright","2026-05-24","Completo","Sí","","","","","","","","","","","","","","","","","","","","","","","",""
"La Fabbrica - Club de Jazz","4.4","35","Av. Ossa 123, 7870151 La Reina, Región Metropolitana","9 8361 0548","http://la-fabbrica.cl/","Restaurante","https://www.google.com/maps/place/La+Fabbrica+-+Club+de+Jazz/data=!4m7!3m6!1s0x9662ce4a51870ab3:0xd7653b7c7b998404!8m2!3d-33.452014!4d-70.5703667!16s%2Fg%2F11c0phgbh6!19sChIJswqHUUrOYpYRBISZe3w7Zdc?authuser=0&hl=es-419&rclk=1","-33.452014","-70.5703667","La Reina","Metropolitana","Chile","Google Maps web scraping con Playwright","2026-05-24","Completo","Sí","","","","","","","","","","","","","","","","","","","","","","","",""
"Betty Delicateces","4.6","156","Av. Alcalde Fernando Castillo Velasco 6978, 7850000 La Reina, Región Metropolitana","(2) 3362 7402","https://web.facebook.com/profile.php?id=61551395398290","Pastelería","https://www.google.com/maps/place/Betty+Delicateces/data=!4m7!3m6!1s0x9662ce4076fde3fb:0xb8efd40539fb07c8!8m2!3d-33.4516881!4d-70.5558233!16s%2Fg%2F1tjdy2wl!19sChIJ--P9dkDOYpYRyAf7OQXU77g?authuser=0&hl=es-419&rclk=1","-33.4516881","-70.5558233","La Reina","Metropolitana","Chile","Google Maps web scraping con Playwright","2026-05-24","Completo","No","","","","","","","","","","","","","","","","Revisar: parece pasteleria","","","","","","","",""
"Tai Long","4.6","130","Valenzuela Llanos 1346, 7860075 La Reina, Región Metropolitana","(2) 2273 0991","","Comida china para llevar","https://www.google.com/maps/place/Tai+Long/data=!4m7!3m6!1s0x9662ce70d9ebd50f:0x7f4d7125511ff704!8m2!3d-33.4399532!4d-70.5334153!16s%2Fg%2F1td4frp9!19sChIJD9Xr2XDOYpYRBPcfUSVxTX8?authuser=0&hl=es-419&rclk=1","-33.4399532","-70.5334153","La Reina","Metropolitana","Chile","Google Maps web scraping con Playwright","2026-05-24","Parcial","Sí","","","","","","","","","","","","","","","","","","","","","","","",""
"Relativo - Restaurante en La Reina","4.3","109","Av. Príncipe de Gales 6681, 7850709 La Reina, Región Metropolitana","(2) 3307 5351","http://www.relativo.cl/","Restaurante de comida rápida","https://www.google.com/maps/place/Relativo+-+Restaurante+en+La+Reina/data=!4m7!3m6!1s0x9662cfd230db1d7f:0x7c851a3f277f3149!8m2!3d-33.4387321!4d-70.5627852!16s%2Fg%2F11v9mkh1gd!19sChIJfx3bMNLPYpYRSTF_Jz8ahXw?authuser=0&hl=es-419&rclk=1","-33.4387321","-70.5627852","La Reina","Metropolitana","Chile","Google Maps web scraping con Playwright","2026-05-24","Completo","Sí","","","","","","","","","","","","","","","","Revisar: parece comida rapida","","","","","","","",""
"Clasico el Dante","3.6","796","Av. Irarrázaval 3482, 7790827 Ñuñoa, Región Metropolitana","9 6469 8510","","Bar restaurante","https://www.google.com/maps/place/Clasico+el+Dante/data=!4m7!3m6!1s0x9662cfbefa2e9bc5:0x1e1d7ddf3baebe0a!8m2!3d-33.455137!4d-70.5945072!16s%2Fg%2F11bztvjjb9!19sChIJxZsu-r7PYpYRCr6uO999HR4?authuser=0&hl=es-419&rclk=1","-33.455137","-70.5945072","Ñuñoa","Metropolitana","Chile","Google Maps web scraping con Playwright","2026-05-24","Parcial","Sí","","","","","","","","","","","","","","","","","","","","","","","",""
"Uncle Fletch Ñuñoa","4.4","90","Jorge Washington, Boulevard Plaza 111, Ñuñoa, Región Metropolitana","9 5428 6770","https://d.oplk.me/unclefletch","Restaurante","https://www.google.com/maps/place/Uncle+Fletch+%C3%91u%C3%B1oa/data=!4m7!3m6!1s0x9662cfbe9110b4c1:0xc9ca952d1458398a!8m2!3d-33.4539352!4d-70.593908!16s%2Fg%2F11cnq4fvh4!19sChIJwbQQkb7PYpYRijlYFC2Vysk?authuser=0&hl=es-419&rclk=1","-33.4539352","-70.593908","Ñuñoa","Metropolitana","Chile","Google Maps web scraping con Playwright","2026-05-24","Completo","Sí","","","","","","","","","","","","","","","","","","","","","","","",""
"Patio de Comidas Portal Ñuñoa","4.2","55","Av. Grecia 3201, 7800001 Ñuñoa, Región Metropolitana","","","Zona de restauración","https://www.google.com/maps/place/Patio+de+Comidas+Portal+%C3%91u%C3%B1oa/data=!4m7!3m6!1s0x9662cfe23d5b177f:0x2bc61aad3b869210!8m2!3d-33.4649517!4d-70.5980034!16s%2Fg%2F11gl20y9hv!19sChIJfxdbPeLPYpYREJKGO60axis?authuser=0&hl=es-419&rclk=1","-33.4649517","-70.5980034","Ñuñoa","Metropolitana","Chile","Google Maps web scraping con Playwright","2026-05-24","Sin teléfono","Sí","","","","","","","","","","","","","","","","Sin teléfono visible","","","","","","","",""
"Restaurante El Puro Perú - Ñuñoa","3.9","642","Av. José Pedro Alessandri 1809, 7780266 Ñuñoa, Región Metropolitana","(2) 2401 9290","https://www.elpuroperu.cl/","Restaurante peruano","https://www.google.com/maps/place/Restaurante+El+Puro+Per%C3%BA+-+%C3%91u%C3%B1oa/data=!4m7!3m6!1s0x9662cfe79328fab7:0x57668c28e06b33c9!8m2!3d-33.4712431!4d-70.5988422!16s%2Fg%2F11fy_r_9ll!19sChIJt_ook-fPYpYRyTNr4CiMZlc?authuser=0&hl=es-419&rclk=1","-33.4712431","-70.5988422","Ñuñoa","Metropolitana","Chile","Google Maps web scraping con Playwright","2026-05-24","Completo","Sí","","","","","","","","","","","","","","","","","","","","","","","",""
"El Gusto Peruano","4.5","64","Av. Italia 1753, 7770207 Ñuñoa, Región Metropolitana","","http://www.elgustoperuano.cl/","Restaurante peruano","https://www.google.com/maps/place/El+Gusto+Peruano/data=!4m7!3m6!1s0x9662c57d1afc8f31:0x508351c5cac37196!8m2!3d-33.4504899!4d-70.6240877!16s%2Fg%2F11clsxmy10!19sChIJMY_8Gn3FYpYRlnHDysVRg1A?authuser=0&hl=es-419&rclk=1","-33.4504899","-70.6240877","Ñuñoa","Metropolitana","Chile","Google Maps web scraping con Playwright","2026-05-24","Sin teléfono","Sí","","","","","","","","","","","","","","","","Sin teléfono visible","","","","","","","",""
"Insert Coin Bar - Ñuñoa","4.3","20","José Domingo Cañas 2306, 7750131 Ñuñoa, Región Metropolitana","","http://www.insertcoin.cl/","Restaurante","https://www.google.com/maps/place/Insert+Coin+Bar+-+%C3%91u%C3%B1oa/data=!4m7!3m6!1s0x9662cf8e312d03ff:0x548b2556916a31a6!8m2!3d-33.4566659!4d-70.6075031!16s%2Fg%2F1q64p7jz6!19sChIJ_wMtMY7PYpYRpjFqkVYli1Q?authuser=0&hl=es-419&rclk=1","-33.4566659","-70.6075031","Ñuñoa","Metropolitana","Chile","Google Maps web scraping con Playwright","2026-05-24","Sin teléfono","Sí","","","","","","","","","","","","","","","","Sin teléfono visible","","","","","","","",""
"Streat Burger | La Florida","4.2","267","Av. La Florida 8988, Local 1628, 8241429 La Florida, Región Metropolitana","","https://streat.cl/","Hamburguesería","https://www.google.com/maps/place/Streat+Burger+%7C+La+Florida/data=!4m7!3m6!1s0x9662d1193ac178a1:0xab096048c7e2da11!8m2!3d-33.534915!4d-70.573338!16s%2Fg%2F11sdsnv19h!19sChIJoXjBOhnRYpYREdrix0hgCas?authuser=0&hl=es-419&rclk=1","-33.534915","-70.573338","La Florida","Metropolitana","Chile","Google Maps web scraping con Playwright","2026-05-24","Sin teléfono","No","","","","","","","","","","","","","","","","Revisar: parece hamburgueseria; Sin teléfono visible","","","","","","","",""
"Restaurant Parrilladas Bright Gran Avenida La Cisterna","4.4","478","Gran Av. José Miguel Carrera 8455, 7970653 La Cisterna, Región Metropolitana","9 6566 7616","http://parrilladasbright.cl/","Restaurante","https://www.google.com/maps/place/Restaurant+Parrilladas+Bright+Gran+Avenida+La+Cisterna/data=!4m7!3m6!1s0x9662da55e0a57aaf:0x6afabd9b4eaa2fe6!8m2!3d-33.532585!4d-70.663244!16s%2Fg%2F1th834m9!19sChIJr3ql4FXaYpYR5i-qTpu9-mo?authuser=0&hl=es-419&rclk=1","-33.532585","-70.663244","La Florida","Metropolitana","Chile","Google Maps web scraping con Playwright","2026-05-24","Completo","Sí","","","","","","","","","","","","","","","","","","","","","","","",""
"La Junta Sandwichera","4.4","49","Gral Arriagada 371, 8310025 La Florida, Región Metropolitana","","","Restaurante","https://www.google.com/maps/place/La+Junta+Sandwichera/data=!4m7!3m6!1s0x9662d0cedecb5863:0xa81057e194e9dcfa!8m2!3d-33.5576358!4d-70.5908471!16s%2Fg%2F11fy_qst5w!19sChIJY1jL3s7QYpYR-tzplOFXEKg?authuser=0&hl=es-419&rclk=1","-33.5576358","-70.5908471","La Florida","Metropolitana","Chile","Google Maps web scraping con Playwright","2026-05-24","Sin teléfono","Sí","","","","","","","","","","","","","","","","Revisar: parece sandwich; Sin teléfono visible","","","","","","","",""
"El Valenciano - Mall Plaza Vespucio","4.8","293","Terrazas del Mall - Av. Américo Vespucio, 7820830 La Florida, Región Metropolitana","9 3244 5838","https://www.elvalenciano.cl/","Restaurante","https://www.google.com/maps/place/El+Valenciano+-+Mall+Plaza+Vespucio/data=!4m7!3m6!1s0x9662d14a25a424ef:0xefa67d84dbfb7fbb!8m2!3d-33.5166469!4d-70.5973163!16s%2Fg%2F11xvz83f96!19sChIJ7ySkJUrRYpYRu3_724R9pu8?authuser=0&hl=es-419&rclk=1","-33.5166469","-70.5973163","La Florida","Metropolitana","Chile","Google Maps web scraping con Playwright","2026-05-24","Completo","Sí","","","","","","","","","","","","","","","","","","","","","","","",""
"Restaurant Lima Rios","4.4","617","Trípoli 9897, La Florida, Región Metropolitana","(72) 269 6271","https://limarios.cl/","Restaurante peruano","https://www.google.com/maps/place/Restaurant+Lima+Rios/data=!4m7!3m6!1s0x9662d1ed959b9b03:0xb0b7ca5342ad58f1!8m2!3d-33.5473425!4d-70.5708979!16s%2Fg%2F11gjhjq42t!19sChIJA5uble3RYpYR8VitQlPKt7A?authuser=0&hl=es-419&rclk=1","-33.5473425","-70.5708979","La Florida","Metropolitana","Chile","Google Maps web scraping con Playwright","2026-05-24","Completo","Sí","","","","","","","","","","","","","","","","","","","","","","","",""
"Restaurant El Chavin","4.1","235","Av. San José de la Estrella 850, La Florida, Región Metropolitana","9 6195 6012","https://restauranteelchavin.cl/","Restaurante","https://www.google.com/maps/place/Restaurant+El+Chavin/data=!4m7!3m6!1s0x9662d0c79a7f3f0d:0x3044ff2223134a09!8m2!3d-33.5528588!4d-70.5761585!16s%2Fg%2F11fyj7vjvs!19sChIJDT9_msfQYpYRCUoTIyL_RDA?authuser=0&hl=es-419&rclk=1","-33.5528588","-70.5761585","La Florida","Metropolitana","Chile","Google Maps web scraping con Playwright","2026-05-24","Completo","Sí","","","","","","","","","","","","","","","","","","","","","","","",""
"Caiquén, Estadio Español","4.9","16","Av. España 802, 3340000 Curicó, Maule","9 8897 6729","https://caiquenrestaurante.cl/","Restaurante","https://www.google.com/maps/place/Caiqu%C3%A9n,+Estadio+Espa%C3%B1ol/data=!4m7!3m6!1s0x9664574726056cf7:0xa8cbca1fcd16087e!8m2!3d-34.9852857!4d-71.2229185!16s%2Fg%2F11vpfb_zb3!19sChIJ92wFJkdXZJYRfggWzR_Ky6g?authuser=0&hl=es-419&rclk=1","-34.9852857","-71.2229185","Curicó","Maule","Chile","Google Maps web scraping con Playwright","2026-05-24","Completo","Sí","","","","","","","","","","","","","","","","","","","","","","","",""
"Raymi Curicó","4.3","116","Cam. A Zapallar, Km 1.4, 3340000 Curicó, Maule","9 4135 7130","http://www.instagram.com/raymi_curico/","Restaurante peruano","https://www.google.com/maps/place/Raymi+Curic%C3%B3/data=!4m7!3m6!1s0x96645785948fdb41:0xa6332deaf46b25f9!8m2!3d-34.9938889!4d-71.2064093!16s%2Fg%2F11v0yqxcd9!19sChIJQduPlIVXZJYR-SVr9OotM6Y?authuser=0&hl=es-419&rclk=1","-34.9938889","-71.2064093","Curicó","Maule","Chile","Google Maps web scraping con Playwright","2026-05-24","Completo","Sí","","","","","","","","","","","","","","","","","","","","","","","",""
"Estadio Español de Curico","4.5","370","Av. España 802, 3340000 Curicó, Maule","(75) 231 0383","http://estadioespanolcurico.cl/web/","Restaurante","https://www.google.com/maps/place/Estadio+Espa%C3%B1ol+de+Curico/data=!4m7!3m6!1s0x966457b0b172e3e3:0x8571f3c83e9634be!8m2!3d-34.9853057!4d-71.2229919!16s%2Fg%2F1td8_b42!19sChIJ4-NysbBXZJYRvjSWPsjzcYU?authuser=0&hl=es-419&rclk=1","-34.9853057","-71.2229919","Curicó","Maule","Chile","Google Maps web scraping con Playwright","2026-05-24","Completo","Sí","","","","","","","","","","","","","","","","","","","","","","","",""
"Mamut","3.8","15","201 Avenida Liber Bernardo O'higgins, Curicó, Maule","(75) 254 3330","http://www.malldecurico.cl/tiendas/mamut/","Restaurante","https://www.google.com/maps/place/Mamut/data=!4m7!3m6!1s0x966457069487eaf7:0xd52b53c9f094e961!8m2!3d-34.9910311!4d-71.2440955!16s%2Fg%2F11bycjy4fv!19sChIJ9-qHlAZXZJYRYemU8MlTK9U?authuser=0&hl=es-419&rclk=1","-34.9910311","-71.2440955","Curicó","Maule","Chile","Google Maps web scraping con Playwright","2026-05-24","Completo","Sí","","","","","","","","","","","","","","","","","","","","","","","",""
"Tu Cachapa Curicó","4.9","19","Av. Manso de Velasco 594, 3341861 Curicó, Maule","9 2008 4810","","Restaurante de comida rápida","https://www.google.com/maps/place/Tu+Cachapa+Curic%C3%B3/data=!4m7!3m6!1s0x96645700574af635:0x70dd6914b9f64b3c!8m2!3d-34.98442!4d-71.23356!16s%2Fg%2F11y4z_0xd1!19sChIJNfZKVwBXZJYRPEv2uRRp3XA?authuser=0&hl=es-419&rclk=1","-34.98442","-71.23356","Curicó","Maule","Chile","Google Maps web scraping con Playwright","2026-05-24","Parcial","Sí","","","","","","","","","","","","","","","","Revisar: parece comida rapida","","","","","","","",""
"ComoRoble Restaurant","4.7","569","Longitudinal Sur, Curicó, Romeral, Maule","9 9449 1072","","Restaurante","https://www.google.com/maps/place/ComoRoble+Restaurant/data=!4m7!3m6!1s0x9664f809c6e11b3d:0x887c8c479ee63490!8m2!3d-34.960998!4d-71.1910314!16s%2Fg%2F11f57s2shf!19sChIJPRvhxgn4ZJYRkDTmnkeMfIg?authuser=0&hl=es-419&rclk=1","-34.960998","-71.1910314","Curicó","Maule","Chile","Google Maps web scraping con Playwright","2026-05-24","Parcial","Sí","","","","","","","","","","","","","","","","","","","","","","","",""
"La Serrana Curicó","3.5","46","Av. O´Higgins 201 local R05, La Serrana Curicó, 3341972 Maule, Curicó, Maule","","http://www.laserrana.cl/","Pizzería","https://www.google.com/maps/place/La+Serrana+Curic%C3%B3/data=!4m7!3m6!1s0x9664579413265f0b:0x80fa8a72b41f5c3b!8m2!3d-34.9921723!4d-71.2447299!16s%2Fg%2F11n00mcmzx!19sChIJC18mE5RXZJYRO1wftHKK-oA?authuser=0&hl=es-419&rclk=1","-34.9921723","-71.2447299","Curicó","Maule","Chile","Google Maps web scraping con Playwright","2026-05-24","Sin teléfono","Sí","","","","","","","","","","","","","","","","Sin teléfono visible","","","","","","","",""
"Café Menta","4.6","489","Jesús Pons 563, 3341708 Curicó, Maule","9 4424 1052","","Cafetería","https://www.google.com/maps/place/Caf%C3%A9+Menta/data=!4m7!3m6!1s0x966457b9309584cf:0xf33ade150e3a1f07!8m2!3d-34.9840699!4d-71.2268227!16s%2Fg%2F11sd769m22!19sChIJz4SVMLlXZJYRBx86DhXeOvM?authuser=0&hl=es-419&rclk=1","-34.9840699","-71.2268227","Curicó","Maule","Chile","Google Maps web scraping con Playwright","2026-05-24","Parcial","No","","","","","","","","","","","","","","","","Revisar: parece cafeteria; Revisar: parece cafe","","","","","","","",""
"Dynos Restaurant","4.2","367","El Roble 712, Chillán, Ñuble","9 4419 9888","http://www.dynos.cl/","Restaurante","https://www.google.com/maps/place/Dynos+Restaurant/data=!4m7!3m6!1s0x96692829e8d18e7d:0x83075ef3e6dfa70a!8m2!3d-36.6092877!4d-72.1013211!16s%2Fg%2F11c1txvd8z!19sChIJfY7R6CkoaZYRCqff5vNeB4M?authuser=0&hl=es-419&rclk=1","-36.6092877","-72.1013211","Chillán","Ñuble","Chile","Google Maps web scraping con Playwright","2026-05-24","Completo","Sí","","","","","","","","","","","","","","","","","","","","","","","",""
"Sanguchon Criollo","4.4","676","Av. O'Higgins 2448, 3820000 Biobío, Chillán Viejo, Ñuble","(42) 254 9306","","Restaurante","https://www.google.com/maps/place/Sanguchon+Criollo/data=!4m7!3m6!1s0x9669281aa2103377:0x906601549f97f6ee!8m2!3d-36.6226687!4d-72.1284751!16s%2Fg%2F11c5j4jrwg!19sChIJdzMQohooaZYR7vaXn1QBZpA?authuser=0&hl=es-419&rclk=1","-36.6226687","-72.1284751","Chillán","Ñuble","Chile","Google Maps web scraping con Playwright","2026-05-24","Parcial","Sí","","","","","","","","","","","","","","","","","","","","","","","",""
"Restaurante Paraiso Oriental","4.3","551","Constitución 717, 3800740 Chillán, Ñuble","(42) 221 2296","","Restaurante cantonés","https://www.google.com/maps/place/Restaurante+Paraiso+Oriental/data=!4m7!3m6!1s0x9668d7d61cb05ff9:0x2c18d60ff28192d0!8m2!3d-36.60787!4d-72.1009365!16s%2Fg%2F1tdfpgv9!19sChIJ-V-wHNbXaJYR0JKB8g_WGCw?authuser=0&hl=es-419&rclk=1","-36.60787","-72.1009365","Chillán","Ñuble","Chile","Google Maps web scraping con Playwright","2026-05-24","Parcial","Sí","","","","","","","","","","","","","","","","","","","","","","","",""
"La Crepería","4.3","31","Constitución 1044, 3800827 Chillán, Ñuble","9 4212 7123","https://m.facebook.com/lacreperia.chillan","Restaurante","https://www.google.com/maps/place/La+Creper%C3%ADa/data=!4m7!3m6!1s0x966929cbf19ea36d:0x40edb4ca2585ef2e!8m2!3d-36.609376!4d-72.0960933!16s%2Fg%2F11h269m_tl!19sChIJbaOe8cspaZYRLu-FJcq07UA?authuser=0&hl=es-419&rclk=1","-36.609376","-72.0960933","Chillán","Ñuble","Chile","Google Maps web scraping con Playwright","2026-05-24","Completo","Sí","","","","","","","","","","","","","","","","","","","","","","","",""
"Palacio Los Leones","4.2","636","Panamericana, Norte 724, Chillán, Ñuble","(42) 227 7888","https://business.facebook.com/Palacio-Los-Leones-226696528025107/","Restaurante chino","https://www.google.com/maps/place/Palacio+Los+Leones/data=!4m7!3m6!1s0x9668d7c84cdb37e5:0x9e9b9ed0d7e5b0fa!8m2!3d-36.5899581!4d-72.1033554!16s%2Fg%2F11ddwhttwp!19sChIJ5TfbTMjXaJYR-rDl19Cem54?authuser=0&hl=es-419&rclk=1","-36.5899581","-72.1033554","Chillán","Ñuble","Chile","Google Maps web scraping con Playwright","2026-05-24","Completo","Sí","","","","","","","","","","","","","","","","","","","","","","","",""
"Gordito's","4.6","214","Argentina 990 Argentina esquina cocharcas Chillán, 3780000 Biobío, Chillán, Ñuble","(42) 254 2187","","Restaurante","https://www.google.com/maps/place/Gordito%27s/data=!4m7!3m6!1s0x9669282cc3d7cb7f:0x2eeac227e72e246e!8m2!3d-36.6145139!4d-72.0955062!16s%2Fg%2F11c5gf1mfd!19sChIJf8vXwywoaZYRbiQu5yfC6i4?authuser=0&hl=es-419&rclk=1","-36.6145139","-72.0955062","Chillán","Ñuble","Chile","Google Maps web scraping con Playwright","2026-05-24","Parcial","Sí","","","","","","","","","","","","","","","","","","","","","","","",""
"Restoran Le Due Torri","4.6","96","Isidora Goyenechea 2908, 7550033 Las Condes, Región Metropolitana","(2) 2231 3427","https://leduetorri.cl/","Restaurante italiano","https://www.google.com/maps/place/Restoran+Le+Due+Torri/data=!4m7!3m6!1s0x9662cf41ac1b626b:0x70265a35a024ff75!8m2!3d-33.4138015!4d-70.6015633!16s%2Fg%2F1th5knqk!19sChIJa2IbrEHPYpYRdf8koDVaJnA?authuser=0&hl=es-419&rclk=1","-33.4138015","-70.6015633","Las Condes","Metropolitana","Chile","Google Maps web scraping con Playwright","2026-05-25","Completo","Sí","","","","","","","","","","","","","","","","","","","","","","","",""
"Ciro's Bar Isidora","4.2","52","Isidora Goyenechea 2971, 7550116 Las Condes, Santiago de chile","9 2060 4565","https://linktr.ee/ciro_s","Bar restaurante","https://www.google.com/maps/place/Ciro%27s+Bar+Isidora/data=!4m7!3m6!1s0x9662cf40449899b3:0xb23901ec5d9ec24f!8m2!3d-33.4143967!4d-70.5996382!16s%2Fg%2F11f3xgfvg9!19sChIJs5mYREDPYpYRT8KeXewBObI?authuser=0&hl=es-419&rclk=1","-33.4143967","-70.5996382","Las Condes","Metropolitana","Chile","Google Maps web scraping con Playwright","2026-05-25","Completo","Sí","","","","","","","","","","","","","","","","","","","","","","","",""
"Nolita Isidora Goyenechea","4.5","48","Isidora Goyenechea 3456, 7550071 Las Condes, Región Metropolitana","(2) 3339 9594","http://www.nolita.cl/","Restaurante italiano","https://www.google.com/maps/place/Nolita+Isidora+Goyenechea/data=!4m7!3m6!1s0x9662cf3e34280745:0x7a28025c17c68eac!8m2!3d-33.41413!4d-70.5944794!16s%2Fg%2F1tfdfnys!19sChIJRQcoND7PYpYRrI7GF1wCKHo?authuser=0&hl=es-419&rclk=1","-33.41413","-70.5944794","Las Condes","Metropolitana","Chile","Google Maps web scraping con Playwright","2026-05-25","Completo","Sí","","","","","","","","","","","","","","","","","","","","","","","",""
"Restaurante Don Teo Santiago","4.3","68","Balmoral 309, 7550000 Las Condes, Región Metropolitana","","","Restaurante peruano","https://www.google.com/maps/place/Restaurante+Don+Teo+Santiago/data=!4m7!3m6!1s0x9662cfa0569afe47:0xe0453cf70cb9dca1!8m2!3d-33.4062445!4d-70.5696642!16s%2Fg%2F11v5dg7jfn!19sChIJR_6aVqDPYpYRody5DPc8ReA?authuser=0&hl=es-419&rclk=1","-33.4062445","-70.5696642","Las Condes","Metropolitana","Chile","Google Maps web scraping con Playwright","2026-05-25","Sin teléfono","Sí","","","","","","","","","","","","","","","","Sin teléfono visible","","","","","","","",""
"Piano Gourmet Restaurante y Café","4.8","143","Av. Padre Hurtado Nte 77, 7591575 Las Condes, Región Metropolitana","9 9128 7273","http://www.pianogourmet.cl/","Cafetería","https://www.google.com/maps/place/Piano+Gourmet+Restaurante+y+Caf%C3%A9/data=!4m7!3m6!1s0x9662cfc9db72f817:0x449f3256a68a0e89!8m2!3d-33.393639!4d-70.545679!16s%2Fg%2F11whmx2ln1!19sChIJF_hy28nPYpYRiQ6KplYyn0Q?authuser=0&hl=es-419&rclk=1","-33.393639","-70.545679","Las Condes","Metropolitana","Chile","Google Maps web scraping con Playwright","2026-05-25","Completo","No","","","","","","","","","","","","","","","","Revisar: parece cafeteria; Revisar: parece cafe","","","","","","","",""
"IL Pazzo","4.7","352","Alonso de Córdova 5320, 7550000 Las Condes, Región Metropolitana","9 3030 5510","http://www.ilpazzo.cl/","Restaurante","https://www.google.com/maps/place/IL+Pazzo/data=!4m7!3m6!1s0x9662cf9e39fec851:0x76495c6d5c926973!8m2!3d-33.406343!4d-70.5742281!16s%2Fg%2F11m_nwrtnq!19sChIJUcj-OZ7PYpYRc2mSXG1cSXY?authuser=0&hl=es-419&rclk=1","-33.406343","-70.5742281","Las Condes","Metropolitana","Chile","Google Maps web scraping con Playwright","2026-05-25","Completo","Sí","","","","","","","","","","","","","","","","","","","","","","","",""
"La Mesa","4.5","513","Alonso de Córdova 2767, 7630000 Vitacura, Región Metropolitana","9 9072 2461","http://www.restaurantlamesa.com/","Restaurante","https://www.google.com/maps/place/La+Mesa/data=!4m7!3m6!1s0x9662cf89e863dc69:0xd8e5666a83d5ddcd!8m2!3d-33.4009536!4d-70.5971205!16s%2Fg%2F11hzjhshtx!19sChIJadxj6InPYpYRzd3Vg2pm5dg?authuser=0&hl=es-419&rclk=1","-33.4009536","-70.5971205","Vitacura","Metropolitana","Chile","Google Maps web scraping con Playwright","2026-05-25","Completo","Sí","","","","","","","","","","","","","","","","","","","","","","","",""
"Aquí Está Coco","4.5","483","Av. Nueva Costanera 3960, 7630267 Vitacura, Región Metropolitana","9 6341 1510","http://aquiestacoco.cl/","Restaurante","https://www.google.com/maps/place/Aqu%C3%AD+Est%C3%A1+Coco/data=!4m7!3m6!1s0x9662cf0fd17c1585:0x61b13a99d84ed43!8m2!3d-33.3977481!4d-70.5980472!16s%2Fg%2F11s0k225gg!19sChIJhRV80Q_PYpYRQ-2EnakTGwY?authuser=0&hl=es-419&rclk=1","-33.3977481","-70.5980472","Vitacura","Metropolitana","Chile","Google Maps web scraping con Playwright","2026-05-25","Completo","Sí","","","","","","","","","","","","","","","","","","","","","","","",""
"Cala El Mañío","4.5","268","Av Vitacura 3859, 7630358 Vitacura, Región Metropolitana","9 9820 9480","https://calaelmanio.cl/","Restaurante","https://www.google.com/maps/place/Cala+El+Ma%C3%B1%C3%ADo/data=!4m7!3m6!1s0x9662cf81bd29e2b9:0x551b182822f195e4!8m2!3d-33.4007017!4d-70.5923728!16s%2Fg%2F11h7ptkqdv!19sChIJueIpvYHPYpYR5JXxIigYG1U?authuser=0&hl=es-419&rclk=1","-33.4007017","-70.5923728","Vitacura","Metropolitana","Chile","Google Maps web scraping con Playwright","2026-05-25","Completo","Sí","","","","","","","","","","","","","","","","","","","","","","","",""
"Hocha Restaurante de Comida Típica Taiwanesa - Patio La Dehesa","4.7","85","Av. José Alcalde Délano 10425, Local 21, 7690324 Lo Barnechea, Región Metropolitana","(2) 2954 7934","http://www.hocha.cl/","Restaurante asiático","https://www.google.com/maps/place/Hocha+Restaurante+de+Comida+T%C3%ADpica+Taiwanesa+-+Patio+La+Dehesa/data=!4m7!3m6!1s0x9662c97611858c27:0x9c7c6196c38ccd8!8m2!3d-33.3594746!4d-70.5433854!16s%2Fg%2F11sd_8p15m!19sChIJJ4yFEXbJYpYR2Mw4bBnGxwk?authuser=0&hl=es-419&rclk=1","-33.3594746","-70.5433854","Lo Barnechea","Metropolitana","Chile","Google Maps web scraping con Playwright","2026-05-25","Completo","Sí","","","","","","","","","","","","","","","","","","","","","","","",""
"Taberna Sátira Bar Restaurant","4.5","591","Av. Las Condes 14878, 7710050 Lo Barnechea, Región Metropolitana","(2) 2215 6824","http://www.satira.cl/","Bar restaurante","https://www.google.com/maps/place/Taberna+S%C3%A1tira+Bar+Restaurant/data=!4m7!3m6!1s0x9662cb910119b25b:0x21f8b1da2aee6625!8m2!3d-33.3638333!4d-70.494587!16s%2Fg%2F11bbt6n6s7!19sChIJW7IZAZHLYpYRJWbuKtqx-CE?authuser=0&hl=es-419&rclk=1","-33.3638333","-70.494587","Lo Barnechea","Metropolitana","Chile","Google Maps web scraping con Playwright","2026-05-25","Completo","Sí","","","","","","","","","","","","","","","","","","","","","","","",""
"Restaurant Valle Escondido","4.5","67","Lo Barnechea, Región Metropolitana","","","Restaurante","https://www.google.com/maps/place/Restaurant+Valle+Escondido/data=!4m7!3m6!1s0x9662cba34e975a89:0xd84fddbbfc111471!8m2!3d-33.3506037!4d-70.4903391!16s%2Fg%2F11d_31qrdn!19sChIJiVqXTqPLYpYRcRQR_LvdT9g?authuser=0&hl=es-419&rclk=1","-33.3506037","-70.4903391","Lo Barnechea","Metropolitana","Chile","Google Maps web scraping con Playwright","2026-05-25","Sin teléfono","Sí","","","","","","","","","","","","","","","","Sin teléfono visible","","","","","","","",""
"La Antojería","4.6","30","Eliodoro Yáñez 1049, 7500725 Providencia, Región Metropolitana","(2) 2235 3900","https://www.laantojeria.cl/Carta-Local","Restaurante","https://www.google.com/maps/place/La+Antojer%C3%ADa/data=!4m7!3m6!1s0x9662cf7d91523a0d:0xf0c24fe0beffea5e!8m2!3d-33.4339209!4d-70.620584!16s%2Fg%2F11bwm2dztf!19sChIJDTpSkX3PYpYRXur_vuBPwvA?authuser=0&hl=es-419&rclk=1","-33.4339209","-70.620584","Providencia","Metropolitana","Chile","Google Maps web scraping con Playwright","2026-05-25","Completo","Sí","","","","","","","","","","","","","","","","","","","","","","","",""
"Siria Restaurant","4.8","44","Marín 415, 7501101 Providencia, Región Metropolitana","9 3089 6259","https://www.instagram.com/siriarestaurant","Restaurante","https://www.google.com/maps/place/Siria+Restaurant/data=!4m7!3m6!1s0x9662c566ef658ea5:0x1606d6fa9879ea99!8m2!3d-33.4442392!4d-70.626257!16s%2Fg%2F11r9g2v93m!19sChIJpY5l72bFYpYRmep5mPrWBhY?authuser=0&hl=es-419&rclk=1","-33.4442392","-70.626257","Providencia","Metropolitana","Chile","Google Maps web scraping con Playwright","2026-05-25","Completo","Sí","","","","","","","","","","","","","","","","","","","","","","","",""
"El Fogón de Momo","4.6","80","Condell 806, 7501186 Providencia, Región Metropolitana","(2) 2634 7964","http://www.fogondemomo.cl/","Restaurante","https://www.google.com/maps/place/El+Fog%C3%B3n+de+Momo/data=!4m7!3m6!1s0x9662c57f56de349d:0x5e8c8b0f271ebdc6!8m2!3d-33.4423407!4d-70.6270619!16s%2Fg%2F11csr208y7!19sChIJnTTeVn_FYpYRxr0eJw-LjF4?authuser=0&hl=es-419&rclk=1","-33.4423407","-70.6270619","Providencia","Metropolitana","Chile","Google Maps web scraping con Playwright","2026-05-25","Completo","Sí","","","","","","","","","","","","","","","","","","","","","","","",""
"El Hoyo","4.7","21","Condell 818, 7501186 Providencia, Región Metropolitana","","http://www.elhoyo.cl/","Restaurante","https://www.google.com/maps/place/El+Hoyo/data=!4m7!3m6!1s0x9662c4f97cbad81d:0x4b3337cd419a8666!8m2!3d-33.4424096!4d-70.6269601!16s%2Fg%2F11dynqr31s!19sChIJHdi6fPnEYpYRZoaaQc03M0s?authuser=0&hl=es-419&rclk=1","-33.4424096","-70.6269601","Providencia","Metropolitana","Chile","Google Maps web scraping con Playwright","2026-05-25","Sin teléfono","Sí","","","","","","","","","","","","","","","","Sin teléfono visible","","","","","","","",""
"Arabito Deluxe - Shawarmas - Comida Arabe - Providencia","4.9","456","José Manuel Infante 1373, 7510987 Providencia, Región Metropolitana","9 6254 3099","https://www.instagram.com/arabitodeluxe/","Restaurante","https://www.google.com/maps/place/Arabito+Deluxe+-+Shawarmas+-+Comida+Arabe+-+Providencia/data=!4m7!3m6!1s0x9662cfba2bf0c559:0x7ace577283dabda1!8m2!3d-33.4435991!4d-70.6202155!16s%2Fg%2F11swynt5k6!19sChIJWcXwK7rPYpYRob3ag3JXzno?authuser=0&hl=es-419&rclk=1","-33.4435991","-70.6202155","Providencia","Metropolitana","Chile","Google Maps web scraping con Playwright","2026-05-25","Completo","Sí","","","","","","","","","","","","","","","","","","","","","","","",""
"Normandie Restaurant","4.4","68","Av. Providencia 1234, 7500571 Providencia, Región Metropolitana","(2) 2236 3011","https://www.normandie1234.cl/","Restaurante francés","https://www.google.com/maps/place/Normandie+Restaurant/data=!4m7!3m6!1s0x9662cf62a3242b63:0x53f6f146ee47c6e4!8m2!3d-33.4290153!4d-70.6209767!16s%2Fg%2F1vljhjsb!19sChIJYysko2LPYpYR5MZH7kbx9lM?authuser=0&hl=es-419&rclk=1","-33.4290153","-70.6209767","Providencia","Metropolitana","Chile","Google Maps web scraping con Playwright","2026-05-25","Completo","Sí","","","","","","","","","","","","","","","","","","","","","","","",""
"Sanguchería Ciudad Vieja","4.7","85","Constitución 92, Providencia, Región Metropolitana","(45) 298 7915","http://www.ciudadvieja.cl/","Restaurante","https://www.google.com/maps/place/Sangucher%C3%ADa+Ciudad+Vieja/data=!4m7!3m6!1s0x9662c59abc9f0a3d:0x32b9af4162c156fe!8m2!3d-33.4332871!4d-70.6348386!16s%2Fg%2F11bx1h7ykt!19sChIJPQqfvJrFYpYR_lbBYkGvuTI?authuser=0&hl=es-419&rclk=1","-33.4332871","-70.6348386","Providencia","Metropolitana","Chile","Google Maps web scraping con Playwright","2026-05-25","Completo","Sí","","","","","","","","","","","","","","","","","","","","","","","",""
"RESTAURANT COSTANAZCA","4.5","507","Av, Av. Príncipe de Gales 6777, 7850308 La Reina, Región Metropolitana","(2) 2277 2184","","Restaurante peruano","https://www.google.com/maps/place/RESTAURANT+COSTANAZCA/data=!4m7!3m6!1s0x9662ce5a771edb9b:0x53a370991571e262!8m2!3d-33.4388308!4d-70.5619835!16s%2Fg%2F1hjh6cqf7!19sChIJm9sed1rOYpYRYuJxFZlwo1M?authuser=0&hl=es-419&rclk=1","-33.4388308","-70.5619835","La Reina","Metropolitana","Chile","Google Maps web scraping con Playwright","2026-05-25","Parcial","Sí","","","","","","","","","","","","","","","","","","","","","","","",""
"Misky Mikuy","4.4","69","Monseñor Edwards 1739, 7850287 La Reina, Región Metropolitana","(2) 2277 2574","http://www.miskymikuyrest.cl/","Restaurante peruano","https://www.google.com/maps/place/Misky+Mikuy/data=!4m7!3m6!1s0x9662ce5a6dc11513:0xa70f614d8b5e28ea!8m2!3d-33.4380989!4d-70.560913!16s%2Fg%2F12vsbnns3!19sChIJExXBbVrOYpYR6ihei01hD6c?authuser=0&hl=es-419&rclk=1","-33.4380989","-70.560913","La Reina","Metropolitana","Chile","Google Maps web scraping con Playwright","2026-05-25","Completo","Sí","","","","","","","","","","","","","","","","","","","","","","","",""
"Good Restaurante","4.3","395","José Domingo Cañas 1917, 7750000 Ñuñoa, Región Metropolitana","(2) 2261 6101","https://www.instagram.com/goodrestaurante/","Bar restaurante","https://www.google.com/maps/place/Good+Restaurante/data=!4m7!3m6!1s0x9662cf8dea275df5:0x460e3f9a8a62dd7b!8m2!3d-33.4567244!4d-70.611154!16s%2Fg%2F11ckj6x78n!19sChIJ9V0n6o3PYpYRe91iipo_DkY?authuser=0&hl=es-419&rclk=1","-33.4567244","-70.611154","Ñuñoa","Metropolitana","Chile","Google Maps web scraping con Playwright","2026-05-25","Completo","Sí","","","","","","","","","","","","","","","","","","","","","","","",""
"Las Vegas Chile Sandwichería","4.2","727","Av. José Pedro Alessandri 2014, 7800280 Ñuñoa, Región Metropolitana","(2) 2567 6417","http://www.lasvegaschile.com/","Restaurante","https://www.google.com/maps/place/Las+Vegas+Chile+Sandwicher%C3%ADa/data=!4m7!3m6!1s0x9662cfe77aad036b:0xfbe8119d10f79eed!8m2!3d-33.4731665!4d-70.598517!16s%2Fg%2F11bwfk5w7v!19sChIJawOteufPYpYR7Z73EJ0R6Ps?authuser=0&hl=es-419&rclk=1","-33.4731665","-70.598517","Ñuñoa","Metropolitana","Chile","Google Maps web scraping con Playwright","2026-05-25","Completo","Sí","","","","","","","","","","","","","","","","Revisar: parece sandwich","","","","","","","",""
"Kigo Vegan","4.9","168","José Manuel Infante 2452, 7750000 Ñuñoa, Región Metropolitana","(2) 2608 0919","https://www.kigovegan.cl/","Restaurante vegano","https://www.google.com/maps/place/Kigo+Vegan/data=!4m7!3m6!1s0x9662cf3ce939b133:0x7e6fa0b834e3889a!8m2!3d-33.4533509!4d-70.6175634!16s%2Fg%2F11sgl8n27x!19sChIJM7E56TzPYpYRmojjNLigb34?authuser=0&hl=es-419&rclk=1","-33.4533509","-70.6175634","Ñuñoa","Metropolitana","Chile","Google Maps web scraping con Playwright","2026-05-25","Completo","Sí","","","","","","","","","","","","","","","","","","","","","","","",""
"Plaza Ñuñoa","4.5","03","Manuel de Salas 71, 7750000 Ñuñoa, Región Metropolitana","(2) 2204 5224","","Parque","https://www.google.com/maps/place/Plaza+%C3%91u%C3%B1oa/data=!4m7!3m6!1s0x9662cfbf04ab4a7b:0x5a99e4565277755f!8m2!3d-33.4560843!4d-70.5937153!16s%2Fm%2F0n_650x!19sChIJe0qrBL_PYpYRX3V3UlbkmVo?authuser=0&hl=es-419&rclk=1","-33.4560843","-70.5937153","Ñuñoa","Metropolitana","Chile","Google Maps web scraping con Playwright","2026-05-25","Parcial","No","","","","","","","","","","","","","","","","","","","","","","","",""
"Restaurante Donde Camilo","4.4","982","Zañartu 2530, 7780293 Ñuñoa, Región Metropolitana","9 8555 0970","","Restaurante peruano","https://www.google.com/maps/place/Restaurante+Donde+Camilo/data=!4m7!3m6!1s0x9662cfe59b11b6ed:0x1dc2ab007fd761ee!8m2!3d-33.4719429!4d-70.6061339!16s%2Fg%2F1tm89n3z!19sChIJ7bYRm-XPYpYR7mHXfwCrwh0?authuser=0&hl=es-419&rclk=1","-33.4719429","-70.6061339","Ñuñoa","Metropolitana","Chile","Google Maps web scraping con Playwright","2026-05-25","Parcial","Sí","","","","","","","","","","","","","","","","","","","","","","","",""
"El Manzano","4.0","89","Av. Irarrázaval 3285, Ñuñoa, Región Metropolitana","(2) 2225 5145","","Restaurante","https://www.google.com/maps/place/El+Manzano/data=!4m7!3m6!1s0x9662cfbe391474a5:0xe54d2597533bdca7!8m2!3d-33.4553092!4d-70.5967223!16s%2Fg%2F1tvw63qr!19sChIJpXQUOb7PYpYRp9w7U5clTeU?authuser=0&hl=es-419&rclk=1","-33.4553092","-70.5967223","Ñuñoa","Metropolitana","Chile","Google Maps web scraping con Playwright","2026-05-25","Parcial","Sí","","","","","","","","","","","","","","","","","","","","","","","",""
"Entre Tongoy y La Florida","4.0","16","Av. La Florida 9482, 8301969 La Florida, Región Metropolitana","(2) 3377 4500","https://instagram.com/entretongoyylaflorida?igshid=16tosjkz97z3q","Restaurante chileno","https://www.google.com/maps/place/Entre+Tongoy+y+La+Florida/data=!4m7!3m6!1s0x9662d11f98ac5843:0x9ab2dcefc1502141!8m2!3d-33.5394957!4d-70.5713781!16s%2Fg%2F1wrglccb!19sChIJQ1ismB_RYpYRQSFQwe_cspo?authuser=0&hl=es-419&rclk=1","-33.5394957","-70.5713781","La Florida","Metropolitana","Chile","Google Maps web scraping con Playwright","2026-05-25","Completo","Sí","","","","","","","","","","","","","","","","","","","","","","","",""
"Glotón Lucho","4.5","38","Samurai 1388, 8242116 La Florida, Región Metropolitana","","https://www.instagram.com/gloton_lucho","Restaurante de comida rápida","https://www.google.com/maps/place/Glot%C3%B3n+Lucho/data=!4m7!3m6!1s0x9662d059a2125861:0x4901ce20cf8fb989!8m2!3d-33.5180395!4d-70.5887574!16s%2Fg%2F1th1dy80!19sChIJYVgSolnQYpYRibmPzyDOAUk?authuser=0&hl=es-419&rclk=1","-33.5180395","-70.5887574","La Florida","Metropolitana","Chile","Google Maps web scraping con Playwright","2026-05-25","Sin teléfono","Sí","","","","","","","","","","","","","","","","Revisar: parece comida rapida; Sin teléfono visible","","","","","","","",""
"Kaitona Sushi la Florida","4.1","62","Los Barquitos 21, 8240000 La Florida, Región Metropolitana","9 3084 4686","http://kaitonasushi.cl/","Restaurante de sushi","https://www.google.com/maps/place/Kaitona+Sushi+la+Florida/data=!4m7!3m6!1s0x9662d1f76ec1b7a5:0x725980771689b33f!8m2!3d-33.5528775!4d-70.587246!16s%2Fg%2F11wbnvntzc!19sChIJpbfBbvfRYpYRP7OJFneAWXI?authuser=0&hl=es-419&rclk=1","-33.5528775","-70.587246","La Florida","Metropolitana","Chile","Google Maps web scraping con Playwright","2026-05-25","Completo","Sí","","","","","","","","","","","","","","","","","","","","","","","",""
"Byron Sanguchería - Carrito - Comida Rápida 24/7","4.1","42","Av. La Florida 10271, La Florida, Región Metropolitana","9 6272 4353","","Restaurante","https://www.google.com/maps/place/Byron+Sangucher%C3%ADa+-+Carrito+-+Comida+R%C3%A1pida+24%2F7/data=!4m7!3m6!1s0x9662d12f77a823e7:0xfb5b847b8e87d9ac!8m2!3d-33.5514958!4d-70.565436!16s%2Fg%2F11clv7dx_2!19sChIJ5yOody_RYpYRrNmHjnuEW_s?authuser=0&hl=es-419&rclk=1","-33.5514958","-70.565436","La Florida","Metropolitana","Chile","Google Maps web scraping con Playwright","2026-05-25","Parcial","Sí","","","","","","","","","","","","","","","","Revisar: parece comida rapida","","","","","","","",""
"Papa John's San José de La Estrella","3.4","91","Av. Vicuña Mackenna 10427, 8240000 SANTIAGO, La Florida, Región Metropolitana","(2) 3303 4427","http://www.papajohns.cl/?utm_source=yext-google-my-business&utm_medium=organic-search&utm_campaign=local-listing","Pizzería","https://www.google.com/maps/place/Papa+John%27s+San+Jos%C3%A9+de+La+Estrella/data=!4m7!3m6!1s0x9662d0c55b6d8e97:0x6184d0697f7e2ac!8m2!3d-33.5535954!4d-70.5871034!16s%2Fg%2F11s59590_8!19sChIJl45tW8XQYpYRrOL3lwZNGAY?authuser=0&hl=es-419&rclk=1","-33.5535954","-70.5871034","La Florida","Metropolitana","Chile","Google Maps web scraping con Playwright","2026-05-25","Completo","Sí","","","","","","","","","","","","","","","","","","","","","","","",""
"Restaurante Peruvian","4.4","97","Av. Amsterdam 1664, 3345659 Curicó, Maule","9 6403 5028","","Restaurante peruano","https://www.google.com/maps/place/Restaurante+Peruvian/data=!4m7!3m6!1s0x966457235ce103cf:0x4d0344c3e7ea5eb!8m2!3d-34.9621278!4d-71.2022538!16s%2Fg%2F11nxcdmm76!19sChIJzwPhXCNXZJYR66V-Pkw00AQ?authuser=0&hl=es-419&rclk=1","-34.9621278","-71.2022538","Curicó","Maule","Chile","Google Maps web scraping con Playwright","2026-05-25","Parcial","Sí","","","","","","","","","","","","","","","","","","","","","","","",""
"Ají criollo de Curico","4.6","77","isabel la catolica 392 Curicó, 3343807 Maule, Curicó, Maule","9 7121 5452","","Restaurante","https://www.google.com/maps/place/Aj%C3%AD+criollo+de+Curico/data=!4m7!3m6!1s0x966457e42b683f4b:0x9056921874731942!8m2!3d-34.9852575!4d-71.2245606!16s%2Fg%2F11rr5j3jf7!19sChIJSz9oK-RXZJYRQhlzdBiSVpA?authuser=0&hl=es-419&rclk=1","-34.9852575","-71.2245606","Curicó","Maule","Chile","Google Maps web scraping con Playwright","2026-05-25","Parcial","Sí","","","","","","","","","","","","","","","","","","","","","","","",""
"Brasas Mall Curicó","4.3","26","Av. O´Higgins 287, Curicó, Maule","","","Restaurante familiar","https://www.google.com/maps/place/Brasas+Mall+Curic%C3%B3/data=!4m7!3m6!1s0x9664570028e0b217:0x57c616f40cd9e524!8m2!3d-34.9908641!4d-71.2441545!16s%2Fg%2F11y6k6_2fl!19sChIJF7LgKABXZJYRJOXZDPQWxlc?authuser=0&hl=es-419&rclk=1","-34.9908641","-71.2441545","Curicó","Maule","Chile","Google Maps web scraping con Playwright","2026-05-25","Sin teléfono","Sí","","","","","","","","","","","","","","","","Sin teléfono visible","","","","","","","",""
"Club Italiano","4.6","52","Estado 531, 3341796 Curicó, Maule","(75) 231 0482","","Restaurante","https://www.google.com/maps/place/Club+Italiano/data=!4m7!3m6!1s0x966457081121c371:0xfd60816305af93f0!8m2!3d-34.9860617!4d-71.2418227!16s%2Fg%2F11h9y66mm0!19sChIJccMhEQhXZJYR8JOvBWOBYP0?authuser=0&hl=es-419&rclk=1","-34.9860617","-71.2418227","Curicó","Maule","Chile","Google Maps web scraping con Playwright","2026-05-25","Parcial","Sí","","","","","","","","","","","","","","","","","","","","","","","",""
"Restaurant Punto Limeño","4.5","66","Carrera 148, 3800469 Chillán, Ñuble","9 5400 2625","","Restaurante peruano","https://www.google.com/maps/place/Restaurant+Punto+Lime%C3%B1o/data=!4m7!3m6!1s0x9668d7df00000001:0x186a91f217b358e9!8m2!3d-36.6011131!4d-72.1038751!16s%2Fg%2F11c1x38b8j!19sChIJAQAAAN_XaJYR6VizF_KRahg?authuser=0&hl=es-419&rclk=1","-36.6011131","-72.1038751","Chillán","Ñuble","Chile","Google Maps web scraping con Playwright","2026-05-25","Parcial","Sí","","","","","","","","","","","","","","","","","","","","","","","",""
"Restaurante Sabor a Mar","4.5","291","Francia 207, 3801057 Chillán, Ñuble","(42) 232 8905","","Restaurante","https://www.google.com/maps/place/Restaurante+Sabor+a+Mar/data=!4m7!3m6!1s0x9668d7ce40d1aee7:0xcc4e547731967766!8m2!3d-36.5967373!4d-72.1019622!16s%2Fg%2F11c67qwdz6!19sChIJ567RQM7XaJYRZneWMXdUTsw?authuser=0&hl=es-419&rclk=1","-36.5967373","-72.1019622","Chillán","Ñuble","Chile","Google Maps web scraping con Playwright","2026-05-25","Parcial","Sí","","","","","","","","","","","","","","","","","","","","","","","",""
"Andén Bistro Tapas","4.6","89","Camino Colonia Bernardo O'Higgins 1572, 3820572 Chillán, Ñuble","9 4274 3882","https://instagram.com/anden_bistrotapas?igshid=MzRlODBiNWFlZA==","Restaurante","https://www.google.com/maps/place/And%C3%A9n+Bistro+Tapas/data=!4m7!3m6!1s0x9668d7139fd96775:0x314731108e164203!8m2!3d-36.5867085!4d-72.0760796!16s%2Fg%2F11stp3xpmx!19sChIJdWfZnxPXaJYRA0IWjhAxRzE?authuser=0&hl=es-419&rclk=1","-36.5867085","-72.0760796","Chillán","Ñuble","Chile","Google Maps web scraping con Playwright","2026-05-25","Completo","Sí","","","","","","","","","","","","","","","","","","","","","","","",""
"Ficus Restaurante","4.4","97","Rosas 392, 3800538 Chillán, Ñuble","(42) 221 2176","http://www.ficuschillan.com/","Pizza para llevar","https://www.google.com/maps/place/Ficus+Restaurante/data=!4m7!3m6!1s0x9668d7dbb6df605f:0xc82caea297245715!8m2!3d-36.603014!4d-72.109585!16s%2Fg%2F1v75t3d9!19sChIJX2DfttvXaJYRFVckl6KuLMg?authuser=0&hl=es-419&rclk=1","-36.603014","-72.109585","Chillán","Ñuble","Chile","Google Maps web scraping con Playwright","2026-05-25","Completo","Sí","","","","","","","","","","","","","","","","","","","","","","","",""
