"Nombre restaurante","Rating","Cantidad reviews","Dirección","Teléfono","Sitio web","Categoría","Google Maps URL","Latitud","Longitud","Comuna","Región","País","Fuente","Fecha extracción","Calidad dato","Es restaurante válido","Instagram URL","Instagram Usuario","Facebook URL","TikTok URL","Tiene Redes","Calidad Redes","Está en Uber Eats","URL Uber Eats","Confianza Uber Eats","Está en PedidosYa","URL PedidosYa","Confianza PedidosYa","Está en Rappi","URL Rappi","Confianza Rappi","Observaciones","Nombre normalizado","Posible cadena/franquicia","Grupo cadena/franquicia","Posible duplicado entre comunas","Grupo duplicado","Tipo negocio","Score comercial","Nivel comercial"
"LA NOSTRA CASA","4.8","256","Av. Las Condes 6901, 7560846 Las Condes, Región Metropolitana","","https://www.instagram.com/lanostracasa.trattoria","Restaurante italiano","https://www.google.com/maps/place/LA+NOSTRA+CASA/data=!4m7!3m6!1s0x9662cf262070b505:0x8ccb48b41941f271!8m2!3d-33.4062332!4d-70.5595921!16s%2Fg%2F11yp4kxwld!19sChIJBbVwICbPYpYRcfJBGbRIy4w?authuser=0&hl=es-419&rclk=1","-33.4062332","-70.5595921","Las Condes","Metropolitana","Chile","Google Maps web scraping con Playwright","2026-05-22","Sin teléfono","Sí","","","","","","","","","","","","","","","","Sin teléfono visible","la nostra casa","No","","No","","Restaurante","67","Medio potencial"
"Diablo Vino y Fuego Restaurante","4.7","69","Mercado Urbano Tobalaba (MUT - Av. Apoquindo 2730, 5to Piso, 7550179 Las Condes, Región Metropolitana","9 5006 3696","https://diablorestaurant.com/","Restaurante","https://www.google.com/maps/place/Diablo+Vino+y+Fuego+Restaurante/@-33.4176518,-70.6013263,17z/data=!3m1!4b1!4m6!3m5!1s0x9662cf000e465ddb:0x6db641c2529150bd!8m2!3d-33.4176518!4d-70.6013263!16s%2Fg%2F11ybgm1n6y?authuser=0&hl=es-419&entry=ttu&g_ep=EgoyMDI2MDUyMC4wIKXMDSoASAFQAw%3D%3D","-33.4176518","-70.6013263","Las Condes","Metropolitana","Chile","Google Maps web scraping con Playwright","2026-05-22","Completo","Sí","","","","","","","","","","","","","","","","","diablo vino y fuego","No","","No","","Restaurante","79","Alto potencial"
"La Cabrera Chile Isidora","4.7","90","Isidora Goyenechea 3275, 7550129 Las Condes, Región Metropolitana","9 3452 4440","https://lacabrerachile.cl/","Restaurante","https://www.google.com/maps/place/La+Cabrera+Chile+Isidora/@-33.4146907,-70.5966256,17z/data=!3m1!4b1!4m6!3m5!1s0x9662cf1a85a95ee5:0x1afc90f8f5200406!8m2!3d-33.4146907!4d-70.5966256!16s%2Fg%2F11pzx6mqls?authuser=0&hl=es-419&entry=ttu&g_ep=EgoyMDI2MDUyMC4wIKXMDSoASAFQAw%3D%3D","-33.4146907","-70.5966256","Las Condes","Metropolitana","Chile","Google Maps web scraping con Playwright","2026-05-22","Completo","Sí","","","","","","","","","","","","","","","","","la cabrera isidora","Sí","la cabrera","No","","Restaurante","80","Alto potencial"
"Kató Tasty Caos","4.8","696","Isidora Goyenechea 3275, local 2, 7550129 Las Condes, Región Metropolitana","9 7663 1330","https://katotastycaos.cl/","Restaurante de cocina panasiática","https://www.google.com/maps/place/Kat%C3%B3+Tasty+Caos/data=!4m7!3m6!1s0x9662cf43fd970a8b:0xc8f06bea80827d12!8m2!3d-33.4146907!4d-70.5966256!16s%2Fg%2F11mkhstszp!19sChIJiwqX_UPPYpYREn2CgOpr8Mg?authuser=0&hl=es-419&rclk=1","-33.4146907","-70.5966256","Las Condes","Metropolitana","Chile","Google Maps web scraping con Playwright","2026-05-22","Completo","Sí","","","","","","","","","","","","","","","","","kato tasty caos","No","","No","","Restaurante","88","Alto potencial"
"Hijo del Sol Las condes","4.6","309","Isidora Goyenechea 3215, 7550083 Las Condes, Región Metropolitana","9 9770 2222","https://www.instagram.com/hijodelsol.santiago/","Restaurante peruano","https://www.google.com/maps/place/Hijo+del+Sol+Las+condes/data=!4m7!3m6!1s0x9662cf00105e07af:0x8803bd86a3a14b42!8m2!3d-33.4146584!4d-70.5968579!16s%2Fg%2F11vxm2gzdv!19sChIJrwdeEADPYpYRQkuho4a9A4g?authuser=0&hl=es-419&rclk=1","-33.4146584","-70.5968579","Las Condes","Metropolitana","Chile","Google Maps web scraping con Playwright","2026-05-22","Completo","Sí","","","","","","","","","","","","","","","","","hijo del sol","No","","No","","Restaurante","84","Alto potencial"
"Raffaella Cucina Napoletana","4.8","939","Ntra. Sra. del Rosario 21, 7560763 Las Condes, Región Metropolitana","9 4018 6723","http://www.raffaellacucina.cl/","Restaurante italiano","https://www.google.com/maps/place/Raffaella+Cucina+Napoletana/@-33.4063143,-70.5612246,17z/data=!3m1!4b1!4m6!3m5!1s0x9662cff574ae6adb:0x32b078a303f2f8ec!8m2!3d-33.4063143!4d-70.5612246!16s%2Fg%2F11s1v1pqdl?authuser=0&hl=es-419&entry=ttu&g_ep=EgoyMDI2MDUyMC4wIKXMDSoASAFQAw%3D%3D","-33.4063143","-70.5612246","Las Condes","Metropolitana","Chile","Google Maps web scraping con Playwright","2026-05-22","Completo","Sí","","","","","","","","","","","","","","","","","raffaella cucina napoletana","No","","No","","Restaurante","90","Alto potencial"
"Lumiére Bistró Restaurante","4.6","78","Puerta del Sol 19, 7580067 Las Condes, Región Metropolitana","9 5451 7148","http://lumierebistro.cl/","Restaurante","https://www.google.com/maps/place/Lumi%C3%A9re+Bistr%C3%B3+Restaurante/data=!4m7!3m6!1s0x9662cf95117ec80d:0xc51680b1d08a9f02!8m2!3d-33.4124303!4d-70.5787114!16s%2Fg%2F11x318xkp_!19sChIJDch-EZXPYpYRAp-K0LGAFsU?authuser=0&hl=es-419&rclk=1","-33.4124303","-70.5787114","Las Condes","Metropolitana","Chile","Google Maps web scraping con Playwright","2026-05-22","Completo","Sí","","","","","","","","","","","","","","","","","lumiere bistro","No","","No","","Restaurante","79","Alto potencial"
"Restoran Pinpilinpausha","4.6","80","Isidora Goyenechea 2900, 7550033 Las Condes, Región Metropolitana","(2) 3275 4303","http://www.pinpilinpausha.cl/","Restaurante de cocina española","https://www.google.com/maps/place/Restoran+Pinpilinpausha/data=!4m7!3m6!1s0x9662cf41a61d994b:0xf33a25474c22bc39!8m2!3d-33.4137939!4d-70.6017388!16s%2Fg%2F1tg7t6hy!19sChIJS5kdpkHPYpYRObwiTEclOvM?authuser=0&hl=es-419&rclk=1","-33.4137939","-70.6017388","Las Condes","Metropolitana","Chile","Google Maps web scraping con Playwright","2026-05-22","Completo","Sí","","","","","","","","","","","","","","","","","pinpilinpausha","No","","No","","Restaurante","79","Alto potencial"
"UDON Alto Las Condes","4.8","253","Av. Pdte. Kennedy 9001, 7591567 Las Condes, Región Metropolitana","","https://www.udon.cl/restaurante/alto-las-condes/","Restaurante asiático","https://www.google.com/maps/place/UDON+Alto+Las+Condes/data=!4m7!3m6!1s0x9662cf001f20f919:0x1f51acb385c12dc0!8m2!3d-33.3908304!4d-70.5472432!16s%2Fg%2F11myt8k__d!19sChIJGfkgHwDPYpYRwC3BhbOsUR8?authuser=0&hl=es-419&rclk=1","-33.3908304","-70.5472432","Las Condes","Metropolitana","Chile","Google Maps web scraping con Playwright","2026-05-22","Sin teléfono","Sí","","","","","","","","","","","","","","","","Sin teléfono visible","udon alto","No","","No","","Restaurante","67","Medio potencial"
"Chilmex","4.8","54","Gral. Carol Urzúa 7065, 7560796 Las Condes, Región Metropolitana","(2) 2886 0775","http://chilmex.cl/","Restaurante","https://www.google.com/maps/place/Chilmex/data=!4m7!3m6!1s0x9662cf8fc31ea7a5:0x64a78c382180dc11!8m2!3d-33.4054821!4d-70.5572147!16s%2Fg%2F11fkblc7fj!19sChIJpacew4_PYpYREdyAITiMp2Q?authuser=0&hl=es-419&rclk=1","-33.4054821","-70.5572147","Las Condes","Metropolitana","Chile","Google Maps web scraping con Playwright","2026-05-22","Completo","Sí","","","","","","","","","","","","","","","","","chilmex","No","","No","","Restaurante","79","Alto potencial"
"La Fattoria","4.2","161","Av. Apoquindo 5680, 7560943 Las Condes, Región Metropolitana","(2) 2377 6000","https://fattoriarestaurant.simplybook.me/","Restaurante","https://www.google.com/maps/place/La+Fattoria/data=!4m7!3m6!1s0x9662cede5273ffff:0x97ad4366a3600d8d!8m2!3d-33.409551!4d-70.571085!16s%2Fg%2F11hdy27qz2!19sChIJ__9zUt7OYpYRjQ1go2ZDrZc?authuser=0&hl=es-419&rclk=1","-33.409551","-70.571085","Las Condes","Metropolitana","Chile","Google Maps web scraping con Playwright","2026-05-22","Completo","Sí","","","","","","","","","","","","","","","","","la fattoria","No","","No","","Restaurante","79","Alto potencial"
"Piano Gourmet Restaurante y Café","4.8","143","Av. Padre Hurtado Nte 77, 7591575 Las Condes, Región Metropolitana","9 9128 7273","http://www.pianogourmet.cl/","Cafetería","https://www.google.com/maps/place/Piano+Gourmet+Restaurante+y+Caf%C3%A9/@-33.393639,-70.545679,17z/data=!3m1!4b1!4m6!3m5!1s0x9662cfc9db72f817:0x449f3256a68a0e89!8m2!3d-33.393639!4d-70.545679!16s%2Fg%2F11whmx2ln1?authuser=0&hl=es-419&entry=ttu&g_ep=EgoyMDI2MDUyMC4wIKXMDSoASAFQAw%3D%3D","-33.393639","-70.545679","Las Condes","Metropolitana","Chile","Google Maps web scraping con Playwright","2026-05-22","Completo","No","","","","","","","","","","","","","","","","Revisar: parece cafeteria; Revisar: parece cafe","piano gourmet y cafe","No","","No","","Cafetería","78","Bajo potencial"
"Toni Lautaro","4.6","67","Avenida Apoquindo 2730, MUT 4to piso, Las Condes, Región Metropolitana","9 7963 7286","","Restaurante","https://www.google.com/maps/place/Toni+Lautaro/data=!4m7!3m6!1s0x9662cf59110ee7d5:0xd5f5da5ab1f5418f!8m2!3d-33.4176518!4d-70.6013263!16s%2Fg%2F11w3b3g_7j!19sChIJ1ecOEVnPYpYRj0H1sVra9dU?authuser=0&hl=es-419&rclk=1","-33.4176518","-70.6013263","Las Condes","Metropolitana","Chile","Google Maps web scraping con Playwright","2026-05-22","Parcial","Sí","","","","","","","","","","","","","","","","","toni lautaro","No","","No","","Restaurante","64","Medio potencial"
"Bali Hai Chile","4.3","14","Av. Cristóbal Colón 5146, 7580214 Las Condes, Región Metropolitana","(2) 3375 9696","https://www.balihai.cl/","Restaurante polinesio","https://www.google.com/maps/place/Bali+Hai+Chile/data=!4m7!3m6!1s0x9662cee3b7afead9:0x5b5b5dfaec2585db!8m2!3d-33.4184462!4d-70.5716536!16s%2Fg%2F1hjgt49yn!19sChIJ2eqvt-POYpYR24Ul7PpdW1s?authuser=0&hl=es-419&rclk=1","-33.4184462","-70.5716536","Las Condes","Metropolitana","Chile","Google Maps web scraping con Playwright","2026-05-22","Completo","Sí","","","","","","","","","","","","","","","","","bali hai","No","","No","","Restaurante","70","Medio potencial"
"Almuerzo las condes","4.8","84","García Pica 6784, 7560260 Las Condes, Región Metropolitana","9 6231 8141","","Restaurante","https://www.google.com/maps/place/Almuerzo+las+condes/data=!4m7!3m6!1s0x9662cfcfd3976653:0x8e38586ff678a61e!8m2!3d-33.3995587!4d-70.5622255!16s%2Fg%2F11h01flnvq!19sChIJU2aX08_PYpYRHqZ49m9YOI4?authuser=0&hl=es-419&rclk=1","-33.3995587","-70.5622255","Las Condes","Metropolitana","Chile","Google Maps web scraping con Playwright","2026-05-22","Parcial","Sí","","","","","","","","","","","","","","","","","almuerzo","No","","No","","Restaurante","66","Medio potencial"
"Trattoria Rita Parque Arauco","4.6","27","Av. Pdte. Kennedy 5413, Local 369, 7550000 Las Condes, Región Metropolitana","(2) 2656 7014","http://www.rita.cl/","Restaurante italiano","https://www.google.com/maps/place/Trattoria+Rita+Parque+Arauco/data=!4m7!3m6!1s0x9662cf385855f3b5:0x725ed6a2b990a40a!8m2!3d-33.4020735!4d-70.5786617!16s%2Fg%2F11mhj__345!19sChIJtfNVWDjPYpYRCqSQuaLWXnI?authuser=0&hl=es-419&rclk=1","-33.4020735","-70.5786617","Las Condes","Metropolitana","Chile","Google Maps web scraping con Playwright","2026-05-22","Completo","Sí","","","","","","","","","","","","","","","","","trattoria rita parque arauco","No","","No","","Restaurante","75","Medio potencial"
"Restorant el Castillo","4.5","509","Av. Apoquindo 7092, 7571726 Las Condes, Región Metropolitana","9 5036 3284","https://instagram.com/el.castillo.restaurante?igshid=YWJhMjlhZTc=","Restaurante","https://www.google.com/maps/place/Restorant+el+Castillo/data=!4m7!3m6!1s0x9662cec1f1885d91:0xa5a6f52ad52d8dab!8m2!3d-33.407713!4d-70.5556445!16s%2Fg%2F1tv25bnz!19sChIJkV2I8cHOYpYRq40t1Sr1pqU?authuser=0&hl=es-419&rclk=1","-33.407713","-70.5556445","Las Condes","Metropolitana","Chile","Google Maps web scraping con Playwright","2026-05-22","Completo","Sí","","","","","","","","","","","","","","","","","el castillo","No","","No","","Restaurante","85","Alto potencial"
"Koychi Korean Street Food","4.8","46","Av. Pdte. Kennedy 5413, 7550000 Las Condes, Región Metropolitana","9 9393 3419","https://www.koychi.cl/","Restaurante coreano","https://www.google.com/maps/place/Koychi+Korean+Street+Food/data=!4m7!3m6!1s0x9662cfaa23f923f3:0xaaf956e9dce8757a!8m2!3d-33.402211!4d-70.5769511!16s%2Fg%2F11vkggpt__!19sChIJ8yP5I6rPYpYRenXo3OlW-ao?authuser=0&hl=es-419&rclk=1","-33.402211","-70.5769511","Las Condes","Metropolitana","Chile","Google Maps web scraping con Playwright","2026-05-22","Completo","Sí","","","","","","","","","","","","","","","","","koychi korean street food","No","","No","","Restaurante","78","Alto potencial"
"Don Carlos","4.5","68","Isidora Goyenechea 2895, 7550101 Las Condes, Región Metropolitana","9 4850 0864","https://www.doncarloscarneyvino.cl/","Restaurante","https://www.google.com/maps/place/Don+Carlos/data=!4m7!3m6!1s0x9662cf41a61379ad:0xeb84305be2c0d72e!8m2!3d-33.414149!4d-70.601774!16s%2Fg%2F1tdw027v!19sChIJrXkTpkHPYpYRLtfA4lswhOs?authuser=0&hl=es-419&rclk=1","-33.414149","-70.601774","Las Condes","Metropolitana","Chile","Google Maps web scraping con Playwright","2026-05-22","Completo","Sí","","","","","","","","","","","","","","","","","don carlos","No","","No","","Restaurante","78","Alto potencial"
"Chilenazo Las Condes","4.1","88","Av. Apoquindo 6226, 7561215 Las Condes, Región Metropolitana","(2) 2201 7162","https://www.chilenazorestaurant.cl/Locales/las-condes/","Restaurante","https://www.google.com/maps/place/Chilenazo+Las+Condes/@-33.4082051,-70.5663157,17z/data=!3m1!4b1!4m6!3m5!1s0x9662ceddb1a2b61f:0x2405a15bc5dbaf28!8m2!3d-33.4082051!4d-70.5663157!16s%2Fg%2F1td4frpk?authuser=0&hl=es-419&entry=ttu&g_ep=EgoyMDI2MDUyMC4wIKXMDSoASAFQAw%3D%3D","-33.4082051","-70.5663157","Las Condes","Metropolitana","Chile","Google Maps web scraping con Playwright","2026-05-22","Completo","Sí","","","","","","","","","","","","","","","","","chilenazo","No","","No","","Restaurante","76","Medio potencial"
"La Yunta Las Condes","4.7","164","El Bosque Central 18, 7550248 Las Condes, Región Metropolitana","9 5348 6633","http://www.layunta.cl/","Bar restaurante","https://www.google.com/maps/place/La+Yunta+Las+Condes/@-33.4178848,-70.5996971,17z/data=!3m1!4b1!4m6!3m5!1s0x9662cf9294c1dccb:0x4088349636f2b5a3!8m2!3d-33.4178848!4d-70.5996971!16s%2Fg%2F11tp9mlww2?authuser=0&hl=es-419&entry=ttu&g_ep=EgoyMDI2MDUyMC4wIKXMDSoASAFQAw%3D%3D","-33.4178848","-70.5996971","Las Condes","Metropolitana","Chile","Google Maps web scraping con Playwright","2026-05-22","Completo","Sí","","","","","","","","","","","","","","","","","la yunta","Sí","la yunta","Sí","DUP-001","Bar/Pub","82","Alto potencial"
"Aligot restaurant","4.5","25","Isidora Goyenechea 2890, 7550033 Las Condes, Región Metropolitana","(41) 324 8475","https://toto.menu/aligot?s=googlemaps","Restaurante","https://www.google.com/maps/place/Aligot+restaurant/@-33.413808,-70.6019947,17z/data=!3m1!4b1!4m6!3m5!1s0x9662cfac435bdaad:0x7ed19e2ff27dfbdf!8m2!3d-33.413808!4d-70.6019947!16s%2Fg%2F11h3swvrz_?authuser=0&hl=es-419&entry=ttu&g_ep=EgoyMDI2MDUyMC4wIKXMDSoASAFQAw%3D%3D","-33.413808","-70.6019947","Las Condes","Metropolitana","Chile","Google Maps web scraping con Playwright","2026-05-22","Completo","Sí","","","","","","","","","","","","","","","","","aligot","No","","No","","Restaurante","74","Medio potencial"
"Route 66","4.5","19","Isidora Goyenechea 2960, 7550059 Las Condes, Región Metropolitana","(2) 3266 9954","http://www.route66.cl/","Restaurante","https://www.google.com/maps/place/Route+66/data=!4m7!3m6!1s0x9662cf405ad73ffb:0xee029d663f1a73e7!8m2!3d-33.4139825!4d-70.5999351!16s%2Fg%2F11dymmkn9y!19sChIJ-z_XWkDPYpYR53MaP2adAu4?authuser=0&hl=es-419&rclk=1","-33.4139825","-70.5999351","Las Condes","Metropolitana","Chile","Google Maps web scraping con Playwright","2026-05-22","Completo","Sí","","","","","","","","","","","","","","","","","route 66","No","","No","","Restaurante","73","Medio potencial"
"Estró Santiago","4.6","528","El Alcalde 15, 7550655 Las Condes, Región Metropolitana","(2) 2470 8585","http://www.instagram.com/estrosantiago","Restaurante","https://www.google.com/maps/place/Estr%C3%B3+Santiago/@-33.4158983,-70.5952355,17z/data=!3m1!4b1!4m6!3m5!1s0x9662cf157bee637f:0x73257e215251e871!8m2!3d-33.4158983!4d-70.5952355!16s%2Fg%2F11c542nyfq?authuser=0&hl=es-419&entry=ttu&g_ep=EgoyMDI2MDUyMC4wIKXMDSoASAFQAw%3D%3D","-33.4158983","-70.5952355","Las Condes","Metropolitana","Chile","Google Maps web scraping con Playwright","2026-05-22","Completo","Sí","","","","","","","","","","","","","","","","","estro santiago","No","","No","","Restaurante","86","Alto potencial"
"La Flaca, Cocinería Chilena","4.5","19","Av. Apoquindo 2730, Las Condes, Región Metropolitana","(2) 2437 6668","https://laflaca.cl/","Restaurante","https://www.google.com/maps/place/La+Flaca,+Cociner%C3%ADa+Chilena/data=!4m7!3m6!1s0x9662c53939e3eebb:0xdc2e7676299d3b56!8m2!3d-33.4177122!4d-70.6013629!16s%2Fg%2F11c3tj92p4!19sChIJu-7jOTnFYpYRVjudKXZ2Ltw?authuser=0&hl=es-419&rclk=1","-33.4177122","-70.6013629","Las Condes","Metropolitana","Chile","Google Maps web scraping con Playwright","2026-05-22","Completo","Sí","","","","","","","","","","","","","","","","","la flaca cocineria chilena","No","","No","","Restaurante","73","Medio potencial"
"Casa Sanz","4.7","215","Av Vitacura 4873, 7630000 Vitacura, Región Metropolitana","9 9165 1370","https://hotelbidasoa.cl/","Restaurante","https://www.google.com/maps/place/Casa+Sanz/data=!4m7!3m6!1s0x9662cfaa42f67979:0x78939ae5f730c248!8m2!3d-33.3982681!4d-70.5851944!16s%2Fg%2F11sjxnlkxg!19sChIJeXn2QqrPYpYRSMIw9-Wak3g?authuser=0&hl=es-419&rclk=1","-33.3982681","-70.5851944","Vitacura","Metropolitana","Chile","Google Maps web scraping con Playwright","2026-05-22","Completo","Sí","","","","","","","","","","","","","","","","","casa sanz","No","","No","","Restaurante","83","Alto potencial"
"El Toro Vitacura","4.6","29","Alonso de Córdova 3788, piso -1, 7630000 Vitacura, Región Metropolitana","9 3201 9661","http://www.eltoro.cl/","Restaurante","https://www.google.com/maps/place/El+Toro+Vitacura/@-33.4018737,-70.5929112,17z/data=!3m1!4b1!4m6!3m5!1s0x9662cf89a33b0f49:0x1b187e22a345a7e0!8m2!3d-33.4018737!4d-70.5929112!16s%2Fg%2F11sw_ws1rr?authuser=0&hl=es-419&entry=ttu&g_ep=EgoyMDI2MDUxNy4wIKXMDSoASAFQAw%3D%3D","-33.4018737","-70.5929112","Vitacura","Metropolitana","Chile","Google Maps web scraping con Playwright","2026-05-22","Completo","Sí","","","","","","","","","","","","","","","","","el toro","No","","No","","Restaurante","75","Medio potencial"
"Ofelia Gastrobar","4.7","95","Av Vitacura 3201, 7630578 Vitacura, Región Metropolitana","(2) 2944 7800","https://www.ofeliagastrobar.com/","Restaurante","https://www.google.com/maps/place/Ofelia+Gastrobar/@-33.4074623,-70.5985484,17z/data=!3m1!4b1!4m6!3m5!1s0x9662cf94400bd1d1:0xab1af5b17f27cd4e!8m2!3d-33.4074623!4d-70.5985484!16s%2Fg%2F11ryt4r0yc?authuser=0&hl=es-419&entry=ttu&g_ep=EgoyMDI2MDUxNy4wIKXMDSoASAFQAw%3D%3D","-33.4074623","-70.5985484","Vitacura","Metropolitana","Chile","Google Maps web scraping con Playwright","2026-05-22","Completo","Sí","","","","","","","","","","","","","","","","","ofelia gastrobar","No","","No","","Bar/Pub","80","Alto potencial"
"Demencia","4.1","54","Av Vitacura 3520, 7630523 Vitacura, Región Metropolitana","9 3861 1684","https://www.instagram.com/demenciastgo/","Restaurante","https://www.google.com/maps/place/Demencia/data=!4m7!3m6!1s0x9662cfb61d16452b:0x6108ad9a3153fe62!8m2!3d-33.4039236!4d-70.5964995!16s%2Fg%2F11rcscbqmr!19sChIJK0UWHbbPYpYRYv5TMZqtCGE?authuser=0&hl=es-419&rclk=1","-33.4039236","-70.5964995","Vitacura","Metropolitana","Chile","Google Maps web scraping con Playwright","2026-05-22","Completo","Sí","","","","","","","","","","","","","","","","","demencia","No","","No","","Restaurante","74","Medio potencial"
"Bar Santiago Vitacura","4.6","864","Av Vitacura 7120, 7640560 Vitacura, Región Metropolitana","9 7996 4119","https://barsantiago.cl/","Bar restaurante","https://www.google.com/maps/place/Bar+Santiago+Vitacura/data=!4m7!3m6!1s0x9662c9465439ed5d:0x1ee5cf0006f07af3!8m2!3d-33.3867402!4d-70.5649557!16s%2Fg%2F11tjf5xr59!19sChIJXe05VEbJYpYR83rwBgDP5R4?authuser=0&hl=es-419&rclk=1","-33.3867402","-70.5649557","Vitacura","Metropolitana","Chile","Google Maps web scraping con Playwright","2026-05-22","Completo","Sí","","","","","","","","","","","","","","","","","bar santiago","No","","No","","Bar/Pub","88","Alto potencial"
"APPA Restaurante","4.8","174","Av Vitacura 7501, 7650296 Vitacura, Región Metropolitana","9 7430 8508","https://toteat.app/r/cl/APPA---VITACURA/9255","Restaurante","https://www.google.com/maps/place/APPA+Restaurante/data=!4m7!3m6!1s0x9662c9004da0f611:0x507e760a4ead2bf0!8m2!3d-33.386285!4d-70.5618881!16s%2Fg%2F11w1k7qgxk!19sChIJEfagTQDJYpYR8CutTgp2flA?authuser=0&hl=es-419&rclk=1","-33.386285","-70.5618881","Vitacura","Metropolitana","Chile","Google Maps web scraping con Playwright","2026-05-22","Completo","Sí","","","","","","","","","","","","","","","","","appa","No","","No","","Restaurante","83","Alto potencial"
"CAOBA BAR","4.6","834","Alonso de Córdova 4156, 7630448 Vitacura, Región Metropolitana","9 5855 6596","https://caobabar.cl/","Bar restaurante","https://www.google.com/maps/place/CAOBA+BAR/data=!4m7!3m6!1s0x9662cfec8b5a7381:0x776af53046b0faf0!8m2!3d-33.4026497!4d-70.5901323!16s%2Fg%2F11tcwmj81r!19sChIJgXNai-zPYpYR8PqwRjD1anc?authuser=0&hl=es-419&rclk=1","-33.4026497","-70.5901323","Vitacura","Metropolitana","Chile","Google Maps web scraping con Playwright","2026-05-22","Completo","Sí","","","","","","","","","","","","","","","","","caoba bar","No","","No","","Bar/Pub","88","Alto potencial"
"Tanaka Vitacura","4.5","45","Alonso de Córdova 4248, 7630504 Santiago, Vitacura, Región Metropolitana","9 7443 4824","http://www.tanaka.cl/vitacura","Restaurante","https://www.google.com/maps/place/Tanaka+Vitacura/data=!4m7!3m6!1s0x9662cf3719587b89:0x472600fb6eb00235!8m2!3d-33.4030473!4d-70.5886892!16s%2Fg%2F11ckw294gm!19sChIJiXtYGTfPYpYRNQKwbvsAJkc?authuser=0&hl=es-419&rclk=1","-33.4030473","-70.5886892","Vitacura","Metropolitana","Chile","Google Maps web scraping con Playwright","2026-05-22","Completo","Sí","","","","","","","","","","","","","","","","","tanaka","No","","No","","Restaurante","76","Medio potencial"
"Piegari Chile","4.7","61","Av. Nueva Costanera 4092, 7630191 Vitacura, Región Metropolitana","9 3453 7621","http://www.piegari.cl/","Restaurante italiano","https://www.google.com/maps/place/Piegari+Chile/@-33.3954005,-70.5975267,17z/data=!3m1!4b1!4m6!3m5!1s0x9662cfe62edf92cf:0xe56813440fe5a463!8m2!3d-33.3954005!4d-70.5975267!16s%2Fg%2F11dyrb51w7?authuser=0&hl=es-419&entry=ttu&g_ep=EgoyMDI2MDUxNy4wIKXMDSoASAFQAw%3D%3D","-33.3954005","-70.5975267","Vitacura","Metropolitana","Chile","Google Maps web scraping con Playwright","2026-05-22","Completo","Sí","","","","","","","","","","","","","","","","","piegari","No","","No","","Restaurante","79","Alto potencial"
"Centro Gastronómico BordeRío","4.6","36","Costanera Sur S.J.E. de Balaguer 6400, 7640859 Vitacura, Región Metropolitana","(2) 2941 5000","http://www.borderio.cl/","Zona de restauración","https://www.google.com/maps/place/Centro+Gastron%C3%B3mico+BordeR%C3%ADo/@-33.3815722,-70.5792292,17z/data=!3m1!4b1!4m6!3m5!1s0x9662c8d747930ddd:0x1e7e60f0563c582e!8m2!3d-33.3815722!4d-70.5792292!16s%2Fg%2F1tgm41dl?authuser=0&hl=es-419&entry=ttu&g_ep=EgoyMDI2MDUxNy4wIKXMDSoASAFQAw%3D%3D","-33.3815722","-70.5792292","Vitacura","Metropolitana","Chile","Google Maps web scraping con Playwright","2026-05-22","Completo","No","","","","","","","","","","","","","","","","","centro gastronomico borderio","No","","No","","Otro","72","Bajo potencial"
"Barceloneta","4.2","321","Av Vitacura 3391, 7630564 Vitacura, Región Metropolitana","","https://barcelonetasantiago.com/","Restaurante","https://www.google.com/maps/place/Barceloneta/data=!4m7!3m6!1s0x9662cfa76461b4fd:0x58bb79a751db2280!8m2!3d-33.4053922!4d-70.5972991!16s%2Fg%2F11l6mbcws2!19sChIJ_bRhZKfPYpYRgCLbUad5u1g?authuser=0&hl=es-419&rclk=1","-33.4053922","-70.5972991","Vitacura","Metropolitana","Chile","Google Maps web scraping con Playwright","2026-05-22","Sin teléfono","Sí","","","","","","","","","","","","","","","","Sin teléfono visible","barceloneta","No","","No","","Bar/Pub","63","Medio potencial"
"Mestizo","4.4","77","Av. Bicentenario 4050, Santiago, Vitacura, Región Metropolitana","","https://mestizorestaurant.cl/","Restaurante de alta cocina","https://www.google.com/maps/place/Mestizo/@-33.3942718,-70.5999298,17z/data=!3m1!4b1!4m6!3m5!1s0x9662cf4bb499917f:0xfd06a131a5f08a6d!8m2!3d-33.3942718!4d-70.5999298!16s%2Fg%2F1tmqm_0s?authuser=0&hl=es-419&entry=ttu&g_ep=EgoyMDI2MDUxNy4wIKXMDSoASAFQAw%3D%3D","-33.3942718","-70.5999298","Vitacura","Metropolitana","Chile","Google Maps web scraping con Playwright","2026-05-22","Sin teléfono","Sí","","","","","","","","","","","","","","","","Sin teléfono visible","mestizo","No","","No","","Restaurante","59","Medio potencial"
"Arca Bar","4.7","09","Av. Nueva Costanera 3986, 7630000 Vitacura, Región Metropolitana","9 6839 9315","https://www.grupoarca.cl/","Bar","https://www.google.com/maps/place/Arca+Bar/@-33.3972025,-70.597931,17z/data=!3m1!4b1!4m6!3m5!1s0x9662cfe6bdc049f1:0xae691c9d8f796c3d!8m2!3d-33.3972025!4d-70.597931!16s%2Fg%2F11q1n_nb_5?authuser=0&hl=es-419&entry=ttu&g_ep=EgoyMDI2MDUxNy4wIKXMDSoASAFQAw%3D%3D","-33.3972025","-70.597931","Vitacura","Metropolitana","Chile","Google Maps web scraping con Playwright","2026-05-22","Completo","No","","","","","","","","","","","","","","","","","arca bar","No","","No","","Bar/Pub","68","Bajo potencial"
"Capogrossi","4.5","18","Alonso de Córdova 4225, 7630524 Vitacura, Región Metropolitana","9 4469 3223","https://capogrossi.cl/","Restaurante italiano","https://www.google.com/maps/place/Capogrossi/data=!4m7!3m6!1s0x9662cfac4ffe31d1:0x7000c380cbd5efe5!8m2!3d-33.4034028!4d-70.5893016!16s%2Fg%2F11s51d17m6!19sChIJ0TH-T6zPYpYR5e_Vy4DDAHA?authuser=0&hl=es-419&rclk=1","-33.4034028","-70.5893016","Vitacura","Metropolitana","Chile","Google Maps web scraping con Playwright","2026-05-22","Completo","Sí","","","","","","","","","","","","","","","","","capogrossi","No","","No","","Restaurante","73","Medio potencial"
"La Mar by Gaston Acurio","4.6","17","Av. Nueva Costanera 4076, 7630191 Vitacura, Región Metropolitana","(2) 2617 0848","https://www.lamarcebicheria.com/santiago-de-chile/","Restaurante","https://www.google.com/maps/place/La+Mar+by+Gaston+Acurio/data=!4m7!3m6!1s0x9662cf3561295821:0x184796e8fe9b36c0!8m2!3d-33.395535!4d-70.59766!16s%2Fg%2F11bw3d5xb0!19sChIJIVgpYTXPYpYRwDab_uiWRxg?authuser=0&hl=es-419&rclk=1","-33.395535","-70.59766","Vitacura","Metropolitana","Chile","Google Maps web scraping con Playwright","2026-05-22","Completo","Sí","","","","","","","","","","","","","","","","","la mar by gaston acurio","No","","No","","Restaurante","73","Medio potencial"
"Rubaiyat Chile","4.5","93","Av. Nueva Costanera 4031, 7630244 Vitacura, Región Metropolitana","(2) 2617 9800","https://gruporubaiyat.com/es/","Restaurante","https://www.google.com/maps/place/Rubaiyat+Chile/data=!4m7!3m6!1s0x9662cf357c0dc795:0xdfa8171effe5e3bd!8m2!3d-33.3963918!4d-70.5970912!16s%2Fg%2F11cm0584gn!19sChIJlccNfDXPYpYRvePl_x4XqN8?authuser=0&hl=es-419&rclk=1","-33.3963918","-70.5970912","Vitacura","Metropolitana","Chile","Google Maps web scraping con Playwright","2026-05-22","Completo","Sí","","","","","","","","","","","","","","","","","rubaiyat","No","","No","","Restaurante","79","Alto potencial"
"Restaurant Miraolas","4.5","60","Av Vitacura 4171, 7630358 Santiago, Vitacura, Región Metropolitana","9 8385 0206","http://www.miraolas.cl/","Restaurante","https://www.google.com/maps/place/Restaurant+Miraolas/data=!4m7!3m6!1s0x9662cf316d7aaf55:0xfb7f125473d331be!8m2!3d-33.3999035!4d-70.5900577!16s%2Fg%2F1tfcdcry!19sChIJVa96bTHPYpYRvjHTc1QSf_s?authuser=0&hl=es-419&rclk=1","-33.3999035","-70.5900577","Vitacura","Metropolitana","Chile","Google Maps web scraping con Playwright","2026-05-22","Completo","Sí","","","","","","","","","","","","","","","","","miraolas","No","","No","","Restaurante","77","Medio potencial"
"Kechua Vitacura","4.7","492","Costanera Sur S.J.E. de Balaguer 6400, LUG 2-A, 7630000 Vitacura, Región Metropolitana","(2) 2427 9686","https://kechuarestaurantes.cl/borderio/","Restaurante peruano","https://www.google.com/maps/place/Kechua+Vitacura/@-33.3817562,-70.57943,17z/data=!3m1!4b1!4m6!3m5!1s0x9662c91a55258adf:0x8b4d8fd1119ebaae!8m2!3d-33.3817562!4d-70.57943!16s%2Fg%2F11sj5dh_jm?authuser=0&hl=es-419&entry=ttu&g_ep=EgoyMDI2MDUxNy4wIKXMDSoASAFQAw%3D%3D","-33.3817562","-70.57943","Vitacura","Metropolitana","Chile","Google Maps web scraping con Playwright","2026-05-22","Completo","Sí","","","","","","","","","","","","","","","","","kechua","Sí","kechua","Sí","DUP-002","Restaurante","86","Alto potencial"
"Rishtedar Vitacura","4.6","98","Av Vitacura 5461, 7630598 Vitacura, Región Metropolitana","9 8888 3581","http://www.rishtedar.cl/","Restaurante indio","https://www.google.com/maps/place/Rishtedar+Vitacura/data=!4m7!3m6!1s0x9662cf2b93ed4dff:0x907266614eb68b68!8m2!3d-33.3950354!4d-70.5790121!16s%2Fg%2F11cmsvbxwj!19sChIJ_03tkyvPYpYRaIu2TmFmcpA?authuser=0&hl=es-419&rclk=1","-33.3950354","-70.5790121","Vitacura","Metropolitana","Chile","Google Maps web scraping con Playwright","2026-05-22","Completo","Sí","","","","","","","","","","","","","","","","","rishtedar","Sí","rishtedar","Sí","DUP-003","Restaurante","80","Alto potencial"
"Panchita","4.5","68","Av. Nueva Costanera 3979, 7630268 Vitacura, Región Metropolitana","9 9609 4839","","Restaurante peruano","https://www.google.com/maps/place/Panchita/data=!4m7!3m6!1s0x9662cfe8f6df9f3d:0x3697a17c33501e74!8m2!3d-33.397429!4d-70.59735!16s%2Fg%2F11h7cwv3y7!19sChIJPZ_f9ujPYpYRdB5QM3yhlzY?authuser=0&hl=es-419&rclk=1","-33.397429","-70.59735","Vitacura","Metropolitana","Chile","Google Maps web scraping con Playwright","2026-05-22","Parcial","Sí","","","","","","","","","","","","","","","","","panchita","No","","No","","Restaurante","64","Medio potencial"
"Morera Casa Bar","4.6","53","Alonso de Córdova 4017, 7630507 Vitacura, Región Metropolitana","9 6656 6626","","Bar restaurante","https://www.google.com/maps/place/Morera+Casa+Bar/data=!4m7!3m6!1s0x9662cf3ba1703933:0x86c4505fef9fecfc!8m2!3d-33.4029117!4d-70.5911691!16s%2Fg%2F11hy99gmfk!19sChIJMzlwoTvPYpYR_Oyf719QxIY?authuser=0&hl=es-419&rclk=1","-33.4029117","-70.5911691","Vitacura","Metropolitana","Chile","Google Maps web scraping con Playwright","2026-05-22","Parcial","Sí","","","","","","","","","","","","","","","","","morera casa bar","No","","No","","Bar/Pub","63","Medio potencial"
"Club Gordos Vitacura","4.5","686","Av Vitacura 4607, LOCAL 12A, 7630290 Santiago, Vitacura, Región Metropolitana","9 3718 1722","","Bar restaurante","https://www.google.com/maps/place/Club+Gordos+Vitacura/data=!4m7!3m6!1s0x9662cfdfc2bc2ef1:0xa1dabc2f069dea77!8m2!3d-33.3989482!4d-70.5860436!16s%2Fg%2F11vssvynp7!19sChIJ8S68wt_PYpYRd-qdBi-82qE?authuser=0&hl=es-419&rclk=1","-33.3989482","-70.5860436","Vitacura","Metropolitana","Chile","Google Maps web scraping con Playwright","2026-05-22","Parcial","Sí","","","","","","","","","","","","","","","","","club gordos","No","","No","","Bar/Pub","72","Medio potencial"
"La Bottega Gandolini","4.6","535","Alonso de Córdova 2335, 7560873 Vitacura, Región Metropolitana","9 9748 7298","http://labottegagandolini.cl/","Restaurante italiano","https://www.google.com/maps/place/La+Bottega+Gandolini/@-33.4015235,-70.5941925,17z/data=!3m1!4b1!4m6!3m5!1s0x9662cf4dfed4eaa3:0x89afe16d74a64537!8m2!3d-33.4015235!4d-70.5941925!16s%2Fg%2F11s75sxv60?authuser=0&hl=es-419&entry=ttu&g_ep=EgoyMDI2MDUxNy4wIKXMDSoASAFQAw%3D%3D","-33.4015235","-70.5941925","Vitacura","Metropolitana","Chile","Google Maps web scraping con Playwright","2026-05-22","Completo","Sí","","","","","","","","","","","","","","","","","la bottega gandolini","No","","No","","Restaurante","86","Alto potencial"
"El Zocalo Cocina Mexicana - Vitacura","4.1","647","Alonso de Córdova 4073, 7560801 Vitacura, Región Metropolitana","9 4558 0735","http://www.elzocalo.cl/","Restaurante mexicano","https://www.google.com/maps/place/El+Zocalo+Cocina+Mexicana+-+Vitacura/data=!4m7!3m6!1s0x9662cf2bae8a80ef:0xa093a6e2a726b23e!8m2!3d-33.4030374!4d-70.59089!16s%2Fg%2F11qqr1vytc!19sChIJ74CKrivPYpYRPrImp-Kmk6A?authuser=0&hl=es-419&rclk=1","-33.4030374","-70.59089","Vitacura","Metropolitana","Chile","Google Maps web scraping con Playwright","2026-05-22","Completo","Sí","","","","","","","","","","","","","","","","","el zocalo cocina mexicana","Sí","el zocalo","Sí","DUP-004","Restaurante","83","Alto potencial"
"Beasty Butchers","4.7","67","Av Vitacura 3456, Local 8, 7630550 Vitacura, Región Metropolitana","9 9324 3462","http://www.beasty.cl/","Restaurante","https://www.google.com/maps/place/Beasty+Butchers/@-33.40444,-70.5972107,17z/data=!3m1!4b1!4m6!3m5!1s0x9662cf66393061e5:0x3f3b099309823545!8m2!3d-33.40444!4d-70.5972107!16s%2Fg%2F11pd1vzyqz?authuser=0&hl=es-419&entry=ttu&g_ep=EgoyMDI2MDUxNy4wIKXMDSoASAFQAw%3D%3D","-33.40444","-70.5972107","Vitacura","Metropolitana","Chile","Google Maps web scraping con Playwright","2026-05-22","Completo","Sí","","","","","","","","","","","","","","","","","beasty butchers","No","","No","","Restaurante","79","Alto potencial"
"El Mesón de la Patagonia","4.3","72","Lo Barnechea 1223, 7690241 Lo Barnechea, Región Metropolitana","9 8527 8105","http://www.meson.cl/","Restaurante","https://www.google.com/maps/place/El+Mes%C3%B3n+de+la+Patagonia/@-33.3574868,-70.506569,17z/data=!3m1!4b1!4m6!3m5!1s0x9662cbeb09419aab:0x4447846d929df05b!8m2!3d-33.3574868!4d-70.506569!16s%2Fg%2F1tgf4dy7?authuser=0&hl=es-419&entry=ttu&g_ep=EgoyMDI2MDUxNy4wIKXMDSoASAFQAw%3D%3D","-33.3574868","-70.506569","Lo Barnechea","Metropolitana","Chile","Google Maps web scraping con Playwright","2026-05-22","Completo","Sí","","","","","","","","","","","","","","","","","el meson de la patagonia","No","","No","","Restaurante","76","Medio potencial"
"Tanaka La Dehesa","4.5","548","El Rodeo 13032, 7690771 Santiago, Lo Barnechea, Región Metropolitana","9 3207 7338","https://tanaka.cl/la-dehesa/","Restaurante","https://www.google.com/maps/place/Tanaka+La+Dehesa/data=!4m7!3m6!1s0x9662cbec0d115fa7:0xf24a8d6cb42a156c!8m2!3d-33.3522299!4d-70.517146!16s%2Fg%2F11gy7ylyxb!19sChIJp18RDezLYpYRbBUqtGyNSvI?authuser=0&hl=es-419&rclk=1","-33.3522299","-70.517146","Lo Barnechea","Metropolitana","Chile","Google Maps web scraping con Playwright","2026-05-22","Completo","Sí","","","","","","","","","","","","","","","","","tanaka la dehesa","No","","No","","Restaurante","85","Alto potencial"
"UDON Portal La Dehesa","4.8","389","Av. La Dehesa 1445, Local 1106, 7690130 Lo Barnechea, Región Metropolitana","","https://www.udon.cl/restaurante/portal-dehesa/","Restaurante asiático","https://www.google.com/maps/place/UDON+Portal+La+Dehesa/data=!4m7!3m6!1s0x9662cb5ba46928af:0x14c5dc5b672f2604!8m2!3d-33.3573513!4d-70.5151516!16s%2Fg%2F11yqb6qxky!19sChIJryhppFvLYpYRBCYvZ1vcxRQ?authuser=0&hl=es-419&rclk=1","-33.3573513","-70.5151516","Lo Barnechea","Metropolitana","Chile","Google Maps web scraping con Playwright","2026-05-22","Sin teléfono","Sí","","","","","","","","","","","","","","","","Sin teléfono visible","udon portal la dehesa","No","","No","","Restaurante","68","Medio potencial"
"Kiara Nikkei","4.3","386","El Rodeo 13332, 7690908 Lo Barnechea, Región Metropolitana","(2) 3210 4200","https://kiaranikkei.cl/","Restaurante","https://www.google.com/maps/place/Kiara+Nikkei/@-33.3513773,-70.5124452,17z/data=!3m1!4b1!4m6!3m5!1s0x9662cb8b33dbf8af:0x7de2d4768a1e5777!8m2!3d-33.3513773!4d-70.5124452!16s%2Fg%2F11s4tggl8_?authuser=0&hl=es-419&entry=ttu&g_ep=EgoyMDI2MDUxNy4wIKXMDSoASAFQAw%3D%3D","-33.3513773","-70.5124452","Lo Barnechea","Metropolitana","Chile","Google Maps web scraping con Playwright","2026-05-22","Completo","Sí","","","","","","","","","","","","","","","","","kiara nikkei","No","","No","","Restaurante","83","Alto potencial"
"Delfina Bistro","4.8","102","Av. La Dehesa 1201, 7690277 Lo Barnechea, Región Metropolitana","9 7807 1773","https://www.instagram.com/delfina_bistro","Taberna","https://www.google.com/maps/place/Delfina+Bistro/@-33.36034,-70.5148406,17z/data=!3m1!4b1!4m6!3m5!1s0x9662cb0044df1c5d:0xcb72375c0611c704!8m2!3d-33.36034!4d-70.5148406!16s%2Fg%2F11xp4kcj0w?authuser=0&hl=es-419&entry=ttu&g_ep=EgoyMDI2MDUxNy4wIKXMDSoASAFQAw%3D%3D","-33.36034","-70.5148406","Lo Barnechea","Metropolitana","Chile","Google Maps web scraping con Playwright","2026-05-22","Completo","Sí","","","","","","","","","","","","","","","","","delfina bistro","No","","No","","Bar/Pub","81","Alto potencial"
"La Fabbrica - La Dehesa","4.2","206","El Rodeo 12850, local 76, 7700401 Lo Barnechea, Región Metropolitana","9 2872 4809","http://la-fabbrica.cl/","Restaurante italiano","https://www.google.com/maps/place/La+Fabbrica+-+La+Dehesa/data=!4m7!3m6!1s0x9662cb28fc851d5d:0x75c5011bd73c3896!8m2!3d-33.3521845!4d-70.5200252!16s%2Fg%2F11kc0_lbb1!19sChIJXR2F_CjLYpYRljg81xsBxXU?authuser=0&hl=es-419&rclk=1","-33.3521845","-70.5200252","Lo Barnechea","Metropolitana","Chile","Google Maps web scraping con Playwright","2026-05-22","Completo","Sí","","","","","","","","","","","","","","","","","la fabbrica la dehesa","No","","No","","Restaurante","80","Alto potencial"
"Barrica 94","4.5","835","Av. José Alcalde Délano 10533, local 1508, Lo Barnechea, Región Metropolitana","(2) 3210 2200","http://www.barrica94.cl/","Restaurante","https://www.google.com/maps/place/Barrica+94/data=!4m7!3m6!1s0x9662c59ac22dc56b:0x1403cd9464826478!8m2!3d-33.3567819!4d-70.5400355!16s%2Fg%2F11bwh9wr9_!19sChIJa8UtwprFYpYReGSCZJTNAxQ?authuser=0&hl=es-419&rclk=1","-33.3567819","-70.5400355","Lo Barnechea","Metropolitana","Chile","Google Maps web scraping con Playwright","2026-05-22","Completo","Sí","","","","","","","","","","","","","","","","","barrica 94","No","","No","","Bar/Pub","87","Alto potencial"
"alBosque - CraftBeers & Food","4.1","299","Cam. Los Trapenses 3200, 7700334 Lo Barnechea, Región Metropolitana","","https://fiweex.com/reservas_portal_bienvenida/aYF6hA%3D%3D?fbclid=PAQ0xDSwLac_hleHRuA2FlbQIxMQABp_QkBhlpK2_HIjbcz4csm2C7ocjJpYWLib1A2-NH1VYU063iyZ4QjRxoGxq1_aem_QZNMjppiOC69cYSkU9JLYw","Restaurante","https://www.google.com/maps/place/alBosque+-+CraftBeers+%26+Food/@-33.346813,-70.5433961,17z/data=!3m1!4b1!4m6!3m5!1s0x9662c95390865deb:0x1a0bf66d75eb5554!8m2!3d-33.346813!4d-70.5433961!16s%2Fg%2F11r_v5k08f?authuser=0&hl=es-419&entry=ttu&g_ep=EgoyMDI2MDUxNy4wIKXMDSoASAFQAw%3D%3D","-33.346813","-70.5433961","Lo Barnechea","Metropolitana","Chile","Google Maps web scraping con Playwright","2026-05-22","Sin teléfono","Sí","","","","","","","","","","","","","","","","Sin teléfono visible","albosque craftbeers food","No","","No","","Restaurante","62","Medio potencial"
"Pizzería Capri Resto Bar","4.6","704","El Rodeo 13052, 7690771 Lo Barnechea, Región Metropolitana","9 4009 8980","http://www.pizzeriacapri.cl/","Pizzería","https://www.google.com/maps/place/Pizzer%C3%ADa+Capri+Resto+Bar/data=!4m7!3m6!1s0x9662cfdef2438a6d:0xa2cab89e9900dadb!8m2!3d-33.3522356!4d-70.5167338!16s%2Fg%2F11ngtnhh7w!19sChIJbYpD8t7PYpYR29oAmZ64yqI?authuser=0&hl=es-419&rclk=1","-33.3522356","-70.5167338","Lo Barnechea","Metropolitana","Chile","Google Maps web scraping con Playwright","2026-05-22","Completo","Sí","","","","","","","","","","","","","","","","","pizzeria capri resto bar","No","","No","","Bar/Pub","87","Alto potencial"
"La Divina Comida","4.3","418","Los Patos 13735, 7690708 Lo Barnechea, Región Metropolitana","(2) 3221 1823","https://www.ladivinacomida.cl/","Restaurante italiano","https://www.google.com/maps/place/La+Divina+Comida/data=!4m7!3m6!1s0x9662cf05717c5b7b:0x4d119a3b0367fb!8m2!3d-33.3593793!4d-70.5072727!16s%2Fg%2F12lv_2r91!19sChIJe1t8cQXPYpYR-2cDO5oRTQA?authuser=0&hl=es-419&rclk=1","-33.3593793","-70.5072727","Lo Barnechea","Metropolitana","Chile","Google Maps web scraping con Playwright","2026-05-22","Completo","Sí","","","","","","","","","","","","","","","","","la divina comida","No","","No","","Restaurante","83","Alto potencial"
"Tio Tomate La Dehesa","4.4","331","San Lucas 230, 7690493 Santiago, Lo Barnechea, Región Metropolitana","9 7661 9011","http://tiotomate.cl/","Restaurante","https://www.google.com/maps/place/Tio+Tomate+La+Dehesa/data=!4m7!3m6!1s0x9662cb099a3ff2a1:0xe32031824b1bf9be!8m2!3d-33.3628895!4d-70.512014!16s%2Fg%2F11k9s_w3ny!19sChIJofI_mgnLYpYRvvkbS4IxIOM?authuser=0&hl=es-419&rclk=1","-33.3628895","-70.512014","Lo Barnechea","Metropolitana","Chile","Google Maps web scraping con Playwright","2026-05-22","Completo","Sí","","","","","","","","","","","","","","","","","tio tomate la dehesa","No","","No","","Restaurante","83","Alto potencial"
"Doña Tina","4.4","04","Cam. los Refugios del Arrayan 15125, Lo Barnechea, Región Metropolitana","(2) 2321 6546","http://www.donatina.cl/","Restaurante","https://www.google.com/maps/place/Do%C3%B1a+Tina/data=!4m7!3m6!1s0x9662cb90b5ce7e15:0xd77184d3077867ff!8m2!3d-33.3610734!4d-70.4920546!16s%2Fg%2F1hjgq14dc!19sChIJFX7OtZDLYpYR_2d4B9OEcdc?authuser=0&hl=es-419&rclk=1","-33.3610734","-70.4920546","Lo Barnechea","Metropolitana","Chile","Google Maps web scraping con Playwright","2026-05-22","Completo","Sí","","","","","","","","","","","","","","","","","dona tina","No","","No","","Restaurante","67","Medio potencial"
"Aleman Experto La Dehesa","4.4","06","Av. La Dehesa 1670, 7690253 Lo Barnechea, Región Metropolitana","(2) 3267 1637","http://www.alemanexperto.cl/","Restaurante","https://www.google.com/maps/place/Aleman+Experto+La+Dehesa/@-33.3573537,-70.5176429,17z/data=!3m1!4b1!4m6!3m5!1s0x9662cbdd07f40b67:0x915b5dbe49b78295!8m2!3d-33.3573537!4d-70.5176429!16s%2Fg%2F11g8ygtnln?authuser=0&hl=es-419&entry=ttu&g_ep=EgoyMDI2MDUxNy4wIKXMDSoASAFQAw%3D%3D","-33.3573537","-70.5176429","Lo Barnechea","Metropolitana","Chile","Google Maps web scraping con Playwright","2026-05-22","Completo","Sí","","","","","","","","","","","","","","","","","aleman experto la dehesa","Sí","aleman experto","No","","Restaurante","68","Medio potencial"
"Margo la Dehesa","4.4","879","Manquehue Ote. 2030, Lo Barnechea, Región Metropolitana","(2) 2244 5902","http://www.margo.cl/","Restaurante","https://www.google.com/maps/place/Margo+la+Dehesa/@-33.3614438,-70.5450202,17z/data=!3m1!4b1!4m6!3m5!1s0x9662c96a2dfd1409:0x725f7a3109c9c0e1!8m2!3d-33.3614438!4d-70.5450202!16s%2Fg%2F11bvvyh5n_?authuser=0&hl=es-419&entry=ttu&g_ep=EgoyMDI2MDUxNy4wIKXMDSoASAFQAw%3D%3D","-33.3614438","-70.5450202","Lo Barnechea","Metropolitana","Chile","Google Maps web scraping con Playwright","2026-05-22","Completo","Sí","","","","","","","","","","","","","","","","","margo la dehesa","No","","No","","Restaurante","87","Alto potencial"
"Nelí Portal La Dehesa","4.5","102","Av. La Dehesa 1445, local 1108, 7690130 Lo Barnechea, Región Metropolitana","9 7949 2016","https://www.neli.cl/","Restaurante","https://www.google.com/maps/place/Nel%C3%AD+Portal+La+Dehesa/data=!4m7!3m6!1s0x9662cb76dd6c75a1:0xef4c811b5d84772f!8m2!3d-33.3573513!4d-70.5151516!16s%2Fg%2F11ww0wwdnp!19sChIJoXVs3XbLYpYRL3eEXRuBTO8?authuser=0&hl=es-419&rclk=1","-33.3573513","-70.5151516","Lo Barnechea","Metropolitana","Chile","Google Maps web scraping con Playwright","2026-05-22","Completo","Sí","","","","","","","","","","","","","","","","","neli portal la dehesa","No","","No","","Restaurante","79","Alto potencial"
"ZÍA Bistró & Café","4.6","142","El Rodeo 13453, 7690098 Lo Barnechea, Región Metropolitana","9 3647 8658","http://www.ziabistro.cl/","Restaurante","https://www.google.com/maps/place/Z%C3%8DA+Bistr%C3%B3+%26+Caf%C3%A9/data=!4m7!3m6!1s0x9662cb0bb59653bf:0x621cf567cf02bc40!8m2!3d-33.3519791!4d-70.5121117!16s%2Fg%2F11lv74fdpq!19sChIJv1OWtQvLYpYRQLwCz2f1HGI?authuser=0&hl=es-419&rclk=1","-33.3519791","-70.5121117","Lo Barnechea","Metropolitana","Chile","Google Maps web scraping con Playwright","2026-05-22","Completo","No","","","","","","","","","","","","","","","","Revisar: parece cafe","zia bistro cafe","No","","No","","Cafetería","77","Bajo potencial"
"Hocha Restaurante de Comida Típica Taiwanesa - Patio La Dehesa","4.7","85","Av. José Alcalde Délano 10425, Local 21, 7690324 Lo Barnechea, Región Metropolitana","(2) 2954 7934","http://www.hocha.cl/","Restaurante asiático","https://www.google.com/maps/place/Hocha+Restaurante+de+Comida+T%C3%ADpica+Taiwanesa+-+Patio+La+Dehesa/@-33.3594746,-70.5433854,17z/data=!3m1!4b1!4m6!3m5!1s0x9662c97611858c27:0x9c7c6196c38ccd8!8m2!3d-33.3594746!4d-70.5433854!16s%2Fg%2F11sd_8p15m?authuser=0&hl=es-419&entry=ttu&g_ep=EgoyMDI2MDUxNy4wIKXMDSoASAFQAw%3D%3D","-33.3594746","-70.5433854","Lo Barnechea","Metropolitana","Chile","Google Maps web scraping con Playwright","2026-05-22","Completo","Sí","","","","","","","","","","","","","","","","","hocha de comida tipica taiwanesa patio la dehesa","No","","No","","Restaurante","80","Alto potencial"
"Rishtedar La Dehesa","4.9","51","El Rodeo 12850, Local 74 y 75, Lo Barnechea, Región Metropolitana","(2) 3345 4142","https://rishtedar.cl/","Restaurante indio","https://www.google.com/maps/place/Rishtedar+La+Dehesa/data=!4m7!3m6!1s0x9662cbe6c5693217:0x1785539e3974932c!8m2!3d-33.3524375!4d-70.5196951!16s%2Fg%2F11xtxwszz2!19sChIJFzJpxebLYpYRLJN0OZ5ThRc?authuser=0&hl=es-419&rclk=1","-33.3524375","-70.5196951","Lo Barnechea","Metropolitana","Chile","Google Maps web scraping con Playwright","2026-05-22","Completo","Sí","","","","","","","","","","","","","","","","","rishtedar la dehesa","No","","No","","Restaurante","79","Alto potencial"
"Fiamma","4.6","343","Av. La Dehesa 1445, local 6224, 7690130 Lo Barnechea, Región Metropolitana","","https://fiammaristorante.cl/","Restaurante italiano","https://www.google.com/maps/place/Fiamma/@-33.3585606,-70.5158902,17z/data=!3m1!4b1!4m6!3m5!1s0x9662cb0026674221:0xadb31afc1247a4da!8m2!3d-33.3585606!4d-70.5158902!16s%2Fg%2F11yczhp7tn?authuser=0&hl=es-419&entry=ttu&g_ep=EgoyMDI2MDUxNy4wIKXMDSoASAFQAw%3D%3D","-33.3585606","-70.5158902","Lo Barnechea","Metropolitana","Chile","Google Maps web scraping con Playwright","2026-05-22","Sin teléfono","Sí","","","","","","","","","","","","","","","","Sin teléfono visible","fiamma","No","","No","","Restaurante","66","Medio potencial"
"El Japonés - Portal La Dehesa","4.8","724","Av. La Dehesa 1445, local 6224, 7690130 Lo Barnechea, Región Metropolitana","","https://eljaponeschile.com/","Restaurante japonés","https://www.google.com/maps/place/El+Japon%C3%A9s+-+Portal+La+Dehesa/@-33.3587407,-70.5158683,17z/data=!3m1!4b1!4m6!3m5!1s0x9662cb005123129b:0x55f574911866195d!8m2!3d-33.3587407!4d-70.5158683!16s%2Fg%2F11x0mhfd8d?authuser=0&hl=es-419&entry=ttu&g_ep=EgoyMDI2MDUxNy4wIKXMDSoASAFQAw%3D%3D","-33.3587407","-70.5158683","Lo Barnechea","Metropolitana","Chile","Google Maps web scraping con Playwright","2026-05-22","Sin teléfono","Sí","","","","","","","","","","","","","","","","Sin teléfono visible","el japones portal la dehesa","Sí","el japones","No","","Restaurante","71","Medio potencial"
"Alemán Experto Los Trapenses","4.6","100","Cam. Los Trapenses 3515, Lo Barnechea, Región Metropolitana","9 9845 0513","http://www.alemanexperto.cl/","Restaurante","https://www.google.com/maps/place/Alem%C3%A1n+Experto+Los+Trapenses/data=!4m7!3m6!1s0x9662c90076f353a1:0x56ca1ab25f5a3687!8m2!3d-33.343684!4d-70.5445141!16s%2Fg%2F11x73w3tj6!19sChIJoVPzdgDJYpYRhzZaX7IaylY?authuser=0&hl=es-419&rclk=1","-33.343684","-70.5445141","Lo Barnechea","Metropolitana","Chile","Google Maps web scraping con Playwright","2026-05-22","Completo","Sí","","","","","","","","","","","","","","","","","aleman experto los trapenses","Sí","aleman experto","No","","Restaurante","80","Alto potencial"
"La Campiña Cocina Francesa","4.4","28","El Rodeo 13165, El Rodeo, Lo Barnechea, Región Metropolitana","9 4099 5970","http://lacampinafrancesa.cl/","Restaurante francés","https://www.google.com/maps/place/La+Campi%C3%B1a+Cocina+Francesa/data=!4m7!3m6!1s0x9662cb0008d7afdb:0x985d06d8abd5f9ab!8m2!3d-33.3525665!4d-70.515556!16s%2Fg%2F11yq2t7_xz!19sChIJ26_XCADLYpYRq_nVq9gGXZg?authuser=0&hl=es-419&rclk=1","-33.3525665","-70.515556","Lo Barnechea","Metropolitana","Chile","Google Maps web scraping con Playwright","2026-05-22","Completo","Sí","","","","","","","","","","","","","","","","","la campina cocina francesa","No","","No","","Restaurante","74","Medio potencial"
"Sabor y Aroma","4.3","41","Av. Raúl Labbé 12559, 7690554 Lo Barnechea, Región Metropolitana","(2) 3264 3715","https://saboryaroma.cl/","Restaurante peruano","https://www.google.com/maps/place/Sabor+y+Aroma/data=!4m7!3m6!1s0x9662cbe5e86c4a7f:0xd5d5180f7b0dcda7!8m2!3d-33.3653921!4d-70.5156354!16s%2Fg%2F11c22w2c91!19sChIJf0ps6OXLYpYRp80New8Y1dU?authuser=0&hl=es-419&rclk=1","-33.3653921","-70.5156354","Lo Barnechea","Metropolitana","Chile","Google Maps web scraping con Playwright","2026-05-22","Completo","Sí","","","","","","","","","","","","","","","","","sabor y aroma","No","","No","","Restaurante","74","Medio potencial"
"Bambinolli Restaurante","4.5","629","El Rodeo 13350, 5006070 Lo Barnechea, Región Metropolitana","9 3239 2425","https://www.instagram.com/bambinollirestaurante/","Restaurante","https://www.google.com/maps/place/Bambinolli+Restaurante/@-33.3514323,-70.5120598,17z/data=!3m1!4b1!4m6!3m5!1s0x9662cbaf9cb86af5:0x4288af43e3d517c5!8m2!3d-33.3514323!4d-70.5120598!16s%2Fg%2F11xw87swbc?authuser=0&hl=es-419&entry=ttu&g_ep=EgoyMDI2MDUxNy4wIKXMDSoASAFQAw%3D%3D","-33.3514323","-70.5120598","Lo Barnechea","Metropolitana","Chile","Google Maps web scraping con Playwright","2026-05-22","Completo","Sí","","","","","","","","","","","","","","","","","bambinolli","No","","No","","Restaurante","86","Alto potencial"
"Santa Brasa Trapenses","4.3","328","Av. José Alcalde Délano 10494, 7691232 Lo Barnechea, Región Metropolitana","9 5012 5729","http://www.santabrasa.cl/","Restaurante","https://www.google.com/maps/place/Santa+Brasa+Trapenses/data=!4m7!3m6!1s0x9662c9f2202cde1b:0x87c84f302c81099b!8m2!3d-33.3566233!4d-70.5394682!16s%2Fg%2F11j002_66l!19sChIJG94sIPLJYpYRmwmBLDBPyIc?authuser=0&hl=es-419&rclk=1","-33.3566233","-70.5394682","Lo Barnechea","Metropolitana","Chile","Google Maps web scraping con Playwright","2026-05-22","Completo","Sí","","","","","","","","","","","","","","","","","santa brasa trapenses","No","","No","","Restaurante","82","Alto potencial"
"Ostras Chiloé - Los Trapenses","4.9","40","Del Monje 10548, 7700333 Lo Barnechea, Región Metropolitana","(2) 2981 6668","","Marisquería","https://www.google.com/maps/place/Ostras+Chilo%C3%A9+-+Los+Trapenses/@-33.3468895,-70.5423957,17z/data=!3m1!4b1!4m6!3m5!1s0x9662c9bf05f7a90f:0x6f76b7265e34a41b!8m2!3d-33.3468895!4d-70.5423957!16s%2Fg%2F11h53xdw_d?authuser=0&hl=es-419&entry=ttu&g_ep=EgoyMDI2MDUxNy4wIKXMDSoASAFQAw%3D%3D","-33.3468895","-70.5423957","Lo Barnechea","Metropolitana","Chile","Google Maps web scraping con Playwright","2026-05-22","Parcial","No","","","","","","","","","","","","","","","","","ostras chiloe los trapenses","No","","No","","Otro","60","Bajo potencial"
"Pata Negra Chile","5.0","6","Av. La Dehesa 1500, 7690253 Santiago, Lo Barnechea, Región Metropolitana","","https://www.instagram.com/patanegra.chile/","Restaurante mediterráneo","https://www.google.com/maps/place/Pata+Negra+Chile/data=!4m7!3m6!1s0x9662cb003d17c26f:0x7ce026e5f01ed125!8m2!3d-33.3581708!4d-70.5186954!16s%2Fg%2F11wqqw9zrt!19sChIJb8IXPQDLYpYRJdEe8OUm4Hw?authuser=0&hl=es-419&rclk=1","-33.3581708","-70.5186954","Lo Barnechea","Metropolitana","Chile","Google Maps web scraping con Playwright","2026-05-22","Sin teléfono","Sí","","","","","","","","","","","","","","","","Sin teléfono visible","pata negra","No","","No","","Restaurante","54","Bajo potencial"
"TACU TACU Restaurante - Providencia","4.8","04","Av. Andrés Bello 2233, Local 2217, 7510056 Providencia, Región Metropolitana","9 7523 8600","https://instagram.com/tacutacuprovidencia?igshid=OGQ2MjdiOTE=","Restaurante peruano","https://www.google.com/maps/place/TACU+TACU+Restaurante+-+Providencia/@-33.4203473,-70.6104797,17z/data=!3m1!4b1!4m6!3m5!1s0x9662cf4b70822fe9:0xf81994fdb40ea03c!8m2!3d-33.4203473!4d-70.6104797!16s%2Fg%2F11tfz6cvsk?authuser=0&hl=es-419&entry=ttu&g_ep=EgoyMDI2MDUxNy4wIKXMDSoASAFQAw%3D%3D","-33.4203473","-70.6104797","Providencia","Metropolitana","Chile","Google Maps web scraping con Playwright","2026-05-22","Completo","Sí","","","","","","","","","","","","","","","","","tacu tacu","No","","No","","Restaurante","70","Medio potencial"
"Hambrientos & Sedientos Providencia","4.9","857","Tomás Andrews 67, 7500000 Providencia, Región Metropolitana","9 6796 6840","https://www.hambrientoschile.cl/pedir","Pub restaurante","https://www.google.com/maps/place/Hambrientos+%26+Sedientos+Providencia/data=!4m7!3m6!1s0x9662c54e18342111:0x42730626ff48fd4e!8m2!3d-33.4417148!4d-70.6325479!16s%2Fg%2F11m9zcrvgy!19sChIJESE0GE7FYpYRTv1I_yYGc0I?authuser=0&hl=es-419&rclk=1","-33.4417148","-70.6325479","Providencia","Metropolitana","Chile","Google Maps web scraping con Playwright","2026-05-22","Completo","Sí","","","","","","","","","","","","","","","","","hambrientos sedientos","No","","No","","Bar/Pub","90","Alto potencial"
"Bertazzo Trattoria","4.9","71","Emilio Vaisse 402, 7501430 Providencia, Región Metropolitana","9 4746 2886","https://linktr.ee/bertazzo","Restaurante argentino","https://www.google.com/maps/place/Bertazzo+Trattoria/data=!4m7!3m6!1s0x9662c50068aaf8fb:0x819f7672d9d163f5!8m2!3d-33.4459438!4d-70.6274188!16s%2Fg%2F11vxswfqfx!19sChIJ-_iqaADFYpYR9WPR2XJ2n4E?authuser=0&hl=es-419&rclk=1","-33.4459438","-70.6274188","Providencia","Metropolitana","Chile","Google Maps web scraping con Playwright","2026-05-22","Completo","Sí","","","","","","","","","","","","","","","","","bertazzo trattoria","No","","No","","Restaurante","81","Alto potencial"
"Kilú - Casa de Carnes","4.8","417","José Manuel Infante 28, 7500641 Providencia, Región Metropolitana","9 9916 9146","https://www.kilucasadecarnes.cl/","Restaurante especializado en filetes","https://www.google.com/maps/place/Kil%C3%BA+-+Casa+de+Carnes/data=!4m7!3m6!1s0x9662c5d9547e1577:0xfc5330f70249a13c!8m2!3d-33.431898!4d-70.623884!16s%2Fg%2F11wj0k0h23!19sChIJdxV-VNnFYpYRPKFJAvcwU_w?authuser=0&hl=es-419&rclk=1","-33.431898","-70.623884","Providencia","Metropolitana","Chile","Google Maps web scraping con Playwright","2026-05-22","Completo","Sí","","","","","","","","","","","","","","","","","kilu casa de carnes","No","","No","","Restaurante","87","Alto potencial"
"La Yunta Providencia","4.6","37","Manuel Montt 748, 7500977 Providencia, Región Metropolitana","(2) 3270 0556","http://www.layunta.cl/","Restaurante","https://www.google.com/maps/place/La+Yunta+Providencia/@-33.4349707,-70.6163277,17z/data=!3m1!4b1!4m6!3m5!1s0x9662cf7c1d4926e9:0x86997b36f37f3a27!8m2!3d-33.4349707!4d-70.6163277!16s%2Fg%2F11cpppmpkp?authuser=0&hl=es-419&entry=ttu&g_ep=EgoyMDI2MDUxNy4wIKXMDSoASAFQAw%3D%3D","-33.4349707","-70.6163277","Providencia","Metropolitana","Chile","Google Maps web scraping con Playwright","2026-05-22","Completo","Sí","","","","","","","","","","","","","","","","","la yunta","Sí","la yunta","Sí","DUP-001","Restaurante","76","Medio potencial"
"Restaurant Viva La Vida","4.8","29","Constitución 166, 7520367 Providencia, Región Metropolitana","9 8438 2683","https://www.restaurantvivalavida.cl/","Restaurante chileno","https://www.google.com/maps/place/Restaurant+Viva+La+Vida/@-33.4323847,-70.6350521,17z/data=!3m1!4b1!4m6!3m5!1s0x9662c5900af9e0f1:0x7a3457df8c8e8df0!8m2!3d-33.4323847!4d-70.6350521!16s%2Fg%2F11bbrm9xzn?authuser=0&hl=es-419&entry=ttu&g_ep=EgoyMDI2MDUxNy4wIKXMDSoASAFQAw%3D%3D","-33.4323847","-70.6350521","Providencia","Metropolitana","Chile","Google Maps web scraping con Playwright","2026-05-22","Completo","Sí","","","","","","","","","","","","","","","","","viva la vida","No","","No","","Restaurante","77","Medio potencial"
"La Hacienda Gaucha","4.4","17","Providencia Región Metropolitana CL, Av. Pedro de Valdivia 1719, 7511282 Santiago, Providencia, Región Metropolitana","9 5396 4302","https://www.instagram.com/lahaciendagaucha","Restaurante especializado en filetes","https://www.google.com/maps/place/La+Hacienda+Gaucha/data=!4m7!3m6!1s0x9662cf77d05d9733:0x50a5c2a41484f2f5!8m2!3d-33.4387109!4d-70.6083537!16s%2Fg%2F11b7q82hfy!19sChIJM5dd0HfPYpYR9fKEFKTCpVA?authuser=0&hl=es-419&rclk=1","-33.4387109","-70.6083537","Providencia","Metropolitana","Chile","Google Maps web scraping con Playwright","2026-05-22","Completo","Sí","","","","","","","","","","","","","","","","","la hacienda gaucha","No","","No","","Restaurante","72","Medio potencial"
"El Ancla Providencia","4.4","15","Sta. Beatriz 191, Providencia, Región Metropolitana","9 6122 0801","http://www.elancla.cl/","Restaurante","https://www.google.com/maps/place/El+Ancla+Providencia/data=!4m7!3m6!1s0x9662cf624adfc5c7:0x1baee6a121460f2c!8m2!3d-33.4260057!4d-70.6186499!16s%2Fg%2F11bycjg_bd!19sChIJx8XfSmLPYpYRLA9GIaHmrhs?authuser=0&hl=es-419&rclk=1","-33.4260057","-70.6186499","Providencia","Metropolitana","Chile","Google Maps web scraping con Playwright","2026-05-22","Completo","Sí","","","","","","","","","","","","","","","","","el ancla","No","","No","","Restaurante","71","Medio potencial"
"Le Bistrot de Gaetan","4.7","88","Sta. Magdalena 80, Local 7, 7510054 Providencia, Región Metropolitana","(2) 2232 1054","http://www.lebistrot.cl/","Restaurante francés","https://www.google.com/maps/place/Le+Bistrot+de+Gaetan/@-33.4208641,-70.6100723,17z/data=!3m1!4b1!4m6!3m5!1s0x9662cf6627dc8ad1:0xe6d73bc9a7a6887!8m2!3d-33.4208641!4d-70.6100723!16s%2Fg%2F1wl4rt9r?authuser=0&hl=es-419&entry=ttu&g_ep=EgoyMDI2MDUxNy4wIKXMDSoASAFQAw%3D%3D","-33.4208641","-70.6100723","Providencia","Metropolitana","Chile","Google Maps web scraping con Playwright","2026-05-22","Completo","Sí","","","","","","","","","","","","","","","","","le bistrot de gaetan","No","","No","","Restaurante","80","Alto potencial"
"Ay Mi Madre Restobar Providencia","4.4","477","Gral Flores 218, 7750000 Providencia, Región Metropolitana","9 4497 8597","https://linktr.ee/Aymimadrecl","Pub restaurante","https://www.google.com/maps/place/Ay+Mi+Madre+Restobar+Providencia/data=!4m7!3m6!1s0x9662cf31549a0e2f:0xe91ba3c5bee359c3!8m2!3d-33.426514!4d-70.6200915!16s%2Fg%2F11n08wt6lj!19sChIJLw6aVDHPYpYRw1njvsWjG-k?authuser=0&hl=es-419&rclk=1","-33.426514","-70.6200915","Providencia","Metropolitana","Chile","Google Maps web scraping con Playwright","2026-05-22","Completo","Sí","","","","","","","","","","","","","","","","","ay mi madre","Sí","ay mi","Sí","DUP-005","Bar/Pub","84","Alto potencial"
"Casaluz Restaurant","4.5","05","Av. Italia 805, 7501184 Providencia, Región Metropolitana","9 8328 3329","https://www.casaluzrestaurant.cl/","Restaurante","https://www.google.com/maps/place/Casaluz+Restaurant/@-33.4421855,-70.6264657,17z/data=!3m1!4b1!4m6!3m5!1s0x9662c581e19870c3:0x9be183df6be6387c!8m2!3d-33.4421855!4d-70.6264657!16s%2Fg%2F1tx16kc6?authuser=0&hl=es-419&entry=ttu&g_ep=EgoyMDI2MDUxNy4wIKXMDSoASAFQAw%3D%3D","-33.4421855","-70.6264657","Providencia","Metropolitana","Chile","Google Maps web scraping con Playwright","2026-05-22","Completo","Sí","","","","","","","","","","","","","","","","","casaluz","No","","No","","Restaurante","68","Medio potencial"
"Giratorio","4.5","88","Av. Nueva Providencia 2250, 7500000 Providencia, Región Metropolitana","9 4247 3940","http://giratorio.cl/","Restaurante","https://www.google.com/maps/place/Giratorio/data=!4m7!3m6!1s0x9662cf68c0b11a77:0x2943c2e12a71bae4!8m2!3d-33.421721!4d-70.6085958!16s%2Fg%2F1hjhbv_h4!19sChIJdxqxwGjPYpYR5LpxKuHCQyk?authuser=0&hl=es-419&rclk=1","-33.421721","-70.6085958","Providencia","Metropolitana","Chile","Google Maps web scraping con Playwright","2026-05-22","Completo","Sí","","","","","","","","","","","","","","","","","giratorio","No","","No","","Restaurante","79","Alto potencial"
"Carrer Nou","4.6","26","Miguel Claro 1802, 7501394 Providencia, Región Metropolitana","(2) 2727 1161","https://www.facebook.com/CarrerNouCL/","Restaurante de cocina española","https://www.google.com/maps/place/Carrer+Nou/data=!4m7!3m6!1s0x9662cf814b9705a5:0x7d584a20336bdc9!8m2!3d-33.4455205!4d-70.6168304!16s%2Fg%2F11ckqrj8n1!19sChIJpQWXS4HPYpYRyb02A6KE1Qc?authuser=0&hl=es-419&rclk=1","-33.4455205","-70.6168304","Providencia","Metropolitana","Chile","Google Maps web scraping con Playwright","2026-05-22","Completo","Sí","","","","","","","","","","","","","","","","","carrer nou","No","","No","","Restaurante","75","Medio potencial"
"Restaurante Peumayen - Comida Chilena Santiago","4.5","91","Constitución 136, 7520367 Providencia, Región Metropolitana","","https://www.peumayenchile.cl/","Restaurante chileno","https://www.google.com/maps/place/Restaurante+Peumayen+-+Comida+Chilena+Santiago/data=!4m7!3m6!1s0x9662c59aa16db1dd:0x1766370983bcca20!8m2!3d-33.4328182!4d-70.6350162!16s%2Fg%2F11b6z1sxl8!19sChIJ3bFtoZrFYpYRIMq8gwk3Zhc?authuser=0&hl=es-419&rclk=1","-33.4328182","-70.6350162","Providencia","Metropolitana","Chile","Google Maps web scraping con Playwright","2026-05-22","Sin teléfono","Sí","","","","","","","","","","","","","","","","Sin teléfono visible","peumayen comida chilena santiago","No","","No","","Restaurante","61","Medio potencial"
"Le Flaubert","4.5","682","Orrego Luco 125, 7510105 Providencia, Región Metropolitana","9 9820 6921","https://leflaubert.cl/","Restaurante","https://www.google.com/maps/place/Le+Flaubert/data=!4m7!3m6!1s0x9662cf66f40e9c4b:0x1436ab6a7739daf5!8m2!3d-33.4221115!4d-70.6128618!16s%2Fg%2F1tz72lg5!19sChIJS5wO9GbPYpYR9do5d2qrNhQ?authuser=0&hl=es-419&rclk=1","-33.4221115","-70.6128618","Providencia","Metropolitana","Chile","Google Maps web scraping con Playwright","2026-05-22","Completo","Sí","","","","","","","","","","","","","","","","","le flaubert","No","","No","","Restaurante","86","Alto potencial"
"La Brava Restaurant","4.6","171","Av. Providencia 1713, 7500528 Providencia, Región Metropolitana","9 3644 3842","https://rest.nuvy.cl/la-brava","Restaurante","https://www.google.com/maps/place/La+Brava+Restaurant/@-33.4268293,-70.6150193,17z/data=!3m1!4b1!4m6!3m5!1s0x9662cf0007137975:0xfef2a0c7b5929a5c!8m2!3d-33.4268293!4d-70.6150193!16s%2Fg%2F11xn6z0qkj?authuser=0&hl=es-419&entry=ttu&g_ep=EgoyMDI2MDUxNy4wIKXMDSoASAFQAw%3D%3D","-33.4268293","-70.6150193","Providencia","Metropolitana","Chile","Google Maps web scraping con Playwright","2026-05-22","Completo","Sí","","","","","","","","","","","","","","","","","la brava","No","","No","","Restaurante","82","Alto potencial"
"Del Beto Restaurant","4.3","56","Manuel Montt 1828, 7501280 Providencia, Región Metropolitana","(2) 2209 0206","http://delbeto.cl/","Restaurante chileno","https://www.google.com/maps/place/Del+Beto+Restaurant/@-33.4444713,-70.6141735,17z/data=!3m1!4b1!4m6!3m5!1s0x9662cf83ed3d8115:0xa4d5d3532a0430e8!8m2!3d-33.4444713!4d-70.6141735!16s%2Fg%2F1tj6w0d9?authuser=0&hl=es-419&entry=ttu&g_ep=EgoyMDI2MDUxNy4wIKXMDSoASAFQAw%3D%3D","-33.4444713","-70.6141735","Providencia","Metropolitana","Chile","Google Maps web scraping con Playwright","2026-05-22","Completo","Sí","","","","","","","","","","","","","","","","","del beto","No","","No","","Restaurante","75","Medio potencial"
"Eladio Restaurant Providencia","4.4","98","Av. Nueva Providencia 2250, 7510086 Providencia, Región Metropolitana","9 9530 4537","http://www.eladio.cl/","Restaurante","https://www.google.com/maps/place/Eladio+Restaurant+Providencia/data=!4m7!3m6!1s0x9662cf68bef264ff:0xeb1ffbda7ce6dec6!8m2!3d-33.421716!4d-70.6085802!16s%2Fg%2F1v2kymky!19sChIJ_2TyvmjPYpYRxt7mfNr7H-s?authuser=0&hl=es-419&rclk=1","-33.421716","-70.6085802","Providencia","Metropolitana","Chile","Google Maps web scraping con Playwright","2026-05-22","Completo","Sí","","","","","","","","","","","","","","","","","eladio","No","","No","","Restaurante","78","Alto potencial"
"Bar Liguria Manuel Montt","4.3","16","Av. Providencia 1353, 7500575 Santiago, Providencia, Región Metropolitana","","http://www.liguria.cl/","Restaurante","https://www.google.com/maps/place/Bar+Liguria+Manuel+Montt/@-33.4284996,-70.6191305,17z/data=!3m1!4b1!4m6!3m5!1s0x9662cf62e6a64093:0x7a36ab4eafc5b3a7!8m2!3d-33.4284996!4d-70.6191305!16s%2Fg%2F1hhm352mj?authuser=0&hl=es-419&entry=ttu&g_ep=EgoyMDI2MDUxNy4wIKXMDSoASAFQAw%3D%3D","-33.4284996","-70.6191305","Providencia","Metropolitana","Chile","Google Maps web scraping con Playwright","2026-05-22","Sin teléfono","Sí","","","","","","","","","","","","","","","","Sin teléfono visible","bar liguria manuel montt","No","","No","","Bar/Pub","53","Bajo potencial"
"La Bifería","4.4","27","065, Av. Pedro de Valdivia, Providencia, Santiago, Región Metropolitana","(2) 2231 4677","https://www.labiferia.cl/","Restaurante especializado en filetes","https://www.google.com/maps/place/La+Bifer%C3%ADa/data=!4m7!3m6!1s0x9662cf668887840f:0xca13f08fa4fcfd86!8m2!3d-33.4228831!4d-70.6128602!16s%2Fg%2F12hyf2gfj!19sChIJD4SHiGbPYpYRhv38pI_wE8o?authuser=0&hl=es-419&rclk=1","-33.4228831","-70.6128602","Providencia","Metropolitana","Chile","Google Maps web scraping con Playwright","2026-05-22","Completo","Sí","","","","","","","","","","","","","","","","","la biferia","No","","No","","Restaurante","73","Medio potencial"
"Pal´Mar Restaurant","4.9","73","Condell 621, 7500000 Providencia, Región Metropolitana","9 9677 1812","http://www.palmarr.com/","Marisquería","https://www.google.com/maps/place/Pal%C2%B4Mar+Restaurant/data=!4m7!3m6!1s0x9662c532355eb9f1:0x50a389fa5e63504d!8m2!3d-33.4408405!4d-70.627778!16s%2Fg%2F11sh7rl04_!19sChIJ8bleNTLFYpYRTVBjXvqJo1A?authuser=0&hl=es-419&rclk=1","-33.4408405","-70.627778","Providencia","Metropolitana","Chile","Google Maps web scraping con Playwright","2026-05-22","Completo","Sí","","","","","","","","","","","","","","","","","pal mar","No","","No","","Restaurante","81","Alto potencial"
"TPM BAR Barrio Italia","3.9","652","Av. Italia 1226, 7501297 Providencia, Región Metropolitana","9 7649 3292","http://www.tpmbar.cl/","Bar restaurante","https://www.google.com/maps/place/TPM+BAR+Barrio+Italia/data=!4m7!3m6!1s0x9662c56cf0e6687b:0xa1a3e66c58d204a2!8m2!3d-33.4458846!4d-70.6250865!16s%2Fg%2F11shy38b39!19sChIJe2jm8GzFYpYRogTSWGzmo6E?authuser=0&hl=es-419&rclk=1","-33.4458846","-70.6250865","Providencia","Metropolitana","Chile","Google Maps web scraping con Playwright","2026-05-22","Completo","Sí","","","","","","","","","","","","","","","","","tpm bar barrio italia","No","","No","","Bar/Pub","82","Alto potencial"
"Bar Porfirio","4.5","922","Manuel Montt 697, 7500972 Providencia, Región Metropolitana","9 3391 9721","https://barporfirio.com/","Restaurante","https://www.google.com/maps/place/Bar+Porfirio/data=!4m7!3m6!1s0x9662cf96ce215003:0xc98947b728875671!8m2!3d-33.4346145!4d-70.6168949!16s%2Fg%2F11j0hsv5fl!19sChIJA1AhzpbPYpYRcVaHKLdHick?authuser=0&hl=es-419&rclk=1","-33.4346145","-70.6168949","Providencia","Metropolitana","Chile","Google Maps web scraping con Playwright","2026-05-22","Completo","Sí","","","","","","","","","","","","","","","","","bar porfirio","No","","No","","Bar/Pub","87","Alto potencial"
"OCULTO BEERGARDEN","4.6","16","Gral. Salvo 38, 7500 669, 7500669 Providencia, Región Metropolitana","","http://www.oculto.cl/","Restaurante","https://www.google.com/maps/place/OCULTO+BEERGARDEN/@-33.4334369,-70.625374,17z/data=!3m1!4b1!4m6!3m5!1s0x9662c5a37ed8cbd3:0x765c5a48fc6c3aac!8m2!3d-33.4334369!4d-70.625374!16s%2Fg%2F11jmwrpqk4?authuser=0&hl=es-419&entry=ttu&g_ep=EgoyMDI2MDUxNy4wIKXMDSoASAFQAw%3D%3D","-33.4334369","-70.625374","Providencia","Metropolitana","Chile","Google Maps web scraping con Playwright","2026-05-22","Sin teléfono","Sí","","","","","","","","","","","","","","","","Sin teléfono visible","oculto beergarden","No","","No","","Restaurante","55","Medio potencial"
"Nativo La Reina","4.6","454","Av. Príncipe de Gales 9140, 7860491 La Reina, Región Metropolitana","9 9098 4332","http://nativobar.cl/","Bar restaurante","https://www.google.com/maps/place/Nativo+La+Reina/data=!4m7!3m6!1s0x9662cf98005e3acf:0xb38e80ec60c96241!8m2!3d-33.4399398!4d-70.5352481!16s%2Fg%2F11jsy_22np!19sChIJzzpeAJjPYpYRQWLJYOyAjrM?authuser=0&hl=es-419&rclk=1","-33.4399398","-70.5352481","La Reina","Metropolitana","Chile","Google Maps web scraping con Playwright","2026-05-22","Completo","Sí","","","","","","","","","","","","","","","","","nativo","No","","No","","Bar/Pub","85","Alto potencial"
"Rishtedar La Reina","4.6","60","Av. Príncipe de Gales 6500, 7850286 La Reina, Región Metropolitana","(2) 3235 9977","https://www.rishtedar.cl/","Restaurante indio","https://www.google.com/maps/place/Rishtedar+La+Reina/@-33.4381564,-70.5647696,17z/data=!3m1!4b1!4m6!3m5!1s0x9662cfef049c5a59:0x62d7e0cee1a1dfbe!8m2!3d-33.4381564!4d-70.5647696!16s%2Fg%2F11mpclnd94?authuser=0&hl=es-419&entry=ttu&g_ep=EgoyMDI2MDUxNy4wIKXMDSoASAFQAw%3D%3D","-33.4381564","-70.5647696","La Reina","Metropolitana","Chile","Google Maps web scraping con Playwright","2026-05-22","Completo","Sí","","","","","","","","","","","","","","","","","rishtedar","Sí","rishtedar","Sí","DUP-003","Restaurante","78","Alto potencial"
"MANTO Restaurant","4.5","84","Av. Alcalde Fernando Castillo Velasco 9047, La Reina, Región Metropolitana","9 2204 7306","https://instagram.com/mantorestaurant?utm_medium=copy_link","Restaurante","https://www.google.com/maps/place/MANTO+Restaurant/@-33.4519618,-70.538348,17z/data=!3m1!4b1!4m6!3m5!1s0x9662cfcbb11141c9:0x35a4bac8a7ee582a!8m2!3d-33.4519618!4d-70.538348!16s%2Fg%2F11srb13rs3?authuser=0&hl=es-419&entry=ttu&g_ep=EgoyMDI2MDUxNy4wIKXMDSoASAFQAw%3D%3D","-33.4519618","-70.538348","La Reina","Metropolitana","Chile","Google Maps web scraping con Playwright","2026-05-22","Completo","Sí","","","","","","","","","","","","","","","","","manto","No","","No","","Restaurante","78","Alto potencial"
"Restaurante Peruano Mar Azul - La Reina","4.6","84","Av. Ossa 2294, 7850054 La Reina, Región Metropolitana","9 6520 5381","https://instagram.com/marazul_lareina?igshid=YmMyMTA2M2Y=","Restaurante peruano","https://www.google.com/maps/place/Restaurante+Peruano+Mar+Azul+-+La+Reina/data=!4m7!3m6!1s0x9662cfd6a982ad4f:0x3ef9442dc655264c!8m2!3d-33.4318791!4d-70.574902!16s%2Fg%2F11rz4qssd2!19sChIJT62CqdbPYpYRTCZVxi1E-T4?authuser=0&hl=es-419&rclk=1","-33.4318791","-70.574902","La Reina","Metropolitana","Chile","Google Maps web scraping con Playwright","2026-05-22","Completo","Sí","","","","","","","","","","","","","","","","","peruano mar azul","No","","No","","Restaurante","79","Alto potencial"
"Majka bistro","4.5","378","Av. Príncipe de Gales 7102, 7850291 La Reina, Región Metropolitana","9 9349 8825","http://www.majka.bistro.cl/","Restaurante","https://www.google.com/maps/place/Majka+bistro/data=!4m7!3m6!1s0x9662cf0998558ffb:0xa642f0ef4fafcc28!8m2!3d-33.4386378!4d-70.5580849!16s%2Fg%2F11tj6jsqrx!19sChIJ-49VmAnPYpYRKMyvT-_wQqY?authuser=0&hl=es-419&rclk=1","-33.4386378","-70.5580849","La Reina","Metropolitana","Chile","Google Maps web scraping con Playwright","2026-05-22","Completo","Sí","","","","","","","","","","","","","","","","","majka bistro","No","","No","","Restaurante","84","Alto potencial"
"Restaurante Criollo Internacional | El Patio Echeñique | Lounge Bar","3.7","698","Av. Echeñique 6315, 7850434 La Reina, Región Metropolitana","9 5803 5115","","Restaurante","https://www.google.com/maps/place/Restaurante+Criollo+Internacional+%7C+El+Patio+Eche%C3%B1ique+%7C+Lounge+Bar/@-33.4450936,-70.5660145,17z/data=!3m1!4b1!4m6!3m5!1s0x9662cfe8e5c3ded5:0x4bb76a377dd89198!8m2!3d-33.4450936!4d-70.5660145!16s%2Fg%2F11tcv3fwx0?authuser=0&hl=es-419&entry=ttu&g_ep=EgoyMDI2MDUxNy4wIKXMDSoASAFQAw%3D%3D","-33.4450936","-70.5660145","La Reina","Metropolitana","Chile","Google Maps web scraping con Playwright","2026-05-22","Parcial","Sí","","","","","","","","","","","","","","","","","criollo internacional el patio echenique lounge bar","No","","No","","Bar/Pub","67","Medio potencial"
"La Fuente Reina","4.1","62","Av. Echeñique 8540, La Reina, Región Metropolitana","9 3239 7261","http://www.lafuentereina.cl/","Restaurante","https://www.google.com/maps/place/La+Fuente+Reina/data=!4m7!3m6!1s0x9662ce6ee23a6d41:0x428d73a4f02fff8b!8m2!3d-33.4416745!4d-70.5430468!16s%2Fg%2F11b8_pfyv2!19sChIJQW064m7OYpYRi_8v8KRzjUI?authuser=0&hl=es-419&rclk=1","-33.4416745","-70.5430468","La Reina","Metropolitana","Chile","Google Maps web scraping con Playwright","2026-05-22","Completo","Sí","","","","","","","","","","","","","","","","","la fuente reina","Sí","la fuente","No","","Restaurante","74","Medio potencial"
"Mirá Vos - La Reina","4.4","184","Carlos Ossandón 75, 7500000 La Reina, Región Metropolitana","(55) 294 3434","http://www.miravos.cl/","Restaurante","https://www.google.com/maps/place/Mir%C3%A1+Vos+-+La+Reina/data=!4m7!3m6!1s0x9662cf74d37d9353:0x64bc36c209e55d0a!8m2!3d-33.4494895!4d-70.5434544!16s%2Fg%2F11v3_77_yz!19sChIJU5N903TPYpYRCl3lCcI2vGQ?authuser=0&hl=es-419&rclk=1","-33.4494895","-70.5434544","La Reina","Metropolitana","Chile","Google Maps web scraping con Playwright","2026-05-22","Completo","Sí","","","","","","","","","","","","","","","","","mira vos","No","","No","","Restaurante","81","Alto potencial"
"Caleta La Reina","4.4","697","Valenzuela Llanos 1358, 7860075 La Reina, Región Metropolitana","(2) 2993 5498","https://www.caletalareina.cl/","Restaurante","https://www.google.com/maps/place/Caleta+La+Reina/data=!4m7!3m6!1s0x9662ce70da1a5c9b:0x8953fc9ad2c0866e!8m2!3d-33.4399483!4d-70.5333349!16s%2Fg%2F11dxq2tymz!19sChIJm1wa2nDOYpYRbobA0pr8U4k?authuser=0&hl=es-419&rclk=1","-33.4399483","-70.5333349","La Reina","Metropolitana","Chile","Google Maps web scraping con Playwright","2026-05-22","Completo","Sí","","","","","","","","","","","","","","","","","caleta","No","","No","","Restaurante","86","Alto potencial"
"El Fogón del Gaucho","4.3","51","Av. Echeñique 6483, 7850420 La Reina, Región Metropolitana","(2) 2226 5583","http://fogondelgaucho.cl/","Restaurante","https://www.google.com/maps/place/El+Fog%C3%B3n+del+Gaucho/@-33.4448001,-70.5645338,17z/data=!3m1!4b1!4m6!3m5!1s0x9662ce7185a04db3:0x4b8ad831d51e6612!8m2!3d-33.4448001!4d-70.5645338!16s%2Fg%2F1vv2tfr7?authuser=0&hl=es-419&entry=ttu&g_ep=EgoyMDI2MDUxNy4wIKXMDSoASAFQAw%3D%3D","-33.4448001","-70.5645338","La Reina","Metropolitana","Chile","Google Maps web scraping con Playwright","2026-05-22","Completo","Sí","","","","","","","","","","","","","","","","","el fogon del gaucho","No","","No","","Restaurante","75","Medio potencial"
"La Fuente Carrera","4.7","41","Av. Larraín 6097, 7870187 La Reina, Región Metropolitana","9 9520 8103","https://lafuentecarrera.cl/","Restaurante","https://www.google.com/maps/place/La+Fuente+Carrera/@-33.4533085,-70.5668294,17z/data=!3m1!4b1!4m6!3m5!1s0x9662cfeb359d9aed:0x3ca0a354368ab903!8m2!3d-33.4533085!4d-70.5668294!16s%2Fg%2F11jj4zp3qz?authuser=0&hl=es-419&entry=ttu&g_ep=EgoyMDI2MDUxNy4wIKXMDSoASAFQAw%3D%3D","-33.4533085","-70.5668294","La Reina","Metropolitana","Chile","Google Maps web scraping con Playwright","2026-05-22","Completo","Sí","","","","","","","","","","","","","","","","","la fuente carrera","Sí","la fuente","No","","Restaurante","77","Medio potencial"
"Vecchia Casa restobar","4.6","476","Av. Larraín 6026, 7870125 La Reina, Región Metropolitana","9 7931 2095","https://vecchiacasarestobar.cl/","Restaurante","https://www.google.com/maps/place/Vecchia+Casa+restobar/@-33.4531048,-70.5676562,17z/data=!3m1!4b1!4m6!3m5!1s0x9662ce49f124307b:0x59b109a9939ed6bc!8m2!3d-33.4531048!4d-70.5676562!16s%2Fg%2F11bvt187pp?authuser=0&hl=es-419&entry=ttu&g_ep=EgoyMDI2MDUxNy4wIKXMDSoASAFQAw%3D%3D","-33.4531048","-70.5676562","La Reina","Metropolitana","Chile","Google Maps web scraping con Playwright","2026-05-22","Completo","Sí","","","","","","","","","","","","","","","","","vecchia casa","No","","No","","Bar/Pub","86","Alto potencial"
"La Fonda Paisa Terraza Bar","4.2","206","Av. Alcalde Fernando Castillo Velasco 8517, 7860367 La Reina, Región Metropolitana","9 2046 7417","","Bar restaurante","https://www.google.com/maps/place/La+Fonda+Paisa+Terraza+Bar/@-33.4514878,-70.5428287,17z/data=!3m1!4b1!4m6!3m5!1s0x9662cf5e15dd6799:0xfd6686523076d5a1!8m2!3d-33.4514878!4d-70.5428287!16s%2Fg%2F11ppjntz69?authuser=0&hl=es-419&entry=ttu&g_ep=EgoyMDI2MDUxNy4wIKXMDSoASAFQAw%3D%3D","-33.4514878","-70.5428287","La Reina","Metropolitana","Chile","Google Maps web scraping con Playwright","2026-05-22","Parcial","Sí","","","","","","","","","","","","","","","","","la fonda paisa terraza bar","No","","No","","Bar/Pub","66","Medio potencial"
"Restaurant Nan Fang La reina","4.6","435","Aguas Claras 1601, 7850327 La Reina, Región Metropolitana","(2) 2227 7596","http://www.restaurantnanfang.cl/","Restaurante chino","https://www.google.com/maps/place/Restaurant+Nan+Fang+La+reina/data=!4m7!3m6!1s0x9662ce5b153ede8d:0x4587872a3c76776a!8m2!3d-33.4402615!4d-70.5572938!16s%2Fg%2F1tykwlnf!19sChIJjd4-FVvOYpYRand2PCqHh0U?authuser=0&hl=es-419&rclk=1","-33.4402615","-70.5572938","La Reina","Metropolitana","Chile","Google Maps web scraping con Playwright","2026-05-22","Completo","Sí","","","","","","","","","","","","","","","","","nan fang","No","","No","","Restaurante","85","Alto potencial"
"Alemán Experto La Reina","4.6","703","Av. Ossa 655, 7870053 La Reina, Región Metropolitana","9 5451 1718","https://www.alemanexperto.cl/","Restaurante","https://www.google.com/maps/place/Alem%C3%A1n+Experto+La+Reina/@-33.4476738,-70.5712117,17z/data=!3m1!4b1!4m6!3m5!1s0x9662cf3cb647e3db:0x9eade190733dd480!8m2!3d-33.4476738!4d-70.5712117!16s%2Fg%2F11l72v5qy1?authuser=0&hl=es-419&entry=ttu&g_ep=EgoyMDI2MDUxNy4wIKXMDSoASAFQAw%3D%3D","-33.4476738","-70.5712117","La Reina","Metropolitana","Chile","Google Maps web scraping con Playwright","2026-05-22","Completo","Sí","","","","","","","","","","","","","","","","","aleman experto","Sí","aleman experto","No","","Restaurante","87","Alto potencial"
"El DUO","4.6","647","Av. Larraín 6367, 7870176 La Reina, Región Metropolitana","9 5324 4393","https://www.elduorestaurant.cl/","Restaurante","https://www.google.com/maps/place/El+DUO/@-33.4530421,-70.5639659,17z/data=!3m1!4b1!4m6!3m5!1s0x9662ce483b4a011b:0x1321b75deaa90219!8m2!3d-33.4530421!4d-70.5639659!16s%2Fg%2F11cns8g5z6?authuser=0&hl=es-419&entry=ttu&g_ep=EgoyMDI2MDUxNy4wIKXMDSoASAFQAw%3D%3D","-33.4530421","-70.5639659","La Reina","Metropolitana","Chile","Google Maps web scraping con Playwright","2026-05-22","Completo","Sí","","","","","","","","","","","","","","","","","el duo","No","","No","","Restaurante","87","Alto potencial"
"Casa Valerio Restaurant","4.4","64","Av. Larraín 6580, 7870165 La Reina, Región Metropolitana","(2) 2699 6349","https://casavalerio.cl/","Restaurante peruano","https://www.google.com/maps/place/Casa+Valerio+Restaurant/data=!4m7!3m6!1s0x9662c5ad21577f41:0xba98ab0e8dbffc96!8m2!3d-33.4522001!4d-70.5618285!16s%2Fg%2F11b_2njgy4!19sChIJQX9XIa3FYpYRlvy_jQ6rmLo?authuser=0&hl=es-419&rclk=1","-33.4522001","-70.5618285","La Reina","Metropolitana","Chile","Google Maps web scraping con Playwright","2026-05-22","Completo","Sí","","","","","","","","","","","","","","","","","casa valerio","No","","No","","Restaurante","77","Medio potencial"
"Lima Limón La Reina","4.3","42","Av. Príncipe de Gales 7218, 7850291 La Reina, Región Metropolitana","(2) 2839 0285","http://www.limalimonrest.cl/","Restaurante peruano","https://www.google.com/maps/place/Lima+Lim%C3%B3n+La+Reina/data=!4m7!3m6!1s0x9662ce5b7f2954d1:0xe7f1362d3d2bd41b!8m2!3d-33.4386034!4d-70.5572379!16s%2Fg%2F11c0vldmsf!19sChIJ0VQpf1vOYpYRG9QrPS028ec?authuser=0&hl=es-419&rclk=1","-33.4386034","-70.5572379","La Reina","Metropolitana","Chile","Google Maps web scraping con Playwright","2026-05-22","Completo","Sí","","","","","","","","","","","","","","","","","lima limon","No","","No","","Restaurante","74","Medio potencial"
"Casa Pacifico","4.9","56","Carlos Silva Vildósola 9323, Local 201, 7860379 La Reina, Región Metropolitana","9 9378 9115","","Restaurante","https://www.google.com/maps/place/Casa+Pacifico/@-33.4408983,-70.5334422,17z/data=!3m1!4b1!4m6!3m5!1s0x9662cf480e4ced61:0x505493b78ac03af!8m2!3d-33.4408983!4d-70.5334422!16s%2Fg%2F11md3pvkwt?authuser=0&hl=es-419&entry=ttu&g_ep=EgoyMDI2MDUxNy4wIKXMDSoASAFQAw%3D%3D","-33.4408983","-70.5334422","La Reina","Metropolitana","Chile","Google Maps web scraping con Playwright","2026-05-22","Parcial","Sí","","","","","","","","","","","","","","","","","casa pacifico","No","","No","","Restaurante","66","Medio potencial"
"Rossie La Loca - La Reina","4.7","387","Aguas Claras 1700, Local 12, 8933618 La Reina, Región Metropolitana","9 8319 0114","http://www.rossielaloca.cl/","Bar","https://www.google.com/maps/place/Rossie+La+Loca+-+La+Reina/data=!4m7!3m6!1s0x9662cfea2a83a653:0xe5457febea8db8cc!8m2!3d-33.4391642!4d-70.5568456!16s%2Fg%2F11wbdssxp8!19sChIJU6aDKurPYpYRzLiN6ut_ReU?authuser=0&hl=es-419&rclk=1","-33.4391642","-70.5568456","La Reina","Metropolitana","Chile","Google Maps web scraping con Playwright","2026-05-22","Completo","No","","","","","","","","","","","","","","","","","rossie la loca","No","","No","","Bar/Pub","82","Bajo potencial"
"Mister Fish La Reina","4.5","439","Av. Francisco Bilbao 5359, 7850038 La Reina, Región Metropolitana","(2) 3339 9289","http://www.misterfish.cl/","Pub restaurante","https://www.google.com/maps/place/Mister+Fish+La+Reina/data=!4m7!3m6!1s0x9662cfc0eace1ae3:0xdac4b383858abb36!8m2!3d-33.4314761!4d-70.578257!16s%2Fg%2F11ls_nm_xd!19sChIJ4xrO6sDPYpYRNruKhYOzxNo?authuser=0&hl=es-419&rclk=1","-33.4314761","-70.578257","La Reina","Metropolitana","Chile","Google Maps web scraping con Playwright","2026-05-22","Completo","Sí","","","","","","","","","","","","","","","","","mister fish","No","","No","","Bar/Pub","85","Alto potencial"
"El Japonés - MallPlaza Egaña","4.8","31","Av. Larraín 5862, 7870154 La Reina, Región Metropolitana","","https://eljaponeschile.com/locales/","Restaurante","https://www.google.com/maps/place/El+Japon%C3%A9s+-+MallPlaza+Ega%C3%B1a/data=!4m7!3m6!1s0x9662cf85bf55bc7d:0xdc8042e989203a0b!8m2!3d-33.4524377!4d-70.5694704!16s%2Fg%2F11shx7yg7v!19sChIJfbxVv4XPYpYRCzogielCgNw?authuser=0&hl=es-419&rclk=1","-33.4524377","-70.5694704","La Reina","Metropolitana","Chile","Google Maps web scraping con Playwright","2026-05-22","Sin teléfono","Sí","","","","","","","","","","","","","","","","Sin teléfono visible","el japones mallplaza egana","Sí","el japones","No","","Restaurante","59","Medio potencial"
"La Cabrera Al Paso Egaña","4.8","468","Av. Larraín 5862, 7870154 La Reina, Región Metropolitana","9 3357 9943","http://lacabreraalpaso.cl/","Restaurante especializado en barbacoa","https://www.google.com/maps/place/La+Cabrera+Al+Paso+Ega%C3%B1a/data=!4m7!3m6!1s0x9662cf00018543bd:0xa745b446141cd7d0!8m2!3d-33.4522161!4d-70.5691478!16s%2Fg%2F11lydt55qj!19sChIJvUOFAQDPYpYR0NccFEa0Rac?authuser=0&hl=es-419&rclk=1","-33.4522161","-70.5691478","La Reina","Metropolitana","Chile","Google Maps web scraping con Playwright","2026-05-22","Completo","Sí","","","","","","","","","","","","","","","","","la cabrera al paso egana","Sí","la cabrera","No","","Bar/Pub","87","Alto potencial"
"Mattarello","4.2","44","Av. Príncipe de Gales 6560, 7850000 La Reina, Región Metropolitana","9 5818 0896","http://www.mattarello.cl/","Restaurante italiano","https://www.google.com/maps/place/Mattarello/data=!4m7!3m6!1s0x9662ce50c17b5211:0x7401100e212ac2cd!8m2!3d-33.4383135!4d-70.5641203!16s%2Fg%2F11gfdv9jck!19sChIJEVJ7wVDOYpYRzcIqIQ4QAXQ?authuser=0&hl=es-419&rclk=1","-33.4383135","-70.5641203","La Reina","Metropolitana","Chile","Google Maps web scraping con Playwright","2026-05-22","Completo","Sí","","","","","","","","","","","","","","","","","mattarello","No","","No","","Restaurante","74","Medio potencial"
"¡Ay mi Madre! Restobar Plaza Ñuñoa","4.9","152","Alcaldesa Balbina Vera 3550, 7750000 Ñuñoa, Región Metropolitana","9 4497 8597","","Restaurante","https://www.google.com/maps/place/%C2%A1Ay+mi+Madre!+Restobar+Plaza+%C3%91u%C3%B1oa/data=!4m7!3m6!1s0x9662cfd02d008955:0x95e3c1a6b2a42343!8m2!3d-33.4536316!4d-70.5936559!16s%2Fg%2F11ms539982!19sChIJVYkALdDPYpYRQyOksqbB45U?authuser=0&hl=es-419&rclk=1","-33.4536316","-70.5936559","Ñuñoa","Metropolitana","Chile","Google Maps web scraping con Playwright","2026-05-22","Parcial","Sí","","","","","","","","","","","","","","","","","ay mi madre plaza","Sí","ay mi","No","","Bar/Pub","69","Medio potencial"
"Castillo Hamburgo","4.7","27","Los Tres Antonios 397, 7750254 Ñuñoa, Región Metropolitana","(2) 2343 2198","https://castillo-hamburgo.getjusto.com/","Restaurante","https://www.google.com/maps/place/Castillo+Hamburgo/@-33.4583194,-70.6033061,17z/data=!3m1!4b1!4m6!3m5!1s0x9662cfee6466d97d:0xa94dd23e0552f06!8m2!3d-33.4583194!4d-70.6033061!16s%2Fg%2F11p6vdjl9h?authuser=0&hl=es-419&entry=ttu&g_ep=EgoyMDI2MDUxNy4wIKXMDSoASAFQAw%3D%3D","-33.4583194","-70.6033061","Ñuñoa","Metropolitana","Chile","Google Maps web scraping con Playwright","2026-05-22","Completo","Sí","","","","","","","","","","","","","","","","","castillo hamburgo","No","","No","","Restaurante","76","Medio potencial"
"Patio Almeyda","4.5","98","Dublé Almeyda 2900, 7750074 Ñuñoa, Región Metropolitana","9 6202 8525","http://www.patioalmeyda.cl/","Bar","https://www.google.com/maps/place/Patio+Almeyda/data=!4m7!3m6!1s0x9662cf6bc62c30d7:0x6d0ec7ffff7b88a0!8m2!3d-33.4558115!4d-70.6012551!16s%2Fg%2F11q8t60l20!19sChIJ1zAsxmvPYpYRoIh7___HDm0?authuser=0&hl=es-419&rclk=1","-33.4558115","-70.6012551","Ñuñoa","Metropolitana","Chile","Google Maps web scraping con Playwright","2026-05-22","Completo","No","","","","","","","","","","","","","","","","","patio almeyda","No","","No","","Bar/Pub","75","Bajo potencial"
"Piccola Italia Plaza ñuñoa","4.6","234","Jorge Washington 111, 7790864 Ñuñoa, Región Metropolitana","(2) 2994 2086","https://gour.media/la-piccola-italia/alameda/","Restaurante italiano","https://www.google.com/maps/place/Piccola+Italia+Plaza+%C3%B1u%C3%B1oa/@-33.4539072,-70.5933615,17z/data=!3m1!4b1!4m6!3m5!1s0x9662cf004248a8eb:0x9c828311cd264268!8m2!3d-33.4539072!4d-70.5933615!16s%2Fg%2F11ym_yb9yy?authuser=0&hl=es-419&entry=ttu&g_ep=EgoyMDI2MDUxNy4wIKXMDSoASAFQAw%3D%3D","-33.4539072","-70.5933615","Ñuñoa","Metropolitana","Chile","Google Maps web scraping con Playwright","2026-05-22","Completo","Sí","","","","","","","","","","","","","","","","","piccola italia plaza","No","","No","","Restaurante","83","Alto potencial"
"Restaurante Peruano ENTRE MAR Y TIERRA","4.7","315","Pedro de Ona 031, 8320000 Ñuñoa, Región Metropolitana","9 6463 6426","http://www.entre-marytierra.cl/","Restaurante peruano","https://www.google.com/maps/place/Restaurante+Peruano+ENTRE+MAR+Y+TIERRA/data=!4m7!3m6!1s0x9662c55d8a478a83:0x4cdbaaa649b8affb!8m2!3d-33.4539742!4d-70.629641!16s%2Fg%2F11rmsyns_f!19sChIJg4pHil3FYpYR-6-4Saaq20w?authuser=0&hl=es-419&rclk=1","-33.4539742","-70.629641","Ñuñoa","Metropolitana","Chile","Google Maps web scraping con Playwright","2026-05-22","Completo","Sí","","","","","","","","","","","","","","","","","peruano entre mar y tierra","No","","No","","Restaurante","85","Alto potencial"
"Kechua Restaurant","4.5","21","Alcaldesa Balbina Vera 3561, Local 102, 7750000 Ñuñoa, Región Metropolitana","(2) 2401 7556","https://kechuarestaurantes.cl/nunoa/","Restaurante peruano","https://www.google.com/maps/place/Kechua+Restaurant/data=!4m7!3m6!1s0x9662cfb0f4386de5:0xb5c7a28854d2fa9d!8m2!3d-33.4538533!4d-70.5937068!16s%2Fg%2F11tnm645sj!19sChIJ5W049LDPYpYRnfrSVIiix7U?authuser=0&hl=es-419&rclk=1","-33.4538533","-70.5937068","Ñuñoa","Metropolitana","Chile","Google Maps web scraping con Playwright","2026-05-22","Completo","Sí","","","","","","","","","","","","","","","","","kechua","Sí","kechua","Sí","DUP-002","Restaurante","73","Medio potencial"
"Como en Lima","4.3","625","Manuel de Salas 71, 7790570 Ñuñoa, Región Metropolitana","(2) 2209 8867","","Restaurante","https://www.google.com/maps/place/Como+en+Lima/data=!4m7!3m6!1s0x9662cfbec3166451:0x5bacdff36b13c56!8m2!3d-33.4545639!4d-70.5931006!16s%2Fg%2F11cn9mz9v4!19sChIJUWQWw77PYpYRVjyxNv_NugU?authuser=0&hl=es-419&rclk=1","-33.4545639","-70.5931006","Ñuñoa","Metropolitana","Chile","Google Maps web scraping con Playwright","2026-05-22","Parcial","Sí","","","","","","","","","","","","","","","","","como en lima","No","","No","","Restaurante","71","Medio potencial"
"La Finestra","4.4","32","Av. Irarrázaval 3465, 7790825 Ñuñoa, Región Metropolitana","(2) 2205 4502","http://www.lafinestra.cl/","Restaurante","https://www.google.com/maps/place/La+Finestra/@-33.4553941,-70.5948372,17z/data=!3m1!4b1!4m6!3m5!1s0x9662cfbef8dd4c6d:0xe6916fd1306cf3d4!8m2!3d-33.4553941!4d-70.5948372!16s%2Fg%2F1tfmdfmx?authuser=0&hl=es-419&entry=ttu&g_ep=EgoyMDI2MDUxNy4wIKXMDSoASAFQAw%3D%3D","-33.4553941","-70.5948372","Ñuñoa","Metropolitana","Chile","Google Maps web scraping con Playwright","2026-05-22","Completo","Sí","","","","","","","","","","","","","","","","","la finestra","No","","No","","Restaurante","74","Medio potencial"
"Punto País Restaurant","4.5","779","Av. Simón Bolívar 3175, 7770110 Ñuñoa, Región Metropolitana","(2) 3287 2188","https://www.puntopais.cl/","Restaurante","https://www.google.com/maps/place/Punto+Pa%C3%ADs+Restaurant/data=!4m7!3m6!1s0x9662cfbd41051cef:0x6c5bb104ce58f86!8m2!3d-33.4492307!4d-70.5965692!16s%2Fg%2F11f1zlnj_7!19sChIJ7xwFQb3PYpYRho_lTBC7xQY?authuser=0&hl=es-419&rclk=1","-33.4492307","-70.5965692","Ñuñoa","Metropolitana","Chile","Google Maps web scraping con Playwright","2026-05-22","Completo","Sí","","","","","","","","","","","","","","","","","punto pais","No","","No","","Restaurante","87","Alto potencial"
"Antonia Lounge","4.7","197","Manuel de Salas 162, 7790789 Ñuñoa, Región Metropolitana","9 3910 4660","https://barrioplazanunoa.cl/v2/2024/06/14/antonia-lounge/","Restaurante","https://www.google.com/maps/place/Antonia+Lounge/data=!4m7!3m6!1s0x9662cf1795ab37af:0x26f0848757404258!8m2!3d-33.453623!4d-70.5933652!16s%2Fg%2F11sbhtqq6_!19sChIJrzerlRfPYpYRWEJAV4eE8CY?authuser=0&hl=es-419&rclk=1","-33.453623","-70.5933652","Ñuñoa","Metropolitana","Chile","Google Maps web scraping con Playwright","2026-05-22","Completo","Sí","","","","","","","","","","","","","","","","","antonia lounge","No","","No","","Restaurante","83","Alto potencial"
"Restaurante Moray","4.7","749","Av. Italia 1586, 7750000 Ñuñoa, Región Metropolitana","(2) 3292 4513","http://moray.cl/","Restaurante","https://www.google.com/maps/place/Restaurante+Moray/@-33.4490363,-70.6241282,17z/data=!3m1!4b1!4m6!3m5!1s0x9662c59bf408de7f:0xf0bcf121cfe7e8ce!8m2!3d-33.4490363!4d-70.6241282!16s%2Fg%2F11pcrq1qlp?authuser=0&hl=es-419&entry=ttu&g_ep=EgoyMDI2MDUxNy4wIKXMDSoASAFQAw%3D%3D","-33.4490363","-70.6241282","Ñuñoa","Metropolitana","Chile","Google Maps web scraping con Playwright","2026-05-22","Completo","Sí","","","","","","","","","","","","","","","","","moray","No","","No","","Restaurante","88","Alto potencial"
"Ajiaco","4.5","793","Lic. de Las Peñas 5174, 7790713 Ñuñoa, Región Metropolitana","","https://www.instagram.com/elajiaconunoa/?hl=es-la","Restaurante","https://www.google.com/maps/place/Ajiaco/data=!4m7!3m6!1s0x9662cfb51b3099e3:0x6cddabfcf561183b!8m2!3d-33.4530569!4d-70.5764405!16s%2Fg%2F11c52k4vdw!19sChIJ45kwG7XPYpYROxhh9fyr3Ww?authuser=0&hl=es-419&rclk=1","-33.4530569","-70.5764405","Ñuñoa","Metropolitana","Chile","Google Maps web scraping con Playwright","2026-05-22","Sin teléfono","Sí","","","","","","","","","","","","","","","","Sin teléfono visible","ajiaco","No","","No","","Restaurante","69","Medio potencial"
"Las Lanzas","4.2","56","Humberto Trucco 25, 7790825 Ñuñoa, Región Metropolitana","(2) 2225 5589","https://www.facebook.com/Las-Lanzas-Restaurant-y-Fuente-de-Soda-17409706655/","Restaurante","https://www.google.com/maps/place/Las+Lanzas/data=!4m7!3m6!1s0x9662cf12e26cfa4f:0xe640e0e62fb2f985!8m2!3d-33.4555253!4d-70.5942732!16s%2Fg%2F11g1lwc7x9!19sChIJT_ps4hLPYpYRhfmyL-bgQOY?authuser=0&hl=es-419&rclk=1","-33.4555253","-70.5942732","Ñuñoa","Metropolitana","Chile","Google Maps web scraping con Playwright","2026-05-22","Completo","Sí","","","","","","","","","","","","","","","","","las lanzas","No","","No","","Restaurante","75","Medio potencial"
"Peyo Restaurant","4.4","57","Lo Encalada 465, 7750200 Ñuñoa, Región Metropolitana","(2) 2506 4758","https://peyo.cl/","Restaurante chileno","https://www.google.com/maps/place/Peyo+Restaurant/@-33.456417,-70.6249084,17z/data=!3m1!4b1!4m6!3m5!1s0x9662c5624b4feab9:0x3d815e7e459c8d2e!8m2!3d-33.456417!4d-70.6249084!16s%2Fg%2F1hjh8m92r?authuser=0&hl=es-419&entry=ttu&g_ep=EgoyMDI2MDUxNy4wIKXMDSoASAFQAw%3D%3D","-33.456417","-70.6249084","Ñuñoa","Metropolitana","Chile","Google Maps web scraping con Playwright","2026-05-22","Completo","Sí","","","","","","","","","","","","","","","","","peyo","No","","No","","Restaurante","76","Medio potencial"
"Barra de Pickles","4.6","651","San Eugenio 40, 7750011 Ñuñoa, Región Metropolitana","9 7539 0277","http://www.barradepickles.cl/","Restaurante","https://www.google.com/maps/place/Barra+de+Pickles/data=!4m7!3m6!1s0x9662c5b5cadac0a5:0xf1faf1d408e8024b!8m2!3d-33.4531138!4d-70.6278603!16s%2Fg%2F11q4dbx0fs!19sChIJpcDayrXFYpYRSwLoCNTx-vE?authuser=0&hl=es-419&rclk=1","-33.4531138","-70.6278603","Ñuñoa","Metropolitana","Chile","Google Maps web scraping con Playwright","2026-05-22","Completo","Sí","","","","","","","","","","","","","","","","","barra de pickles","No","","No","","Bar/Pub","87","Alto potencial"
"Golfo Di Napoli Trattoria e Pizzeria","4.6","02","Dublé Almeyda 2435, 7750147 Ñuñoa, Región Metropolitana","(2) 2341 3675","https://golfodinapoli.cl/","Restaurante italiano","https://www.google.com/maps/place/Golfo+Di+Napoli+Trattoria+e+Pizzeria/@-33.455948,-70.605786,17z/data=!3m1!4b1!4m6!3m5!1s0x9662cf916f827eaf:0x65a6a856994a5153!8m2!3d-33.455948!4d-70.605786!16s%2Fg%2F1tj1nqnk?authuser=0&hl=es-419&entry=ttu&g_ep=EgoyMDI2MDUxNy4wIKXMDSoASAFQAw%3D%3D","-33.455948","-70.605786","Ñuñoa","Metropolitana","Chile","Google Maps web scraping con Playwright","2026-05-22","Completo","Sí","","","","","","","","","","","","","","","","","golfo di napoli trattoria e pizzeria","No","","No","","Restaurante","66","Medio potencial"
"Terraza Vergel","4.6","313","Av. Italia 1571, 7770207 Ñuñoa, Región Metropolitana","","https://instagram.com/terrazavergel?igshid=YmMyMTA2M2Y=","Restaurante","https://www.google.com/maps/place/Terraza+Vergel/data=!4m7!3m6!1s0x9662c5c15107efe9:0xdd9265eded43ee4c!8m2!3d-33.4490585!4d-70.624408!16s%2Fg%2F11kj0530d4!19sChIJ6e8HUcHFYpYRTO5D7e1lkt0?authuser=0&hl=es-419&rclk=1","-33.4490585","-70.624408","Ñuñoa","Metropolitana","Chile","Google Maps web scraping con Playwright","2026-05-22","Sin teléfono","Sí","","","","","","","","","","","","","","","","Sin teléfono visible","terraza vergel","No","","No","","Restaurante","66","Medio potencial"
"¡Ay Mi Madre! Restobar Ñuñoa","4.5","217","Av. José Pedro Alessandri 97, 7750100 Ñuñoa, Región Metropolitana","9 4497 8597","https://linktr.ee/Aymimadrecl","Pub restaurante","https://www.google.com/maps/place/%C2%A1Ay+Mi+Madre!+Restobar+%C3%91u%C3%B1oa/data=!4m7!3m6!1s0x9662cfbbd4d3628f:0xcf2719bf0e7dbfb9!8m2!3d-33.4558301!4d-70.59807!16s%2Fg%2F11tf5fxjb9!19sChIJj2LT1LvPYpYRub99Dr8ZJ88?authuser=0&hl=es-419&rclk=1","-33.4558301","-70.59807","Ñuñoa","Metropolitana","Chile","Google Maps web scraping con Playwright","2026-05-22","Completo","Sí","","","","","","","","","","","","","","","","","ay mi madre","Sí","ay mi","Sí","DUP-005","Bar/Pub","82","Alto potencial"
"La casa del curanto","4.8","45","Dublé Almeyda 2779, 7750169 Ñuñoa, Región Metropolitana","9 2855 3749","https://www.instagram.com/lacasadelcuranto?igshid=MmVlMjlkMTBhMg==","Restaurante de comida para llevar","https://www.google.com/maps/place/La+casa+del+curanto/@-33.4560782,-70.6021461,17z/data=!3m1!4b1!4m6!3m5!1s0x9662cf0045cd8d8f:0xdb11e68502065073!8m2!3d-33.4560782!4d-70.6021461!16s%2Fg%2F11y2bx1rn5?authuser=0&hl=es-419&entry=ttu&g_ep=EgoyMDI2MDUxNy4wIKXMDSoASAFQAw%3D%3D","-33.4560782","-70.6021461","Ñuñoa","Metropolitana","Chile","Google Maps web scraping con Playwright","2026-05-22","Completo","Sí","","","","","","","","","","","","","","","","Revisar: parece comida para llevar","la casa del curanto","No","","No","","Restaurante","78","Alto potencial"
"Ritrovo","4.9","111","José Diego Benavente 59, 7790944 Ñuñoa, Región Metropolitana","9 8711 1107","http://ritrovo.cl/","Restaurante italiano","https://www.google.com/maps/place/Ritrovo/data=!4m7!3m6!1s0x9662cf7ba7b68523:0x8912c6b1d7af9344!8m2!3d-33.4543403!4d-70.5972592!16s%2Fg%2F11tcvcbym9!19sChIJI4W2p3vPYpYRRJOv17HGEok?authuser=0&hl=es-419&rclk=1","-33.4543403","-70.5972592","Ñuñoa","Metropolitana","Chile","Google Maps web scraping con Playwright","2026-05-22","Completo","Sí","","","","","","","","","","","","","","","","","ritrovo","No","","No","","Restaurante","82","Alto potencial"
"Boulevard Plaza Ñuñoa","4.5","36","Jorge Washington 111, 7750000 Ñuñoa, Región Metropolitana","(2) 2998 7260","https://boulevardplazanunoa.cl/","Centro comercial","https://www.google.com/maps/place/Boulevard+Plaza+%C3%91u%C3%B1oa/data=!4m7!3m6!1s0x9662cfbe95b31d5d:0x1b9f6d703073a0ee!8m2!3d-33.4539602!4d-70.5939594!16s%2Fg%2F11clfm_9pq!19sChIJXR2zlb7PYpYR7qBzMHBtnxs?authuser=0&hl=es-419&rclk=1","-33.4539602","-70.5939594","Ñuñoa","Metropolitana","Chile","Google Maps web scraping con Playwright","2026-05-22","Completo","No","","","","","","","","","","","","","","","","","boulevard plaza","No","","No","","Otro","71","Bajo potencial"
"Tapas y Birra Ñuñoa - Restaurante Mediterráneo & Bar","4.3","28","Alcaldesa Balbina Vera 3561, 7790884 Ñuñoa, Región Metropolitana","(2) 2904 1230","http://www.tapasybirra.cl/","Restaurante mediterráneo","https://www.google.com/maps/place/Tapas+y+Birra+%C3%91u%C3%B1oa+-+Restaurante+Mediterr%C3%A1neo+%26+Bar/data=!4m7!3m6!1s0x9662cfbe944f9dc3:0xad1467f8fc07cf6a!8m2!3d-33.4538497!4d-70.5935726!16s%2Fg%2F11c0vn_jvx!19sChIJw51PlL7PYpYRas8H_PhnFK0?authuser=0&hl=es-419&rclk=1","-33.4538497","-70.5935726","Ñuñoa","Metropolitana","Chile","Google Maps web scraping con Playwright","2026-05-22","Completo","Sí","","","","","","","","","","","","","","","","","tapas y birra mediterraneo bar","No","","No","","Bar/Pub","73","Medio potencial"
"Café Marale Ñuñoa","4.8","43","Av. Irarrázaval 3881, local 1, 7760073 Ñuñoa, Región Metropolitana","9 5779 5085","https://www.instagram.com/cafemarale","Cafetería","https://www.google.com/maps/place/Caf%C3%A9+Marale+%C3%91u%C3%B1oa/data=!4m7!3m6!1s0x9662cf6e662b110f:0x77080cc5251cd904!8m2!3d-33.4557507!4d-70.5886879!16s%2Fg%2F11tnv15d82!19sChIJDxErZm7PYpYRBNkcJcUMCHc?authuser=0&hl=es-419&rclk=1","-33.4557507","-70.5886879","Ñuñoa","Metropolitana","Chile","Google Maps web scraping con Playwright","2026-05-22","Completo","No","","","","","","","","","","","","","","","","Revisar: parece cafeteria; Revisar: parece cafe","cafe marale","No","","No","","Cafetería","74","Bajo potencial"
"MANGIARE PIZZERÍA","4.6","56","Gerónimo de Alderete 1742, 8241826 La Florida, Región Metropolitana","9 3245 8957","","Pizzería","https://www.google.com/maps/place/MANGIARE+PIZZER%C3%8DA/data=!4m7!3m6!1s0x9662d100060aba73:0x414e9e323b635b0c!8m2!3d-33.52863!4d-70.576936!16s%2Fg%2F11yfmrcxkm!19sChIJc7oKBgDRYpYRDFtjOzKeTkE?authuser=0&hl=es-419&rclk=1","-33.52863","-70.576936","La Florida","Metropolitana","Chile","Google Maps web scraping con Playwright","2026-05-22","Parcial","Sí","","","","","","","","","","","","","","","","","mangiare pizzeria","No","","No","","Restaurante","64","Medio potencial"
"La Pinche Pizza Santa Amalia","4.1","40","Av. La Florida 9660, Local 19, 8301816 La Florida, Región Metropolitana","9 4740 1819","https://lapinchepizza.cl/","Pizzería","https://www.google.com/maps/place/La+Pinche+Pizza+Santa+Amalia/data=!4m7!3m6!1s0x9662d174162c590d:0x6674cdc6f6238622!8m2!3d-33.543272!4d-70.569287!16s%2Fg%2F11xyj30xqs!19sChIJDVksFnTRYpYRIoYj9sbNdGY?authuser=0&hl=es-419&rclk=1","-33.543272","-70.569287","La Florida","Metropolitana","Chile","Google Maps web scraping con Playwright","2026-05-22","Completo","Sí","","","","","","","","","","","","","","","","","la pinche pizza santa amalia","No","","No","","Restaurante","73","Medio potencial"
"Trattoria Valerio - Pizzas & Pastas","4.7","79","Sgto. Candelaria Pérez 10661, La Florida, Región Metropolitana","9 4260 8395","","Restaurante","https://www.google.com/maps/place/Trattoria+Valerio+-+Pizzas+%26+Pastas/@-33.5564369,-70.5865183,17z/data=!3m1!4b1!4m6!3m5!1s0x9662d1b23d025fb7:0x7dbdf26df96b5f4a!8m2!3d-33.5564369!4d-70.5865183!16s%2Fg%2F11h3kchwvb?authuser=0&hl=es-419&entry=ttu&g_ep=EgoyMDI2MDUxNy4wIKXMDSoASAFQAw%3D%3D","-33.5564369","-70.5865183","La Florida","Metropolitana","Chile","Google Maps web scraping con Playwright","2026-05-22","Parcial","Sí","","","","","","","","","","","","","","","","","trattoria valerio pizzas pastas","No","","No","","Restaurante","66","Medio potencial"
"PITUCOPE RESTAURANT PERUANO","4.9","14","Av. Vicuña Mackenna 10046, La Florida, Región Metropolitana","9 5338 4325","https://pitucope-2.ola.click/","Restaurante peruano","https://www.google.com/maps/place/PITUCOPE+RESTAURANT+PERUANO/data=!4m7!3m6!1s0x9662d1f3ea9802bd:0xb96e888d0cfe64f!8m2!3d-33.54853!4d-70.5868698!16s%2Fg%2F11txb626fm!19sChIJvQKY6vPRYpYRT-bP0Ijolgs?authuser=0&hl=es-419&rclk=1","-33.54853","-70.5868698","La Florida","Metropolitana","Chile","Google Maps web scraping con Playwright","2026-05-22","Completo","Sí","","","","","","","","","","","","","","","","","pitucope peruano","No","","No","","Restaurante","75","Medio potencial"
"CABIMAS TASTY FOOD","4.5","172","Av. Vicuña Mackenna Ote. 10588, 8301048 La Florida, Región Metropolitana","9 7346 7961","http://www.cabimastastyfood.cl/","Restaurante","https://www.google.com/maps/place/CABIMAS+TASTY+FOOD/data=!4m7!3m6!1s0x9662d1dacc48255b:0x6d53e79d90e8d33a!8m2!3d-33.5548557!4d-70.5860092!16s%2Fg%2F11vrz4mx5h!19sChIJWyVIzNrRYpYROtPokJ3nU20?authuser=0&hl=es-419&rclk=1","-33.5548557","-70.5860092","La Florida","Metropolitana","Chile","Google Maps web scraping con Playwright","2026-05-22","Completo","Sí","","","","","","","","","","","","","","","","","cabimas tasty food","No","","No","","Restaurante","81","Alto potencial"
"El Nomade Cevicheria","4.9","55","AVENIDA SAN JOSE DE LA ESTRELLA 301f, 8301008 La Florida, Región Metropolitana","9 6357 7180","https://instagram.com/elnomade_cevicheria","Restaurante","https://www.google.com/maps/place/El+Nomade+Cevicheria/data=!4m7!3m6!1s0x9662d12a163492e5:0xa48e479f19d80dcf!8m2!3d-33.5534033!4d-70.5832872!16s%2Fg%2F11s8c5t1wk!19sChIJ5ZI0FirRYpYRzw3YGZ9HjqQ?authuser=0&hl=es-419&rclk=1","-33.5534033","-70.5832872","La Florida","Metropolitana","Chile","Google Maps web scraping con Playwright","2026-05-22","Completo","Sí","","","","","","","","","","","","","","","","","el nomade cevicheria","No","","No","","Restaurante","80","Alto potencial"
"La picá de la cubana","4.8","43","C. Uno 24, La Florida, Región Metropolitana","9 4949 7966","https://www.facebook.com/profile.php?id=100064169197549&mibextid=ZbWKwL","Restaurante","https://www.google.com/maps/place/La+pic%C3%A1+de+la+cubana/data=!4m7!3m6!1s0x9662d10af3430c87:0x7291ecff6e8734a3!8m2!3d-33.560027!4d-70.5845971!16s%2Fg%2F11rn7t5jdv!19sChIJhwxD8wrRYpYRozSHbv_skXI?authuser=0&hl=es-419&rclk=1","-33.560027","-70.5845971","La Florida","Metropolitana","Chile","Google Maps web scraping con Playwright","2026-05-22","Completo","Sí","","","","","","","","","","","","","","","","","la pica de la cubana","No","","No","","Restaurante","78","Alto potencial"
"COCINERIA DONDE YOYO'S","4.8","04","Av. La Florida 9233, 8242051 La Florida, Región Metropolitana","9 7354 5215","","Restaurante chileno","https://www.google.com/maps/place/COCINERIA+DONDE+YOYO%27S/data=!4m7!3m6!1s0x9662d1d95c833fd9:0x3c68e41dd033ed33!8m2!3d-33.5371433!4d-70.5731178!16s%2Fg%2F11p5s69mwx!19sChIJ2T-DXNnRYpYRM-0z0B3kaDw?authuser=0&hl=es-419&rclk=1","-33.5371433","-70.5731178","La Florida","Metropolitana","Chile","Google Maps web scraping con Playwright","2026-05-22","Parcial","Sí","","","","","","","","","","","","","","","","","cocineria donde yoyo s","No","","No","","Restaurante","56","Medio potencial"
"Restaurante Punta Brasa La Florida","4.2","66","Palena 3152, 8240000 La Florida, Región Metropolitana","(2) 2669 3751","http://www.puntabrasa.cl/","Restaurante","https://www.google.com/maps/place/Restaurante+Punta+Brasa+La+Florida/@-33.5179138,-70.563385,17z/data=!3m1!4b1!4m6!3m5!1s0x9662cfa4d8996d17:0xff23c0d1e494ab08!8m2!3d-33.5179138!4d-70.563385!16s%2Fg%2F11s63xjxk7?authuser=0&hl=es-419&entry=ttu&g_ep=EgoyMDI2MDUxNy4wIKXMDSoASAFQAw%3D%3D","-33.5179138","-70.563385","La Florida","Metropolitana","Chile","Google Maps web scraping con Playwright","2026-05-22","Completo","Sí","","","","","","","","","","","","","","","","","punta brasa","No","","No","","Restaurante","75","Medio potencial"
"Aquí E’","4.7","69","Sgto. Candelaria Pérez 10693, 8310309 La Florida, Región Metropolitana","9 9250 7960","","Restaurante","https://www.google.com/maps/place/Aqu%C3%AD+E%E2%80%99/data=!4m7!3m6!1s0x9662d16caadbd913:0xf4e8696dcf47dc21!8m2!3d-33.5571101!4d-70.5864892!16s%2Fg%2F11s5b_5mdy!19sChIJE9nbqmzRYpYRIdxHz21p6PQ?authuser=0&hl=es-419&rclk=1","-33.5571101","-70.5864892","La Florida","Metropolitana","Chile","Google Maps web scraping con Playwright","2026-05-22","Parcial","Sí","","","","","","","","","","","","","","","","","aqui e","No","","No","","Restaurante","65","Medio potencial"
"La Caleta de Don Chuma","4.3","249","Av. Vicuña Mackenna 10197, Local 3, La Florida, Región Metropolitana","(2) 2614 5107","","Restaurante","https://www.google.com/maps/place/La+Caleta+de+Don+Chuma/data=!4m7!3m6!1s0x9662d0c521288777:0x43817670a73eee44!8m2!3d-33.551873!4d-70.587242!16s%2Fg%2F11ddxvpj91!19sChIJd4coIcXQYpYRRO4-p3B2gUM?authuser=0&hl=es-419&rclk=1","-33.551873","-70.587242","La Florida","Metropolitana","Chile","Google Maps web scraping con Playwright","2026-05-22","Parcial","Sí","","","","","","","","","","","","","","","","","la caleta de don chuma","Sí","la caleta","No","","Restaurante","67","Medio potencial"
"Restaurant La Abuely","4.0","563","Av. Vicuña Mackenna 9987, 8250721 La Florida, Región Metropolitana","9 3696 6118","","Restaurante","https://www.google.com/maps/place/Restaurant+La+Abuely/data=!4m7!3m6!1s0x9662d0c49efb8c47:0xaab136974c576b03!8m2!3d-33.5491741!4d-70.5876885!16s%2Fg%2F11g6yz_6gb!19sChIJR4z7nsTQYpYRA2tXTJc2sao?authuser=0&hl=es-419&rclk=1","-33.5491741","-70.5876885","La Florida","Metropolitana","Chile","Google Maps web scraping con Playwright","2026-05-22","Parcial","Sí","","","","","","","","","","","","","","","","","la abuely","No","","No","","Restaurante","68","Medio potencial"
"MEGA AJISECO LA FLORIDA 8961","4.5","30","Av. La Florida 8961, 8241429 La Florida, Región Metropolitana","9 3104 6615","http://www.elajiseco.cl/","Restaurante peruano","https://www.google.com/maps/place/MEGA+AJISECO+LA+FLORIDA+8961/data=!4m7!3m6!1s0x9662d1942458681b:0x2af542540066ebdd!8m2!3d-33.5332063!4d-70.5748729!16s%2Fg%2F11tf8gq63b!19sChIJG2hYJJTRYpYR3etmAFRC9So?authuser=0&hl=es-419&rclk=1","-33.5332063","-70.5748729","La Florida","Metropolitana","Chile","Google Maps web scraping con Playwright","2026-05-22","Completo","Sí","","","","","","","","","","","","","","","","","mega ajiseco 8961","No","","No","","Restaurante","75","Medio potencial"
"El Estribo","4.7","209","Manutara 10606, 8310024 La Florida, Región Metropolitana","(2) 3341 7737","","Restaurante","https://www.google.com/maps/place/El+Estribo/@-33.5559548,-70.5917283,17z/data=!3m1!4b1!4m6!3m5!1s0x9662d133b394bd4f:0xcb13d2321151ca64!8m2!3d-33.5559548!4d-70.5917283!16s%2Fg%2F11g_y5k1md?authuser=0&hl=es-419&entry=ttu&g_ep=EgoyMDI2MDUxNy4wIKXMDSoASAFQAw%3D%3D","-33.5559548","-70.5917283","La Florida","Metropolitana","Chile","Google Maps web scraping con Playwright","2026-05-22","Parcial","Sí","","","","","","","","","","","","","","","","","el estribo","No","","No","","Restaurante","69","Medio potencial"
"La Cocina de Gaby","4.4","594","Sta. Amalia 1396, 8240000 La Florida, Región Metropolitana","(41) 313 4529","http://www.lacocinadegaby.com/","Restaurante","https://www.google.com/maps/place/La+Cocina+de+Gaby/@-33.5435071,-70.5719253,17z/data=!3m1!4b1!4m6!3m5!1s0x9662d1312d6c5fb1:0xb634a6553cf6c978!8m2!3d-33.5435071!4d-70.5719253!16s%2Fg%2F11flkghtz_?authuser=0&hl=es-419&entry=ttu&g_ep=EgoyMDI2MDUxNy4wIKXMDSoASAFQAw%3D%3D","-33.5435071","-70.5719253","La Florida","Metropolitana","Chile","Google Maps web scraping con Playwright","2026-05-22","Completo","Sí","","","","","","","","","","","","","","","","","la cocina de gaby","No","","No","","Restaurante","85","Alto potencial"
"Sabrosura","3.7","15","Av. San José de la Estrella 22, parad.23, 8310006 La Florida, Región Metropolitana","","","Hamburguesería","https://www.google.com/maps/place/Sabrosura/@-33.5532399,-70.5861815,17z/data=!3m1!4b1!4m6!3m5!1s0x9662d1007e1676b7:0x4631cc0815cc56f7!8m2!3d-33.5532399!4d-70.5861815!16s%2Fg%2F11vr289qz6?authuser=0&hl=es-419&entry=ttu&g_ep=EgoyMDI2MDUxNy4wIKXMDSoASAFQAw%3D%3D","-33.5532399","-70.5861815","La Florida","Metropolitana","Chile","Google Maps web scraping con Playwright","2026-05-22","Sin teléfono","No","","","","","","","","","","","","","","","","Revisar: parece hamburgueseria; Sin teléfono visible","sabrosura","No","","No","","Fast Food","36","Bajo potencial"
"Chinito Dice","4.6","518","Av. Vicuña Mackenna 10197, La Florida, Región Metropolitana","(2) 2282 0462","https://flow.page/chinitodice?fbclid=PAZXh0bgNhZW0CMTEAAaaxsw8mGik9E_eBiWJJOUPh7fVcb24HKNgnD4W8RLzQupuUashdMyEfy9w_aem_Mo-6t576wmaFeoljx0EUHw","Restaurante chino","https://www.google.com/maps/place/Chinito+Dice/data=!4m7!3m6!1s0x9662d0001977171d:0x967b231f539179fd!8m2!3d-33.5518725!4d-70.5872416!16s%2Fg%2F1thw7yhn!19sChIJHRd3GQDQYpYR_XmRUx8je5Y?authuser=0&hl=es-419&rclk=1","-33.5518725","-70.5872416","La Florida","Metropolitana","Chile","Google Maps web scraping con Playwright","2026-05-22","Completo","Sí","","","","","","","","","","","","","","","","","chinito dice","No","","No","","Restaurante","86","Alto potencial"
"El Zócalo Cocina Mexicana - La Florida","4.1","309","Enrique Olivares 3189, 8290305 La Florida, Región Metropolitana","9 4543 7001","http://www.elzocalo.cl/","Restaurante","https://www.google.com/maps/place/El+Z%C3%B3calo+Cocina+Mexicana+-+La+Florida/@-33.5400067,-70.5596077,17z/data=!3m1!4b1!4m6!3m5!1s0x9662d1be294a7d55:0xaab20e8c6b122a8c!8m2!3d-33.5400067!4d-70.5596077!16s%2Fg%2F11rpczx24q?authuser=0&hl=es-419&entry=ttu&g_ep=EgoyMDI2MDUxNy4wIKXMDSoASAFQAw%3D%3D","-33.5400067","-70.5596077","La Florida","Metropolitana","Chile","Google Maps web scraping con Playwright","2026-05-22","Completo","Sí","","","","","","","","","","","","","","","","","el zocalo cocina mexicana","Sí","el zocalo","Sí","DUP-004","Restaurante","80","Alto potencial"
"Sabor X2 La Florida","4.6","429","Serafín Zamora 87, 8240000 La Florida, Región Metropolitana","9 2205 1954","http://www.saborx2.cl/","Restaurante","https://www.google.com/maps/place/Sabor+X2+La+Florida/data=!4m7!3m6!1s0x9662d1eb98d949d3:0xed7775e8b16f208!8m2!3d-33.5205823!4d-70.5995334!16s%2Fg%2F11vlxfg6nt!19sChIJ00nZmOvRYpYRCPIWi1531w4?authuser=0&hl=es-419&rclk=1","-33.5205823","-70.5995334","La Florida","Metropolitana","Chile","Google Maps web scraping con Playwright","2026-05-22","Completo","Sí","","","","","","","","","","","","","","","","","sabor x2","No","","No","","Restaurante","85","Alto potencial"
"12 Food, La Florida","4.4","89","Perú 10047, 8240000 La Florida, Región Metropolitana","9 5467 2148","https://www.instagram.com/12foodlaflorida/?hl=es-la","Restaurante","https://www.google.com/maps/place/12+Food,+La+Florida/data=!4m7!3m6!1s0x9662d109cd97fa03:0x2c1e122440b54e76!8m2!3d-33.5486896!4d-70.5831831!16s%2Fg%2F11rwmftnj8!19sChIJA_qXzQnRYpYRdk61QCQSHiw?authuser=0&hl=es-419&rclk=1","-33.5486896","-70.5831831","La Florida","Metropolitana","Chile","Google Maps web scraping con Playwright","2026-05-22","Completo","Sí","","","","","","","","","","","","","","","","","12 food","No","","No","","Restaurante","78","Alto potencial"
"El Hoyo","4.4","349","Froilán Roa 7205, 8240000 La Florida, Región Metropolitana","9 4790 0994","https://elhoyo1912.cl/","Restaurante chileno","https://www.google.com/maps/place/El+Hoyo/data=!4m7!3m6!1s0x9662d1cf3385455d:0xe395a204c2c76415!8m2!3d-33.5171712!4d-70.5972765!16s%2Fg%2F11sv720cml!19sChIJXUWFM8_RYpYRFWTHwgSileM?authuser=0&hl=es-419&rclk=1","-33.5171712","-70.5972765","La Florida","Metropolitana","Chile","Google Maps web scraping con Playwright","2026-05-22","Completo","Sí","","","","","","","","","","","","","","","","","el hoyo","No","","No","","Restaurante","83","Alto potencial"
"Nagai Sushi La Florida","4.5","115","Av. Vicuña Mackenna Ote. 10706, 8301163 Santiago, La Florida, Región Metropolitana","(2) 2891 8862","","Restaurante de sushi","https://www.google.com/maps/place/Nagai+Sushi+La+Florida/@-33.556756,-70.5856981,17z/data=!3m1!4b1!4m6!3m5!1s0x9662d0d1d48d902d:0x1e19b02ad00dc61a!8m2!3d-33.556756!4d-70.5856981!16s%2Fg%2F11c37lv_gl?authuser=0&hl=es-419&entry=ttu&g_ep=EgoyMDI2MDUxNy4wIKXMDSoASAFQAw%3D%3D","-33.556756","-70.5856981","La Florida","Metropolitana","Chile","Google Maps web scraping con Playwright","2026-05-22","Parcial","Sí","","","","","","","","","","","","","","","","","nagai sushi","No","","No","","Restaurante","66","Medio potencial"
"Brasas Curicó","4.5","449","A Zapallar 4, Kilometro 0, Curicó, Maule","9 4267 3356","http://www.brasascurico.cl/","Restaurante","https://www.google.com/maps/place/Brasas+Curic%C3%B3/@-34.9867054,-71.2130128,17z/data=!3m1!4b1!4m6!3m5!1s0x9664570112b48ed1:0xa16e8c9d8e070ab6!8m2!3d-34.9867054!4d-71.2130128!16s%2Fg%2F11s0w28p80?authuser=0&hl=es-419&entry=ttu&g_ep=EgoyMDI2MDUxNy4wIKXMDSoASAFQAw%3D%3D","-34.9867054","-71.2130128","Curicó","Maule","Chile","Google Maps web scraping con Playwright","2026-05-22","Completo","Sí","","","","","","","","","","","","","","","","","brasas","No","","No","","Restaurante","85","Alto potencial"
"Restaurant Fuego Bendito","4.5","72","Av. España 280, 3341845 Curicó, Maule","(75) 231 7697","https://restaurantefuegobendito.cl/","Bar restaurante","https://www.google.com/maps/place/Restaurant+Fuego+Bendito/data=!4m7!3m6!1s0x966457afd9136567:0xc43479034c42c4be!8m2!3d-34.9863974!4d-71.2301915!16s%2Fg%2F11c1xj9rk_!19sChIJZ2UT2a9XZJYRvsRCTAN5NMQ?authuser=0&hl=es-419&rclk=1","-34.9863974","-71.2301915","Curicó","Maule","Chile","Google Maps web scraping con Playwright","2026-05-22","Completo","Sí","","","","","","","","","","","","","","","","","fuego bendito","No","","No","","Bar/Pub","78","Alto potencial"
"Bom Burger Chile","4.9","574","Av. Manso de Velasco 466, 3340000 Curicó, Maule","9 2083 5627","","Restaurante","https://www.google.com/maps/place/Bom+Burger+Chile/@-34.9858465,-71.2334531,17z/data=!3m1!4b1!4m6!3m5!1s0x966457da626bba87:0xfe36f8dfbdec3664!8m2!3d-34.9858465!4d-71.2334531!16s%2Fg%2F11sh5q1j7g?authuser=0&hl=es-419&entry=ttu&g_ep=EgoyMDI2MDUxNy4wIKXMDSoASAFQAw%3D%3D","-34.9858465","-71.2334531","Curicó","Maule","Chile","Google Maps web scraping con Playwright","2026-05-22","Parcial","Sí","","","","","","","","","","","","","","","","","bom burger","No","","No","","Fast Food","74","Medio potencial"
"Trattoria La Pasta","4.7","295","Carrera 121, 3341737 Curicó, Maule","9 9093 9820","https://cartas.horecaqr.com/c/trattorialapasta","Restaurante","https://www.google.com/maps/place/Trattoria+La+Pasta/data=!4m7!3m6!1s0x966457d4b38ed84f:0x20a5ccbbc8917921!8m2!3d-34.9851392!4d-71.231846!16s%2Fg%2F11h41w0vc3!19sChIJT9iOs9RXZJYRIXmRyLvMpSA?authuser=0&hl=es-419&rclk=1","-34.9851392","-71.231846","Curicó","Maule","Chile","Google Maps web scraping con Playwright","2026-05-22","Completo","Sí","","","","","","","","","","","","","","","","","trattoria la pasta","No","","No","","Restaurante","85","Alto potencial"
"Restaurante Fuente Curicana","4.6","216","Longitudinal sur km 191, 3340000 Curicó, Maule","","","Restaurante","https://www.google.com/maps/place/Restaurante+Fuente+Curicana/@-34.9884756,-71.2225595,17z/data=!3m1!4b1!4m6!3m5!1s0x9664f956f788b27b:0xbc81ea1f8e364bd2!8m2!3d-34.9884756!4d-71.2225595!16s%2Fg%2F11k58cxts2?authuser=0&hl=es-419&entry=ttu&g_ep=EgoyMDI2MDUxNy4wIKXMDSoASAFQAw%3D%3D","-34.9884756","-71.2225595","Curicó","Maule","Chile","Google Maps web scraping con Playwright","2026-05-22","Sin teléfono","Sí","","","","","","","","","","","","","","","","Sin teléfono visible","fuente curicana","No","","No","","Restaurante","55","Medio potencial"
"Soler Curicó","4.5","55","Longitudinal Sur KM. 189, Curicó, Romeral, Maule","(75) 254 5580","http://www.soler.cl/","Restaurante","https://www.google.com/maps/place/Soler+Curic%C3%B3/data=!4m7!3m6!1s0x966457c4fef73273:0xfea3825c6c785eed!8m2!3d-34.978038!4d-71.2066912!16s%2Fg%2F11cjj6q9kb!19sChIJczL3_sRXZJYR7V54bFyCo_4?authuser=0&hl=es-419&rclk=1","-34.978038","-71.2066912","Curicó","Maule","Chile","Google Maps web scraping con Playwright","2026-05-22","Completo","Sí","","","","","","","","","","","","","","","","","soler","No","","No","","Restaurante","77","Medio potencial"
"Milenario Restaurante","4.6","114","Merced 150, 3340001 Curicó, Maule","9 8148 9132","","Restaurante peruano","https://www.google.com/maps/place/Milenario+Restaurante/data=!4m7!3m6!1s0x96645783fd458cbb:0x44f6dfab4b45c6d5!8m2!3d-34.9846867!4d-71.2367248!16s%2Fg%2F11vr1d1ll3!19sChIJu4xF_YNXZJYR1cZFS6vf9kQ?authuser=0&hl=es-419&rclk=1","-34.9846867","-71.2367248","Curicó","Maule","Chile","Google Maps web scraping con Playwright","2026-05-22","Parcial","Sí","","","","","","","","","","","","","","","","","milenario","No","","No","","Restaurante","66","Medio potencial"
"Restaurant Zhong yi","4.5","628","Av. Camilo Henríquez 380, 3341582 Curicó, Maule","(75) 232 8168","","Restaurante","https://www.google.com/maps/place/Restaurant+Zhong+yi/data=!4m7!3m6!1s0x96645709f83c55c9:0x5ee599a7c239913d!8m2!3d-34.98144!4d-71.2403999!16s%2Fg%2F11c60jqq9t!19sChIJyVU8-AlXZJYRPZE5wqeZ5V4?authuser=0&hl=es-419&rclk=1","-34.98144","-71.2403999","Curicó","Maule","Chile","Google Maps web scraping con Playwright","2026-05-22","Parcial","Sí","","","","","","","","","","","","","","","","","zhong yi","No","","No","","Restaurante","72","Medio potencial"
"Perutaly","4.4","502","Las Heras 423, Curicó, Maule","(2) 2881 4480","","Restaurante","https://www.google.com/maps/place/Perutaly/@-34.9861375,-71.23123,17z/data=!3m1!4b1!4m6!3m5!1s0x966457150240d92d:0x732072fd0c537ae4!8m2!3d-34.9861375!4d-71.23123!16s%2Fg%2F11h3lfbcb5?authuser=0&hl=es-419&entry=ttu&g_ep=EgoyMDI2MDUxNy4wIKXMDSoASAFQAw%3D%3D","-34.9861375","-71.23123","Curicó","Maule","Chile","Google Maps web scraping con Playwright","2026-05-22","Parcial","Sí","","","","","","","","","","","","","","","","","perutaly","No","","No","","Restaurante","70","Medio potencial"
"Rincón Marino","4.5","347","Yungay 21-65, 3342947 Curicó, Maule","9 5185 3311","","Restaurante","https://www.google.com/maps/place/Rinc%C3%B3n+Marino/@-34.9930934,-71.2391405,17z/data=!3m1!4b1!4m6!3m5!1s0x966457aa6d97bb05:0x5f6ed0c99dab5cc5!8m2!3d-34.9930934!4d-71.2391405!16s%2Fg%2F11fxvxg_yt?authuser=0&hl=es-419&entry=ttu&g_ep=EgoyMDI2MDUxNy4wIKXMDSoASAFQAw%3D%3D","-34.9930934","-71.2391405","Curicó","Maule","Chile","Google Maps web scraping con Playwright","2026-05-22","Parcial","Sí","","","","","","","","","","","","","","","","","rincon marino","No","","No","","Restaurante","70","Medio potencial"
"Restaurante Inti Pehuen Curico","4.8","26","Av. Manuel Labra Lillo 350, 3340001 Curicó, Maule","9 2198 7124","https://www.instagram.com/intipehuencurico?igsh=MTkwY2tmZzd0Y3cwMQ==","Restaurante","https://www.google.com/maps/place/Restaurante+Inti+Pehuen+Curico/data=!4m7!3m6!1s0x966457000f16e50d:0x658865810c1db26e!8m2!3d-34.9869479!4d-71.2136668!16s%2Fg%2F11vk4l61n8!19sChIJDeUWDwBXZJYRbrIdDIFliGU?authuser=0&hl=es-419&rclk=1","-34.9869479","-71.2136668","Curicó","Maule","Chile","Google Maps web scraping con Playwright","2026-05-22","Completo","Sí","","","","","","","","","","","","","","","","","inti pehuen","No","","No","","Restaurante","76","Medio potencial"
"Mi Casa Restaurante","4.4","536","Peña 871, 3341566 Curicó, Maule","(75) 274 7095","https://www.facebook.com/Mi-Casa-Restaurante-167038006818879/","Restaurante chileno","https://www.google.com/maps/place/Mi+Casa+Restaurante/@-34.9819444,-71.2419444,17z/data=!3m1!4b1!4m6!3m5!1s0x9664570989291387:0xae7191c028006b89!8m2!3d-34.9819444!4d-71.2419444!16s%2Fg%2F11f08930gz?authuser=0&hl=es-419&entry=ttu&g_ep=EgoyMDI2MDUxNy4wIKXMDSoASAFQAw%3D%3D","-34.9819444","-71.2419444","Curicó","Maule","Chile","Google Maps web scraping con Playwright","2026-05-22","Completo","Sí","","","","","","","","","","","","","","","","","mi casa","No","","No","","Restaurante","85","Alto potencial"
"Lanzas y Fuego","4.3","102","Carrera 171, 3341737 Curicó, Maule","(75) 276 2665","http://www.lanzasyfuego.cl/","Restaurante especializado en barbacoa","https://www.google.com/maps/place/Lanzas+y+Fuego/@-34.9851614,-71.2311832,17z/data=!3m1!4b1!4m6!3m5!1s0x96645797d6a3d403:0x261665aea47f2fe0!8m2!3d-34.9851614!4d-71.2311832!16s%2Fg%2F11kb4rl__6?authuser=0&hl=es-419&entry=ttu&g_ep=EgoyMDI2MDUxNy4wIKXMDSoASAFQAw%3D%3D","-34.9851614","-71.2311832","Curicó","Maule","Chile","Google Maps web scraping con Playwright","2026-05-22","Completo","Sí","","","","","","","","","","","","","","","","","lanzas y fuego","No","","No","","Bar/Pub","78","Alto potencial"
"Andö","4.5","461","Av. España 109, 3340000 Curicó, Maule","(75) 226 0804","","Restaurante","https://www.google.com/maps/place/And%C3%B6/data=!4m7!3m6!1s0x966457af5186b1c3:0xf2d4ea5007c3a253!8m2!3d-34.9861433!4d-71.2290125!16s%2Fg%2F11dxdhgzk4!19sChIJw7GGUa9XZJYRU6LDB1Dq1PI?authuser=0&hl=es-419&rclk=1","-34.9861433","-71.2290125","Curicó","Maule","Chile","Google Maps web scraping con Playwright","2026-05-22","Parcial","Sí","","","","","","","","","","","","","","","","","ando","No","","No","","Restaurante","71","Medio potencial"
"HIKI STREET FOOD","4.9","39","Argomedo 535, 3341862 Curicó, Maule","9 7147 7257","https://www.instagram.com/hiki_street_food/","Restaurante","https://www.google.com/maps/place/HIKI+STREET+FOOD/@-34.987194,-71.2418365,17z/data=!3m1!4b1!4m6!3m5!1s0x9664575bf19b8bf9:0x87934df94f146b1d!8m2!3d-34.987194!4d-71.2418365!16s%2Fg%2F11s1rtmpl9?authuser=0&hl=es-419&entry=ttu&g_ep=EgoyMDI2MDUxNy4wIKXMDSoASAFQAw%3D%3D","-34.987194","-71.2418365","Curicó","Maule","Chile","Google Maps web scraping con Playwright","2026-05-22","Completo","Sí","","","","","","","","","","","","","","","","","hiki street food","No","","No","","Restaurante","78","Alto potencial"
"Restaurant Polinesia","4.3","84","Cam. A Licantén 1455, 3340000 Curicó, Maule","9 7527 5435","https://www.instagram.com/restaurant_polinesia/?igshid=YmMyMTA2M2Y=","Restaurante","https://www.google.com/maps/place/Restaurant+Polinesia/data=!4m7!3m6!1s0x966457711abd2c91:0x32c8d699eabb9281!8m2!3d-34.9770753!4d-71.2550231!16s%2Fg%2F11tdlbm90_!19sChIJkSy9GnFXZJYRgZK76pnWyDI?authuser=0&hl=es-419&rclk=1","-34.9770753","-71.2550231","Curicó","Maule","Chile","Google Maps web scraping con Playwright","2026-05-22","Completo","Sí","","","","","","","","","","","","","","","","","polinesia","No","","No","","Restaurante","77","Medio potencial"
"Restaurant Mi Perú Curicó","4.6","484","yungay 767 Curicó, 3340000 Maule, Curicó, Maule","(75) 234 2987","http://www.miperu.cl/","Restaurante peruano","https://www.google.com/maps/place/Restaurant+Mi+Per%C3%BA+Curic%C3%B3/data=!4m7!3m6!1s0x966457e056870285:0x37b9a0af8159ac3a!8m2!3d-34.9829755!4d-71.2404993!16s%2Fg%2F11h4lcbpfb!19sChIJhQKHVuBXZJYROqxZga-guTc?authuser=0&hl=es-419&rclk=1","-34.9829755","-71.2404993","Curicó","Maule","Chile","Google Maps web scraping con Playwright","2026-05-22","Completo","Sí","","","","","","","","","","","","","","","","","mi peru","No","","No","","Restaurante","86","Alto potencial"
"Restaurante Oveja huasa","4.7","32","Los Olivos 226, 3340000 Curicó, Maule","9 6553 7030","http://www.ovejahuasa.cl/","Restaurante chileno","https://www.google.com/maps/place/Restaurante+Oveja+huasa/data=!4m7!3m6!1s0x966457e1225f383f:0x361e5e6dd7901317!8m2!3d-34.9741027!4d-71.2177091!16s%2Fg%2F11v3sv_834!19sChIJPzhfIuFXZJYRFxOQ121eHjY?authuser=0&hl=es-419&rclk=1","-34.9741027","-71.2177091","Curicó","Maule","Chile","Google Maps web scraping con Playwright","2026-05-22","Completo","Sí","","","","","","","","","","","","","","","","","oveja huasa","No","","No","","Restaurante","76","Medio potencial"
"Teno Sandwich (Romeral)","4.2","57","longitudinal sur km 175 poniente Longitudinal sur, oriente km 185, 3360000 Curicó, Romeral, Maule","9 7997 7753","http://www.tenosandwich.cl/","Restaurante","https://www.google.com/maps/place/Teno+Sandwich+%28Romeral%29/data=!4m7!3m6!1s0x9664f6f55e19d58d:0x3e9f6469045f5d1c!8m2!3d-34.9594937!4d-71.1902941!16s%2Fg%2F11bxf59sbh!19sChIJjdUZXvX2ZJYRHF1fBGlknz4?authuser=0&hl=es-419&rclk=1","-34.9594937","-71.1902941","Curicó","Maule","Chile","Google Maps web scraping con Playwright","2026-05-22","Completo","Sí","","","","","","","","","","","","","","","","Revisar: parece sandwich","teno sandwich romeral","No","","No","","Restaurante","75","Medio potencial"
"Restaurante Pasion Limeña","4.3","329","Villota 639, 8320000 Curicó, Maule","(75) 274 7311","","Restaurante peruano","https://www.google.com/maps/place/Restaurante+Pasion+Lime%C3%B1a/@-34.9884289,-71.2430858,17z/data=!3m1!4b1!4m6!3m5!1s0x96645716d1584e13:0xe23d5c70d69aec44!8m2!3d-34.9884289!4d-71.2430858!16s%2Fg%2F11j3wh0bb1?authuser=0&hl=es-419&entry=ttu&g_ep=EgoyMDI2MDUxNy4wIKXMDSoASAFQAw%3D%3D","-34.9884289","-71.2430858","Curicó","Maule","Chile","Google Maps web scraping con Playwright","2026-05-22","Parcial","Sí","","","","","","","","","","","","","","","","","pasion limena","No","","No","","Restaurante","68","Medio potencial"
"Lungo Restaurante y Cafetería","4.8","154","Av. España 734, 3340000 Curicó, Maule","9 7545 3633","http://lungo.cl/carta-restaurante","Cafetería","https://www.google.com/maps/place/Lungo+Restaurante+y+Cafeter%C3%ADa/@-34.9854289,-71.2250875,17z/data=!3m1!4b1!4m6!3m5!1s0x966457115e8eb7f7:0xde6ecfb1c763127c!8m2!3d-34.9854289!4d-71.2250875!16s%2Fg%2F11y1rvfcl4?authuser=0&hl=es-419&entry=ttu&g_ep=EgoyMDI2MDUxNy4wIKXMDSoASAFQAw%3D%3D","-34.9854289","-71.2250875","Curicó","Maule","Chile","Google Maps web scraping con Playwright","2026-05-22","Completo","No","","","","","","","","","","","","","","","","Revisar: parece cafeteria; Revisar: parece cafe","lungo y cafeteria","No","","No","","Cafetería","79","Bajo potencial"
"Restaurante Peruvian","4.4","97","Av. Amsterdam 1664, 3345659 Curicó, Maule","9 6403 5028","","Restaurante peruano","https://www.google.com/maps/place/Restaurante+Peruvian/@-34.9621278,-71.2022538,17z/data=!3m1!4b1!4m6!3m5!1s0x966457235ce103cf:0x4d0344c3e7ea5eb!8m2!3d-34.9621278!4d-71.2022538!16s%2Fg%2F11nxcdmm76?authuser=0&hl=es-419&entry=ttu&g_ep=EgoyMDI2MDUxNy4wIKXMDSoASAFQAw%3D%3D","-34.9621278","-71.2022538","Curicó","Maule","Chile","Google Maps web scraping con Playwright","2026-05-22","Parcial","Sí","","","","","","","","","","","","","","","","","peruvian","No","","No","","Restaurante","64","Medio potencial"
"La Vizcaya Curicó","5.0","25","Av. España 215, Local 4, 3340000 Curicó, Maule","9 2724 5151","https://www.instagram.com/lavizcaya.curico","Restaurante de cocina española","https://www.google.com/maps/place/La+Vizcaya+Curic%C3%B3/data=!4m7!3m6!1s0x9664576c93ab7fc7:0xd439b67218823c36!8m2!3d-34.9861526!4d-71.2283424!16s%2Fg%2F11xkwk5ydv!19sChIJx3-rk2xXZJYRNjyCGHK2OdQ?authuser=0&hl=es-419&rclk=1","-34.9861526","-71.2283424","Curicó","Maule","Chile","Google Maps web scraping con Playwright","2026-05-22","Completo","Sí","","","","","","","","","","","","","","","","","la vizcaya","No","","No","","Restaurante","77","Medio potencial"
"Ají criollo de Curico","4.6","77","isabel la catolica 392 Curicó, 3343807 Maule, Curicó, Maule","9 7121 5452","","Restaurante","https://www.google.com/maps/place/Aj%C3%AD+criollo+de+Curico/@-34.9852575,-71.2245606,17z/data=!3m1!4b1!4m6!3m5!1s0x966457e42b683f4b:0x9056921874731942!8m2!3d-34.9852575!4d-71.2245606!16s%2Fg%2F11rr5j3jf7?authuser=0&hl=es-419&entry=ttu&g_ep=EgoyMDI2MDUxNy4wIKXMDSoASAFQAw%3D%3D","-34.9852575","-71.2245606","Curicó","Maule","Chile","Google Maps web scraping con Playwright","2026-05-22","Parcial","Sí","","","","","","","","","","","","","","","","","aji criollo de","No","","No","","Restaurante","65","Medio potencial"
"ComoRoble Restaurant","4.7","568","Longitudinal Sur, Curicó, Romeral, Maule","9 9449 1072","","Restaurante","https://www.google.com/maps/place/ComoRoble+Restaurant/@-34.960998,-71.1910314,17z/data=!3m1!4b1!4m6!3m5!1s0x9664f809c6e11b3d:0x887c8c479ee63490!8m2!3d-34.960998!4d-71.1910314!16s%2Fg%2F11f57s2shf?authuser=0&hl=es-419&entry=ttu&g_ep=EgoyMDI2MDUxNy4wIKXMDSoASAFQAw%3D%3D","-34.960998","-71.1910314","Curicó","Maule","Chile","Google Maps web scraping con Playwright","2026-05-22","Parcial","Sí","","","","","","","","","","","","","","","","","comoroble","No","","No","","Restaurante","73","Medio potencial"
"Casa del Barrio","4.7","403","camino a cato 2450, Km 1, 3780000 Chillán, Biobío","9 3375 5272","http://www.casadelbarrio.cl/","Restaurante","https://www.google.com/maps/place/Casa+del+Barrio/@-36.5789187,-72.0512433,17z/data=!3m1!4b1!4m6!3m5!1s0x9668d741f1e7bf11:0xbdbf15c689318ef0!8m2!3d-36.5789187!4d-72.0512433!16s%2Fg%2F11lss72rjz?authuser=0&hl=es-419&entry=ttu&g_ep=EgoyMDI2MDUxNy4wIKXMDSoASAFQAw%3D%3D","-36.5789187","-72.0512433","Chillán","Ñuble","Chile","Google Maps web scraping con Playwright","2026-05-22","Completo","Sí","","","","","","","","","","","","","","","","","casa del barrio","No","","No","","Bar/Pub","86","Alto potencial"
"Bar Prócer","4.9","545","Casino Marina del Sol, 3780000 Chillán, Ñuble","9 5206 6540","http://www.instagram.com/barprocer","Restaurante","https://www.google.com/maps/place/Bar+Pr%C3%B3cer/@-36.5603212,-72.0933141,17z/data=!3m1!4b1!4m6!3m5!1s0x9668d7e46a1c3a9f:0xd4b92823219ba1d0!8m2!3d-36.5603212!4d-72.0933141!16s%2Fg%2F11r_xh1py5?authuser=0&hl=es-419&entry=ttu&g_ep=EgoyMDI2MDUxNy4wIKXMDSoASAFQAw%3D%3D","-36.5603212","-72.0933141","Chillán","Ñuble","Chile","Google Maps web scraping con Playwright","2026-05-22","Completo","Sí","","","","","","","","","","","","","","","","","bar procer","No","","No","","Bar/Pub","88","Alto potencial"
"Onde'l Pala","4.4","26","75, Flores Millán 3, Chillán, Ñuble","9 8421 1799","https://www.facebook.com/ondelpala/","Restaurante","https://www.google.com/maps/place/Onde%27l+Pala/data=!4m7!3m6!1s0x9668d7d32357ba4b:0xcbd450cc8b813db6!8m2!3d-36.6007129!4d-72.0955085!16s%2Fg%2F11clhq9lvn!19sChIJS7pXI9PXaJYRtj2Bi8xQ1Ms?authuser=0&hl=es-419&rclk=1","-36.6007129","-72.0955085","Chillán","Ñuble","Chile","Google Maps web scraping con Playwright","2026-05-22","Completo","Sí","","","","","","","","","","","","","","","","","onde l pala","No","","No","","Restaurante","73","Medio potencial"
"Secretos de la Nona Chillán Casa Matriz Tienda 1","4.7","716","Arauco 937, 3800926 Chillán, Ñuble","9 8573 2009","https://secretosdelanona.cl/","Restaurante","https://www.google.com/maps/place/Secretos+de+la+Nona+Chill%C3%A1n+Casa+Matriz+Tienda+1/data=!4m7!3m6!1s0x96692828f5997465:0x8416716d711296f7!8m2!3d-36.6116984!4d-72.1043029!16s%2Fg%2F11bwqg83gz!19sChIJZXSZ9SgoaZYR95YScW1xFoQ?authuser=0&hl=es-419&rclk=1","-36.6116984","-72.1043029","Chillán","Ñuble","Chile","Google Maps web scraping con Playwright","2026-05-22","Completo","Sí","","","","","","","","","","","","","","","","","secretos de la nona casa matriz tienda 1","No","","No","","Restaurante","88","Alto potencial"
"Restaurant Zasha","4.3","08","Av. Libertad 802, 3780000 Chillán, Ñuble","9 9051 4742","https://zasha.cl/carta/","Restaurante","https://www.google.com/maps/place/Restaurant+Zasha/@-36.6072718,-72.0992526,17z/data=!3m1!4b1!4m6!3m5!1s0x9668d7d5eec972b7:0xfb0866f2c16242a9!8m2!3d-36.6072718!4d-72.0992526!16s%2Fg%2F11f54mczxm?authuser=0&hl=es-419&entry=ttu&g_ep=EgoyMDI2MDUxNy4wIKXMDSoASAFQAw%3D%3D","-36.6072718","-72.0992526","Chillán","Ñuble","Chile","Google Maps web scraping con Playwright","2026-05-22","Completo","Sí","","","","","","","","","","","","","","","","","zasha","No","","No","","Restaurante","68","Medio potencial"
"Fuego Di Vino","4.4","666","Gamero 980, 3800623 Chillán, Ñuble","(42) 243 0900","http://www.fuegodivino.cl/","Restaurante","https://www.google.com/maps/place/Fuego+Di+Vino/@-36.6041503,-72.0951384,17z/data=!3m1!4b1!4m6!3m5!1s0x9668d7d4d0353efb:0x5a23baae07b4f345!8m2!3d-36.6041503!4d-72.0951384!16s%2Fg%2F11b7q5qwbg?authuser=0&hl=es-419&entry=ttu&g_ep=EgoyMDI2MDUxNy4wIKXMDSoASAFQAw%3D%3D","-36.6041503","-72.0951384","Chillán","Ñuble","Chile","Google Maps web scraping con Playwright","2026-05-22","Completo","Sí","","","","","","","","","","","","","","","","","fuego di vino","No","","No","","Restaurante","86","Alto potencial"
"Brote de Primavera","4.7","140","Arturo Prat 415, 3780000 Chillán, Bío Bío","9 4855 5636","","Restaurante","https://www.google.com/maps/place/Brote+de+Primavera/@-36.610358,-72.1070076,17z/data=!3m1!4b1!4m6!3m5!1s0x9668d743b1787749:0x74379625a16cd3fe!8m2!3d-36.610358!4d-72.1070076!16s%2Fg%2F11qyc3f_dy?authuser=0&hl=es-419&entry=ttu&g_ep=EgoyMDI2MDUxNy4wIKXMDSoASAFQAw%3D%3D","-36.610358","-72.1070076","Chillán","Ñuble","Chile","Google Maps web scraping con Playwright","2026-05-22","Parcial","Sí","","","","","","","","","","","","","","","","","brote de primavera","No","","No","","Restaurante","68","Medio potencial"
"Restaurante Pensión Valdés","4.5","99","Maipón 897, Chillán, Ñuble","(42) 222 4312","","Restaurante","https://www.google.com/maps/place/Restaurante+Pensi%C3%B3n+Vald%C3%A9s/data=!4m7!3m6!1s0x9669282bcd0e6601:0x12c9f5813e7913c7!8m2!3d-36.6109309!4d-72.0992906!16s%2Fg%2F11b8_y25r6!19sChIJAWYOzSsoaZYRxxN5PoH1yRI?authuser=0&hl=es-419&rclk=1","-36.6109309","-72.0992906","Chillán","Ñuble","Chile","Google Maps web scraping con Playwright","2026-05-22","Parcial","Sí","","","","","","","","","","","","","","","","","pension valdes","No","","No","","Restaurante","65","Medio potencial"
"Restaurante La Caleta De Tito","4.5","472","Av. Argentina 747, Chillán, Ñuble","(42) 238 4858","","Restaurante","https://www.google.com/maps/place/Restaurante+La+Caleta+De+Tito/data=!4m7!3m6!1s0x966929d4b24978ff:0x56054506a338f247!8m2!3d-36.6117125!4d-72.0939595!16s%2Fg%2F11f03x99wf!19sChIJ_3hJstQpaZYRR_I4owZFBVY?authuser=0&hl=es-419&rclk=1","-36.6117125","-72.0939595","Chillán","Ñuble","Chile","Google Maps web scraping con Playwright","2026-05-22","Parcial","Sí","","","","","","","","","","","","","","","","","la caleta de tito","Sí","la caleta","No","","Restaurante","71","Medio potencial"
"Aay Chabela Restaurant","4.7","844","Arauco 660, 3780000 Chillán, Ñuble","9 3503 9550","https://www.facebook.com/aychabelarestaurant/","Restaurante","https://www.google.com/maps/place/Aay+Chabela+Restaurant/data=!4m7!3m6!1s0x9668d7dea8c4930b:0x2770903794774fc5!8m2!3d-36.6081967!4d-72.1033385!16s%2Fg%2F11f5v7km71!19sChIJC5PEqN7XaJYRxU93lDeQcCc?authuser=0&hl=es-419&rclk=1","-36.6081967","-72.1033385","Chillán","Ñuble","Chile","Google Maps web scraping con Playwright","2026-05-22","Completo","Sí","","","","","","","","","","","","","","","","","aay chabela","No","","No","","Restaurante","89","Alto potencial"
"Vita Wines House, Casa de vinos","4.8","88","Los Mallines 208, 3800146 Chillán, Ñuble","9 9933 2606","https://vitawines.cl/","Restaurante","https://www.google.com/maps/place/Vita+Wines+House,+Casa+de+vinos/@-36.5928329,-72.1037306,17z/data=!3m1!4b1!4m6!3m5!1s0x9668d786459af0b9:0xff81c3a3610f9d43!8m2!3d-36.5928329!4d-72.1037306!16s%2Fg%2F11k9zc5rwv?authuser=0&hl=es-419&entry=ttu&g_ep=EgoyMDI2MDUxNy4wIKXMDSoASAFQAw%3D%3D","-36.5928329","-72.1037306","Chillán","Ñuble","Chile","Google Maps web scraping con Playwright","2026-05-22","Completo","Sí","","","","","","","","","","","","","","","","","vita wines house casa de vinos","No","","No","","Restaurante","81","Alto potencial"
"Restaurant La Abuelita","4.3","433","Flores Millán 1093, 3800061 Chillán, Ñuble","(42) 225 3956","","Restaurante","https://www.google.com/maps/place/Restaurant+La+Abuelita/@-36.5906248,-72.087245,17z/data=!3m1!4b1!4m6!3m5!1s0x9668d79c79fa8b8d:0xee00d9ad405dd3bc!8m2!3d-36.5906248!4d-72.087245!16s%2Fg%2F11spps83kt?authuser=0&hl=es-419&entry=ttu&g_ep=EgoyMDI2MDUxNy4wIKXMDSoASAFQAw%3D%3D","-36.5906248","-72.087245","Chillán","Ñuble","Chile","Google Maps web scraping con Playwright","2026-05-22","Parcial","Sí","","","","","","","","","","","","","","","","","la abuelita","No","","No","","Restaurante","69","Medio potencial"
"Entre Amigos Restobar","4.4","397","Av. Argentina 384, 3780000 Chillán, Ñuble","(42) 231 6137","","Restaurante","https://www.google.com/maps/place/Entre+Amigos+Restobar/data=!4m7!3m6!1s0x966929d560055555:0x230485888c285b29!8m2!3d-36.6070194!4d-72.0927345!16s%2Fg%2F11dxddx27g!19sChIJVVUFYNUpaZYRKVsojIiFBCM?authuser=0&hl=es-419&rclk=1","-36.6070194","-72.0927345","Chillán","Ñuble","Chile","Google Maps web scraping con Playwright","2026-05-22","Parcial","Sí","","","","","","","","","","","","","","","","","entre amigos","No","","No","","Bar/Pub","70","Medio potencial"
"Restaurante 3 Regiones","4.6","277","Av. Argentina 431, 3820572 Chillán, Ñuble","9 6417 7736","","Restaurante peruano","https://www.google.com/maps/place/Restaurante+3+Regiones/data=!4m7!3m6!1s0x9668d757623c17bb:0xf348bc1a5fa133b8!8m2!3d-36.6078265!4d-72.092205!16s%2Fg%2F11qbr9886l!19sChIJuxc8YlfXaJYRuDOhXxq8SPM?authuser=0&hl=es-419&rclk=1","-36.6078265","-72.092205","Chillán","Ñuble","Chile","Google Maps web scraping con Playwright","2026-05-22","Parcial","Sí","","","","","","","","","","","","","","","","","3 regiones","No","","No","","Restaurante","70","Medio potencial"
"Santos Pecadores","4.4","541","Av. Vicente Méndez 275, 3800382 Chillán, Ñuble","9 3955 4067","http://www.santospecadores.cl/","Pub","https://www.google.com/maps/place/Santos+Pecadores/data=!4m7!3m6!1s0x9668d62c40674379:0x67299528f12705e6!8m2!3d-36.600087!4d-72.0898069!16s%2Fg%2F1v5k473t!19sChIJeUNnQCzWaJYR5gUn8SiVKWc?authuser=0&hl=es-419&rclk=1","-36.600087","-72.0898069","Chillán","Ñuble","Chile","Google Maps web scraping con Playwright","2026-05-22","Completo","No","","","","","","","","","","","","","","","","","santos pecadores","No","","No","","Bar/Pub","81","Bajo potencial"
"Restaurant El Chapu","4.4","822","Las Rosas 641, Chillán, Biobío","9 9711 3623","","Restaurante","https://www.google.com/maps/place/Restaurant+El+Chapu/@-36.611892,-72.0821374,17z/data=!3m1!4b1!4m6!3m5!1s0x9669ca19b111c019:0x70fd64e57055940c!8m2!3d-36.611892!4d-72.0821374!16s%2Fg%2F1tgwc36w?authuser=0&hl=es-419&entry=ttu&g_ep=EgoyMDI2MDUxNy4wIKXMDSoASAFQAw%3D%3D","-36.611892","-72.0821374","Chillán","Ñuble","Chile","Google Maps web scraping con Playwright","2026-05-22","Parcial","Sí","","","","","","","","","","","","","","","","","el chapu","No","","No","","Restaurante","72","Medio potencial"
"Volcano Restaurant","4.5","183","Casino marina del sol - Variante Nahueltoro 251, local 2, 3820572 Chillán, Ñuble","9 5827 1755","http://www.volcanorestaurant.cl/","Restaurante","https://www.google.com/maps/place/Volcano+Restaurant/data=!4m7!3m6!1s0x9668d7ba06c77f91:0x6f3eb74ac17461d!8m2!3d-36.5609654!4d-72.0933011!16s%2Fg%2F11k56967tb!19sChIJkX_HBrrXaJYRHUYXrHTr8wY?authuser=0&hl=es-419&rclk=1","-36.5609654","-72.0933011","Chillán","Ñuble","Chile","Google Maps web scraping con Playwright","2026-05-22","Completo","Sí","","","","","","","","","","","","","","","","","volcano","No","","No","","Restaurante","81","Alto potencial"
"Restaurant Punto Limeño","4.5","65","Carrera 148, 3800469 Chillán, Ñuble","9 5400 2625","","Restaurante peruano","https://www.google.com/maps/place/Restaurant+Punto+Lime%C3%B1o/@-36.6011131,-72.1038751,17z/data=!3m1!4b1!4m6!3m5!1s0x9668d7df00000001:0x186a91f217b358e9!8m2!3d-36.6011131!4d-72.1038751!16s%2Fg%2F11c1x38b8j?authuser=0&hl=es-419&entry=ttu&g_ep=EgoyMDI2MDUxNy4wIKXMDSoASAFQAw%3D%3D","-36.6011131","-72.1038751","Chillán","Ñuble","Chile","Google Maps web scraping con Playwright","2026-05-22","Parcial","Sí","","","","","","","","","","","","","","","","","punto limeno","No","","No","","Restaurante","63","Medio potencial"
"Restaurante Sabor a Mar","4.5","289","Francia 207, 3801057 Chillán, Ñuble","(42) 232 8905","","Restaurante","https://www.google.com/maps/place/Restaurante+Sabor+a+Mar/@-36.5967373,-72.1019622,17z/data=!3m1!4b1!4m6!3m5!1s0x9668d7ce40d1aee7:0xcc4e547731967766!8m2!3d-36.5967373!4d-72.1019622!16s%2Fg%2F11c67qwdz6?authuser=0&hl=es-419&entry=ttu&g_ep=EgoyMDI2MDUxNy4wIKXMDSoASAFQAw%3D%3D","-36.5967373","-72.1019622","Chillán","Ñuble","Chile","Google Maps web scraping con Playwright","2026-05-22","Parcial","Sí","","","","","","","","","","","","","","","","","sabor a mar","No","","No","","Restaurante","69","Medio potencial"
"Restaurante Entre Chillán Y Chillán Viejo","4.2","81","Tegualda 11-129, 3790287 Chillán, Ñuble","9 9447 9148","","Restaurante","https://www.google.com/maps/place/Restaurante+Entre+Chill%C3%A1n+Y+Chill%C3%A1n+Viejo/data=!4m7!3m6!1s0x96692819cb16975f:0xc48ff1ace347cf0a!8m2!3d-36.620945!4d-72.1209983!16s%2Fg%2F11c0qgzsyw!19sChIJX5cWyxkoaZYRCs9H46zxj8Q?authuser=0&hl=es-419&rclk=1","-36.620945","-72.1209983","Chillán","Ñuble","Chile","Google Maps web scraping con Playwright","2026-05-22","Parcial","Sí","","","","","","","","","","","","","","","","","entre y viejo","No","","No","","Restaurante","62","Medio potencial"
"Restaurant Arcoiris","4.4","248","El Roble 525, 3800765 Chillán, Ñuble","(42) 228 5704","","Restaurante","https://www.google.com/maps/place/Restaurant+Arcoiris/@-36.6083442,-72.1043306,17z/data=!3m1!4b1!4m6!3m5!1s0x9668d7d7dcc49ab9:0x663ac9fa5680a2af!8m2!3d-36.6083442!4d-72.1043306!16s%2Fg%2F11g8h1h31d?authuser=0&hl=es-419&entry=ttu&g_ep=EgoyMDI2MDUxNy4wIKXMDSoASAFQAw%3D%3D","-36.6083442","-72.1043306","Chillán","Ñuble","Chile","Google Maps web scraping con Playwright","2026-05-22","Parcial","Sí","","","","","","","","","","","","","","","","","arcoiris","No","","No","","Restaurante","68","Medio potencial"
"Casa Pierrot","4.6","149","Cocharcas 786, 3800990 Chillán, Ñuble","","","Restaurante italiano","https://www.google.com/maps/place/Casa+Pierrot/@-36.6131455,-72.1019494,17z/data=!3m1!4b1!4m6!3m5!1s0x96692900415732a3:0x3d2904724e7faefc!8m2!3d-36.6131455!4d-72.1019494!16s%2Fg%2F11vr187ltd?authuser=0&hl=es-419&entry=ttu&g_ep=EgoyMDI2MDUxNy4wIKXMDSoASAFQAw%3D%3D","-36.6131455","-72.1019494","Chillán","Ñuble","Chile","Google Maps web scraping con Playwright","2026-05-22","Sin teléfono","Sí","","","","","","","","","","","","","","","","Sin teléfono visible","casa pierrot","No","","No","","Restaurante","53","Bajo potencial"
"Cassis Mall Arauco Chillán","4.7","171","El Roble 770, Local 14, piso 1, 3800846 Chillán, Ñuble","9 3400 7643","https://cassiscafe.com/","Restaurante","https://www.google.com/maps/place/Cassis+Mall+Arauco+Chill%C3%A1n/data=!4m7!3m6!1s0x9669291a45c5f073:0x7c6e5e884dd1b012!8m2!3d-36.60968!4d-72.1009!16s%2Fg%2F11wr2vrt08!19sChIJc_DFRRopaZYRErDRTYhebnw?authuser=0&hl=es-419&rclk=1","-36.60968","-72.1009","Chillán","Ñuble","Chile","Google Maps web scraping con Playwright","2026-05-22","Completo","Sí","","","","","","","","","","","","","","","","","cassis mall arauco","No","","No","","Restaurante","82","Alto potencial"
